ligne_complete;pattern_trouve
items/2011/05/24/CNRSMH_E_1989_001_001_01.wav;CNRSMH_E_1989_001_001_
items/2011/05/24/CNRSMH_E_1989_001_001_02.wav;CNRSMH_E_1989_001_001_
items/2011/05/24/CNRSMH_E_1989_001_001_03.wav;CNRSMH_E_1989_001_001_
items/2011/05/24/CNRSMH_E_1989_001_001_04.wav;CNRSMH_E_1989_001_001_
items/2011/05/24/CNRSMH_E_1989_001_001_05.wav;CNRSMH_E_1989_001_001_
items/2011/05/24/CNRSMH_E_1989_001_001_06.wav;CNRSMH_E_1989_001_001_
items/2011/05/24/CNRSMH_E_1989_001_001_07.wav;CNRSMH_E_1989_001_001_
items/2011/05/24/CNRSMH_E_1989_001_001_08.wav;CNRSMH_E_1989_001_001_
items/2011/05/24/CNRSMH_E_1989_001_001_09.wav;CNRSMH_E_1989_001_001_
items/2011/05/24/CNRSMH_E_1989_001_001_10.wav;CNRSMH_E_1989_001_001_
items/2011/05/24/CNRSMH_E_1989_001_001_11.wav;CNRSMH_E_1989_001_001_
items/2011/05/24/CNRSMH_E_1989_001_001_12.wav;CNRSMH_E_1989_001_001_
items/2011/05/24/CNRSMH_E_1989_005_001_01.wav;CNRSMH_E_1989_005_001_
items/2011/05/24/CNRSMH_E_1989_005_001_02.wav;CNRSMH_E_1989_005_001_
items/2011/05/24/CNRSMH_E_1989_005_001_03.wav;CNRSMH_E_1989_005_001_
items/2011/05/24/CNRSMH_E_1989_005_001_04.wav;CNRSMH_E_1989_005_001_
items/2011/05/24/CNRSMH_E_1989_005_001_05.wav;CNRSMH_E_1989_005_001_
items/2011/05/24/CNRSMH_E_1989_005_001_06.wav;CNRSMH_E_1989_005_001_
items/2011/05/24/CNRSMH_E_1989_005_001_07.wav;CNRSMH_E_1989_005_001_
items/2011/05/24/CNRSMH_E_1989_005_001_08.wav;CNRSMH_E_1989_005_001_
items/2011/05/24/CNRSMH_E_1989_005_001_09.wav;CNRSMH_E_1989_005_001_
items/2011/05/24/CNRSMH_E_1989_005_002_01.wav;CNRSMH_E_1989_005_002_
items/2011/05/24/CNRSMH_E_1989_005_002_02.wav;CNRSMH_E_1989_005_002_
items/2011/05/24/CNRSMH_E_1989_005_002_03.wav;CNRSMH_E_1989_005_002_
items/2011/05/24/CNRSMH_E_1989_005_002_04.wav;CNRSMH_E_1989_005_002_
items/2011/05/24/CNRSMH_E_1989_005_002_05.wav;CNRSMH_E_1989_005_002_
items/2011/05/24/CNRSMH_E_1989_005_002_06.wav;CNRSMH_E_1989_005_002_
items/2011/05/24/CNRSMH_E_1989_005_002_07.wav;CNRSMH_E_1989_005_002_
items/2011/05/24/CNRSMH_E_1989_005_002_08.wav;CNRSMH_E_1989_005_002_
items/2011/05/24/CNRSMH_E_1989_005_002_09.wav;CNRSMH_E_1989_005_002_
items/2011/05/24/CNRSMH_E_1989_005_002_10.wav;CNRSMH_E_1989_005_002_
items/2011/05/24/CNRSMH_E_1989_005_002_11.wav;CNRSMH_E_1989_005_002_
items/2011/05/24/CNRSMH_E_1989_007_001_01.wav;CNRSMH_E_1989_007_001_
items/2011/05/24/CNRSMH_E_1989_007_001_02.wav;CNRSMH_E_1989_007_001_
items/2011/05/24/CNRSMH_E_1989_007_001_03.wav;CNRSMH_E_1989_007_001_
items/2011/05/24/CNRSMH_E_1989_007_001_04.wav;CNRSMH_E_1989_007_001_
items/2011/05/24/CNRSMH_E_1989_007_001_05.wav;CNRSMH_E_1989_007_001_
items/2011/05/24/CNRSMH_E_1989_007_001_06.wav;CNRSMH_E_1989_007_001_
items/2011/05/24/CNRSMH_E_1989_007_001_07.wav;CNRSMH_E_1989_007_001_
items/2011/05/24/CNRSMH_E_1989_007_001_08.wav;CNRSMH_E_1989_007_001_
items/2011/05/24/CNRSMH_E_1989_007_001_09.wav;CNRSMH_E_1989_007_001_
items/2011/05/24/CNRSMH_E_1990_008_001_01.wav;CNRSMH_E_1990_008_001_
items/2011/05/24/CNRSMH_E_1990_008_001_02.wav;CNRSMH_E_1990_008_001_
items/2011/05/24/CNRSMH_E_1990_008_001_03.wav;CNRSMH_E_1990_008_001_
items/2011/05/24/CNRSMH_E_1990_008_001_04.wav;CNRSMH_E_1990_008_001_
items/2011/05/24/CNRSMH_E_1990_008_001_05.wav;CNRSMH_E_1990_008_001_
items/2011/05/24/CNRSMH_E_1990_008_001_06.wav;CNRSMH_E_1990_008_001_
items/2011/05/24/CNRSMH_E_1990_008_001_07.wav;CNRSMH_E_1990_008_001_
items/2011/05/24/CNRSMH_E_1990_008_001_08.wav;CNRSMH_E_1990_008_001_
items/2011/05/24/CNRSMH_E_1990_008_001_09.wav;CNRSMH_E_1990_008_001_
items/2011/05/24/CNRSMH_E_1990_008_001_10.wav;CNRSMH_E_1990_008_001_
items/2011/05/24/CNRSMH_E_1990_008_001_11.wav;CNRSMH_E_1990_008_001_
items/2011/05/24/CNRSMH_E_1990_008_001_12.wav;CNRSMH_E_1990_008_001_
items/2011/05/24/CNRSMH_E_1990_008_001_13.wav;CNRSMH_E_1990_008_001_
items/2011/05/24/CNRSMH_E_1990_008_001_14.wav;CNRSMH_E_1990_008_001_
items/2011/05/24/CNRSMH_E_1990_014_001_01.wav;CNRSMH_E_1990_014_001_
items/2011/05/24/CNRSMH_E_1990_014_001_02.wav;CNRSMH_E_1990_014_001_
items/2011/05/24/CNRSMH_E_1990_014_001_03.wav;CNRSMH_E_1990_014_001_
items/2011/05/24/CNRSMH_E_1990_014_001_04.wav;CNRSMH_E_1990_014_001_
items/2011/05/24/CNRSMH_E_1990_014_001_05.wav;CNRSMH_E_1990_014_001_
items/2011/05/24/CNRSMH_E_1990_014_001_06.wav;CNRSMH_E_1990_014_001_
items/2011/05/24/CNRSMH_E_1990_014_001_07.wav;CNRSMH_E_1990_014_001_
items/2011/05/24/CNRSMH_E_1990_014_001_08.wav;CNRSMH_E_1990_014_001_
items/2011/05/24/CNRSMH_E_1990_014_001_09.wav;CNRSMH_E_1990_014_001_
items/2011/05/24/CNRSMH_E_1990_014_001_10.wav;CNRSMH_E_1990_014_001_
items/2011/05/24/CNRSMH_E_1990_014_001_11.wav;CNRSMH_E_1990_014_001_
items/2011/05/24/CNRSMH_E_1990_014_001_12.wav;CNRSMH_E_1990_014_001_
items/2011/05/24/CNRSMH_E_1990_014_001_13.wav;CNRSMH_E_1990_014_001_
items/2011/05/24/CNRSMH_E_1990_014_001_14.wav;CNRSMH_E_1990_014_001_
items/2011/05/24/CNRSMH_E_1990_014_001_15.wav;CNRSMH_E_1990_014_001_
items/2011/05/24/CNRSMH_E_1990_014_001_16.wav;CNRSMH_E_1990_014_001_
items/2011/05/24/CNRSMH_E_1990_014_001_17.wav;CNRSMH_E_1990_014_001_
items/2011/05/24/CNRSMH_E_1990_014_001_18.wav;CNRSMH_E_1990_014_001_
items/2011/05/24/CNRSMH_E_1990_014_001_19.wav;CNRSMH_E_1990_014_001_
items/2011/05/24/CNRSMH_E_1990_014_001_20.wav;CNRSMH_E_1990_014_001_
items/2011/05/24/CNRSMH_E_1990_014_001_21.wav;CNRSMH_E_1990_014_001_
items/2011/05/24/CNRSMH_E_1990_014_001_22.wav;CNRSMH_E_1990_014_001_
items/2011/05/24/CNRSMH_E_1990_014_001_23.wav;CNRSMH_E_1990_014_001_
items/2011/05/24/CNRSMH_E_1990_014_001_24.wav;CNRSMH_E_1990_014_001_
items/2011/05/24/CNRSMH_E_1990_014_001_25.wav;CNRSMH_E_1990_014_001_
items/2011/05/24/CNRSMH_E_1990_014_001_26.wav;CNRSMH_E_1990_014_001_
items/2011/05/24/CNRSMH_E_1990_014_001_27.wav;CNRSMH_E_1990_014_001_
items/2011/05/24/CNRSMH_E_1990_014_001_28.wav;CNRSMH_E_1990_014_001_
items/2011/05/24/CNRSMH_E_1990_014_001_29.wav;CNRSMH_E_1990_014_001_
items/2011/05/24/CNRSMH_E_1990_014_001_30.wav;CNRSMH_E_1990_014_001_
items/2011/05/24/CNRSMH_E_1990_014_001_31.wav;CNRSMH_E_1990_014_001_
items/2011/05/24/CNRSMH_E_1990_014_001_32.wav;CNRSMH_E_1990_014_001_
items/2011/05/24/CNRSMH_E_1990_014_001_33.wav;CNRSMH_E_1990_014_001_
items/2011/05/24/CNRSMH_E_1990_014_001_34.wav;CNRSMH_E_1990_014_001_
items/2011/05/24/CNRSMH_E_1990_014_001_35.wav;CNRSMH_E_1990_014_001_
items/2011/05/24/CNRSMH_E_1990_014_001_36.wav;CNRSMH_E_1990_014_001_
items/2011/05/24/CNRSMH_E_1990_014_002_01.wav;CNRSMH_E_1990_014_002_
items/2011/05/24/CNRSMH_E_1990_014_002_02.wav;CNRSMH_E_1990_014_002_
items/2011/05/24/CNRSMH_E_1990_014_002_03.wav;CNRSMH_E_1990_014_002_
items/2011/05/24/CNRSMH_E_1990_014_002_04.wav;CNRSMH_E_1990_014_002_
items/2011/05/24/CNRSMH_E_1990_014_002_05.wav;CNRSMH_E_1990_014_002_
items/2011/05/24/CNRSMH_E_1990_014_002_06.wav;CNRSMH_E_1990_014_002_
items/2011/05/24/CNRSMH_E_1990_014_002_07.wav;CNRSMH_E_1990_014_002_
items/2011/05/24/CNRSMH_E_1990_014_002_08.wav;CNRSMH_E_1990_014_002_
items/2011/05/24/CNRSMH_E_1990_014_002_09.wav;CNRSMH_E_1990_014_002_
items/2011/05/24/CNRSMH_E_1990_014_002_10.wav;CNRSMH_E_1990_014_002_
items/2011/05/24/CNRSMH_E_1990_014_002_11.wav;CNRSMH_E_1990_014_002_
items/2011/05/24/CNRSMH_E_1990_014_002_12.wav;CNRSMH_E_1990_014_002_
items/2011/05/24/CNRSMH_E_1990_014_002_13.wav;CNRSMH_E_1990_014_002_
items/2011/05/24/CNRSMH_E_1990_014_002_14.wav;CNRSMH_E_1990_014_002_
items/2011/05/24/CNRSMH_E_1990_014_002_15.wav;CNRSMH_E_1990_014_002_
items/2011/05/24/CNRSMH_E_1990_014_002_16.wav;CNRSMH_E_1990_014_002_
items/2011/05/24/CNRSMH_E_1990_014_002_17.wav;CNRSMH_E_1990_014_002_
items/2011/05/24/CNRSMH_E_1990_014_002_18.wav;CNRSMH_E_1990_014_002_
items/2011/05/24/CNRSMH_E_1990_014_002_19.wav;CNRSMH_E_1990_014_002_
items/2011/05/24/CNRSMH_E_1990_014_002_20.wav;CNRSMH_E_1990_014_002_
items/2011/05/24/CNRSMH_E_1990_014_002_21.wav;CNRSMH_E_1990_014_002_
items/2011/05/24/CNRSMH_E_1990_014_002_22.wav;CNRSMH_E_1990_014_002_
items/2011/05/24/CNRSMH_E_1990_014_002_23.wav;CNRSMH_E_1990_014_002_
items/2011/05/24/CNRSMH_E_1990_014_002_24.wav;CNRSMH_E_1990_014_002_
items/2011/05/24/CNRSMH_E_1990_014_002_25.wav;CNRSMH_E_1990_014_002_
items/2011/05/24/CNRSMH_E_1990_014_003_01.wav;CNRSMH_E_1990_014_003_
items/2011/05/24/CNRSMH_E_1990_014_003_02.wav;CNRSMH_E_1990_014_003_
items/2011/05/24/CNRSMH_E_1990_014_003_03.wav;CNRSMH_E_1990_014_003_
items/2011/05/24/CNRSMH_E_1990_014_003_04.wav;CNRSMH_E_1990_014_003_
items/2011/05/24/CNRSMH_E_1990_014_003_05.wav;CNRSMH_E_1990_014_003_
items/2011/05/24/CNRSMH_E_1990_014_003_06.wav;CNRSMH_E_1990_014_003_
items/2011/05/24/CNRSMH_E_1990_014_003_07.wav;CNRSMH_E_1990_014_003_
items/2011/05/24/CNRSMH_E_1990_014_003_08.wav;CNRSMH_E_1990_014_003_
items/2011/05/24/CNRSMH_E_1990_014_003_09.wav;CNRSMH_E_1990_014_003_
items/2011/05/24/CNRSMH_E_1990_014_004_01.wav;CNRSMH_E_1990_014_004_
items/2011/05/24/CNRSMH_E_1990_014_004_02.wav;CNRSMH_E_1990_014_004_
items/2011/05/24/CNRSMH_E_1990_014_004_03.wav;CNRSMH_E_1990_014_004_
items/2011/05/24/CNRSMH_E_1990_014_004_04.wav;CNRSMH_E_1990_014_004_
items/2011/05/24/CNRSMH_E_1990_014_004_05.wav;CNRSMH_E_1990_014_004_
items/2011/05/24/CNRSMH_E_1990_014_004_06.wav;CNRSMH_E_1990_014_004_
items/2011/05/24/CNRSMH_E_1990_014_004_07.wav;CNRSMH_E_1990_014_004_
items/2011/05/24/CNRSMH_E_1990_014_004_08.wav;CNRSMH_E_1990_014_004_
items/2011/05/24/CNRSMH_E_1990_014_004_09.wav;CNRSMH_E_1990_014_004_
items/2011/05/24/CNRSMH_E_1990_014_004_10.wav;CNRSMH_E_1990_014_004_
items/2011/05/24/CNRSMH_E_1990_014_004_11.wav;CNRSMH_E_1990_014_004_
items/2011/05/24/CNRSMH_E_1990_014_004_12.wav;CNRSMH_E_1990_014_004_
items/2011/05/24/CNRSMH_E_1990_014_004_13.wav;CNRSMH_E_1990_014_004_
items/2011/05/24/CNRSMH_E_1990_014_004_14.wav;CNRSMH_E_1990_014_004_
items/2011/05/24/CNRSMH_E_1990_014_004_15.wav;CNRSMH_E_1990_014_004_
items/2011/05/24/CNRSMH_E_1990_014_004_16.wav;CNRSMH_E_1990_014_004_
items/2011/05/24/CNRSMH_E_1990_014_004_17.wav;CNRSMH_E_1990_014_004_
items/2011/05/24/CNRSMH_E_1990_014_004_18.wav;CNRSMH_E_1990_014_004_
items/2011/05/24/CNRSMH_E_1990_014_005_01.wav;CNRSMH_E_1990_014_005_
items/2011/05/24/CNRSMH_E_1990_014_005_02.wav;CNRSMH_E_1990_014_005_
items/2011/05/24/CNRSMH_E_1990_014_005_03.wav;CNRSMH_E_1990_014_005_
items/2011/05/24/CNRSMH_E_1990_014_005_04.wav;CNRSMH_E_1990_014_005_
items/2011/05/24/CNRSMH_E_1990_014_005_05.wav;CNRSMH_E_1990_014_005_
items/2011/05/24/CNRSMH_E_1990_014_005_06.wav;CNRSMH_E_1990_014_005_
items/2011/05/24/CNRSMH_E_1990_014_005_07.wav;CNRSMH_E_1990_014_005_
items/2011/05/24/CNRSMH_E_1990_014_007_01.wav;CNRSMH_E_1990_014_007_
items/2011/05/24/CNRSMH_E_1990_014_007_02.wav;CNRSMH_E_1990_014_007_
items/2011/05/24/CNRSMH_E_1990_014_007_03.wav;CNRSMH_E_1990_014_007_
items/2011/05/24/CNRSMH_E_1990_014_007_04.wav;CNRSMH_E_1990_014_007_
items/2011/05/24/CNRSMH_E_1990_014_007_05.wav;CNRSMH_E_1990_014_007_
items/2011/05/24/CNRSMH_E_1990_014_007_06.wav;CNRSMH_E_1990_014_007_
items/2011/05/24/CNRSMH_E_1990_014_007_07.wav;CNRSMH_E_1990_014_007_
items/2011/05/24/CNRSMH_E_1990_014_007_08.wav;CNRSMH_E_1990_014_007_
items/2011/05/24/CNRSMH_E_1990_014_007_09.wav;CNRSMH_E_1990_014_007_
items/2011/05/24/CNRSMH_E_1990_014_007_10.wav;CNRSMH_E_1990_014_007_
items/2011/05/24/CNRSMH_E_1990_014_007_11.wav;CNRSMH_E_1990_014_007_
items/2011/05/24/CNRSMH_E_1990_014_007_12.wav;CNRSMH_E_1990_014_007_
items/2011/05/24/CNRSMH_E_1990_014_007_13.wav;CNRSMH_E_1990_014_007_
items/2011/05/24/CNRSMH_E_1990_014_007_14.wav;CNRSMH_E_1990_014_007_
items/2011/05/24/CNRSMH_E_1990_014_007_15.wav;CNRSMH_E_1990_014_007_
items/2011/05/24/CNRSMH_E_1990_014_007_16.wav;CNRSMH_E_1990_014_007_
items/2011/05/24/CNRSMH_E_1990_014_007_17.wav;CNRSMH_E_1990_014_007_
items/2011/05/24/CNRSMH_E_1990_014_008_01.wav;CNRSMH_E_1990_014_008_
items/2011/05/24/CNRSMH_E_1990_014_008_02.wav;CNRSMH_E_1990_014_008_
items/2011/05/24/CNRSMH_E_1990_014_008_03.wav;CNRSMH_E_1990_014_008_
items/2011/05/24/CNRSMH_E_1990_014_008_04.wav;CNRSMH_E_1990_014_008_
items/2011/05/24/CNRSMH_E_1990_014_008_05.wav;CNRSMH_E_1990_014_008_
items/2011/05/24/CNRSMH_E_1990_014_008_06.wav;CNRSMH_E_1990_014_008_
items/2011/05/24/CNRSMH_E_1990_014_008_07.wav;CNRSMH_E_1990_014_008_
items/2011/05/24/CNRSMH_E_1990_014_008_08.wav;CNRSMH_E_1990_014_008_
items/2011/05/24/CNRSMH_E_1990_014_008_09.wav;CNRSMH_E_1990_014_008_
items/2011/05/24/CNRSMH_E_1990_014_008_10.wav;CNRSMH_E_1990_014_008_
items/2011/05/24/CNRSMH_E_1990_014_008_11.wav;CNRSMH_E_1990_014_008_
items/2011/05/24/CNRSMH_E_1990_014_008_12.wav;CNRSMH_E_1990_014_008_
items/2011/05/24/CNRSMH_E_1990_014_008_13.wav;CNRSMH_E_1990_014_008_
items/2011/05/24/CNRSMH_E_1990_014_008_14.wav;CNRSMH_E_1990_014_008_
items/2011/05/24/CNRSMH_E_1990_014_008_15.wav;CNRSMH_E_1990_014_008_
items/2011/05/24/CNRSMH_E_1990_014_008_16.wav;CNRSMH_E_1990_014_008_
items/2011/05/24/CNRSMH_E_1990_014_008_17.wav;CNRSMH_E_1990_014_008_
items/2011/05/24/CNRSMH_E_1992_007_001_01.wav;CNRSMH_E_1992_007_001_
items/2011/05/24/CNRSMH_E_1992_007_001_02.wav;CNRSMH_E_1992_007_001_
items/2011/05/24/CNRSMH_E_1992_007_001_03.wav;CNRSMH_E_1992_007_001_
items/2011/05/24/CNRSMH_E_1992_007_001_04.wav;CNRSMH_E_1992_007_001_
items/2011/05/24/CNRSMH_E_1992_007_001_05.wav;CNRSMH_E_1992_007_001_
items/2011/05/24/CNRSMH_E_1992_007_001_06.wav;CNRSMH_E_1992_007_001_
items/2011/05/24/CNRSMH_E_1992_007_001_07.wav;CNRSMH_E_1992_007_001_
items/2011/05/24/CNRSMH_E_1992_007_001_08.wav;CNRSMH_E_1992_007_001_
items/2011/05/24/CNRSMH_E_1992_007_001_09.wav;CNRSMH_E_1992_007_001_
items/2011/05/24/CNRSMH_E_1992_007_001_10.wav;CNRSMH_E_1992_007_001_
items/2011/05/24/CNRSMH_E_1992_007_001_11.wav;CNRSMH_E_1992_007_001_
items/2011/05/24/CNRSMH_E_1992_007_001_12.wav;CNRSMH_E_1992_007_001_
items/2011/05/24/CNRSMH_E_1992_007_001_13.wav;CNRSMH_E_1992_007_001_
items/2011/05/24/CNRSMH_E_1992_007_001_14.wav;CNRSMH_E_1992_007_001_
items/2011/05/24/CNRSMH_E_1992_007_002_01.wav;CNRSMH_E_1992_007_002_
items/2011/05/24/CNRSMH_E_1992_007_002_02.wav;CNRSMH_E_1992_007_002_
items/2011/05/24/CNRSMH_E_1992_007_002_03.wav;CNRSMH_E_1992_007_002_
items/2011/05/24/CNRSMH_E_1992_007_002_04.wav;CNRSMH_E_1992_007_002_
items/2011/05/24/CNRSMH_E_1992_007_002_05.wav;CNRSMH_E_1992_007_002_
items/2011/05/24/CNRSMH_E_1992_007_002_06.wav;CNRSMH_E_1992_007_002_
items/2011/05/24/CNRSMH_E_1992_007_002_07.wav;CNRSMH_E_1992_007_002_
items/2011/05/24/CNRSMH_E_1992_007_002_08.wav;CNRSMH_E_1992_007_002_
items/2011/05/24/CNRSMH_E_1992_007_002_09.wav;CNRSMH_E_1992_007_002_
items/2011/05/24/CNRSMH_E_1992_007_002_10.wav;CNRSMH_E_1992_007_002_
items/2011/05/24/CNRSMH_E_1992_007_002_11.wav;CNRSMH_E_1992_007_002_
items/2011/05/24/CNRSMH_E_1992_007_002_12.wav;CNRSMH_E_1992_007_002_
items/2011/05/24/CNRSMH_E_1992_007_002_13.wav;CNRSMH_E_1992_007_002_
items/2011/05/24/CNRSMH_E_1992_007_003_01.wav;CNRSMH_E_1992_007_003_
items/2011/05/24/CNRSMH_E_1992_007_003_02.wav;CNRSMH_E_1992_007_003_
items/2011/05/24/CNRSMH_E_1992_007_003_03.wav;CNRSMH_E_1992_007_003_
items/2011/05/24/CNRSMH_E_1992_007_003_04.wav;CNRSMH_E_1992_007_003_
items/2011/05/24/CNRSMH_E_1992_007_003_05.wav;CNRSMH_E_1992_007_003_
items/2011/05/24/CNRSMH_E_1992_007_003_06.wav;CNRSMH_E_1992_007_003_
items/2011/05/24/CNRSMH_E_1992_007_003_07.wav;CNRSMH_E_1992_007_003_
items/2011/05/24/CNRSMH_E_1992_007_003_08.wav;CNRSMH_E_1992_007_003_
items/2011/05/24/CNRSMH_E_1992_007_003_09.wav;CNRSMH_E_1992_007_003_
items/2011/05/24/CNRSMH_E_1992_007_003_10.wav;CNRSMH_E_1992_007_003_
items/2011/05/24/CNRSMH_E_1992_007_003_11.wav;CNRSMH_E_1992_007_003_
items/2011/05/24/CNRSMH_E_1992_007_003_12.wav;CNRSMH_E_1992_007_003_
items/2011/05/24/CNRSMH_E_1992_007_003_13.wav;CNRSMH_E_1992_007_003_
items/2011/05/24/CNRSMH_E_1992_007_003_14.wav;CNRSMH_E_1992_007_003_
items/2011/05/24/CNRSMH_E_1992_021_001_01.wav;CNRSMH_E_1992_021_001_
items/2011/05/24/CNRSMH_E_1992_021_001_02.wav;CNRSMH_E_1992_021_001_
items/2011/05/24/CNRSMH_E_1992_021_001_03.wav;CNRSMH_E_1992_021_001_
items/2011/05/24/CNRSMH_E_1992_021_001_04.wav;CNRSMH_E_1992_021_001_
items/2011/05/24/CNRSMH_E_1992_021_001_05.wav;CNRSMH_E_1992_021_001_
items/2011/05/24/CNRSMH_E_1992_021_001_06.wav;CNRSMH_E_1992_021_001_
items/2011/05/24/CNRSMH_E_1992_021_001_07.wav;CNRSMH_E_1992_021_001_
items/2011/05/24/CNRSMH_E_1992_021_001_08.wav;CNRSMH_E_1992_021_001_
items/2011/05/24/CNRSMH_E_1992_021_001_09.wav;CNRSMH_E_1992_021_001_
items/2011/05/24/CNRSMH_E_1992_021_001_10.wav;CNRSMH_E_1992_021_001_
items/2011/05/24/CNRSMH_E_1992_021_001_11.wav;CNRSMH_E_1992_021_001_
items/2011/05/24/CNRSMH_E_1992_021_002_01.wav;CNRSMH_E_1992_021_002_
items/2011/05/24/CNRSMH_E_1992_021_002_02.wav;CNRSMH_E_1992_021_002_
items/2011/05/24/CNRSMH_E_1992_021_002_03.wav;CNRSMH_E_1992_021_002_
items/2011/05/24/CNRSMH_E_1992_021_002_04.wav;CNRSMH_E_1992_021_002_
items/2011/05/24/CNRSMH_E_1992_021_002_05.wav;CNRSMH_E_1992_021_002_
items/2011/05/24/CNRSMH_E_1992_021_002_06.wav;CNRSMH_E_1992_021_002_
items/2011/05/24/CNRSMH_E_1992_021_002_07.wav;CNRSMH_E_1992_021_002_
items/2011/05/24/CNRSMH_E_1992_021_002_08.wav;CNRSMH_E_1992_021_002_
items/2011/05/24/CNRSMH_E_1992_021_002_09.wav;CNRSMH_E_1992_021_002_
items/2011/05/24/CNRSMH_E_1992_021_003_01.wav;CNRSMH_E_1992_021_003_
items/2011/05/24/CNRSMH_E_1992_021_003_02.wav;CNRSMH_E_1992_021_003_
items/2011/05/24/CNRSMH_E_1992_021_003_03.wav;CNRSMH_E_1992_021_003_
items/2011/05/24/CNRSMH_E_1992_021_003_04.wav;CNRSMH_E_1992_021_003_
items/2011/05/24/CNRSMH_E_1992_021_003_05.wav;CNRSMH_E_1992_021_003_
items/2011/05/24/CNRSMH_E_1992_021_003_06.wav;CNRSMH_E_1992_021_003_
items/2011/05/24/CNRSMH_E_1992_021_003_07.wav;CNRSMH_E_1992_021_003_
items/2011/05/24/CNRSMH_E_1992_021_003_08.wav;CNRSMH_E_1992_021_003_
items/2011/05/24/CNRSMH_E_1992_021_003_09.wav;CNRSMH_E_1992_021_003_
items/2011/05/24/CNRSMH_E_1992_021_003_10.wav;CNRSMH_E_1992_021_003_
items/2011/05/24/CNRSMH_E_1992_021_003_11.wav;CNRSMH_E_1992_021_003_
items/2011/05/24/CNRSMH_E_1992_021_003_12.wav;CNRSMH_E_1992_021_003_
items/2011/05/24/CNRSMH_E_1992_021_003_13.wav;CNRSMH_E_1992_021_003_
items/2011/05/24/CNRSMH_E_1992_021_003_14.wav;CNRSMH_E_1992_021_003_
items/2011/05/24/CNRSMH_E_1992_021_003_15.wav;CNRSMH_E_1992_021_003_
items/2011/05/24/CNRSMH_E_1992_021_003_16.wav;CNRSMH_E_1992_021_003_
items/2011/05/24/CNRSMH_E_1992_021_003_17.wav;CNRSMH_E_1992_021_003_
items/2011/05/24/CNRSMH_E_1992_021_003_18.wav;CNRSMH_E_1992_021_003_
items/2011/05/24/CNRSMH_E_1992_021_003_19.wav;CNRSMH_E_1992_021_003_
items/2011/05/24/CNRSMH_E_1992_021_003_20.wav;CNRSMH_E_1992_021_003_
items/2011/05/24/CNRSMH_E_1994_002_001_01.wav;CNRSMH_E_1994_002_001_
items/2011/05/24/CNRSMH_E_1994_002_001_02.wav;CNRSMH_E_1994_002_001_
items/2011/05/24/CNRSMH_E_1994_002_001_03.wav;CNRSMH_E_1994_002_001_
items/2011/05/24/CNRSMH_E_1994_002_001_04.wav;CNRSMH_E_1994_002_001_
items/2011/05/24/CNRSMH_E_1994_002_001_05.wav;CNRSMH_E_1994_002_001_
items/2011/05/24/CNRSMH_E_1994_002_001_06.wav;CNRSMH_E_1994_002_001_
items/2011/05/24/CNRSMH_E_1994_002_001_07.wav;CNRSMH_E_1994_002_001_
items/2011/05/24/CNRSMH_E_1994_002_001_08.wav;CNRSMH_E_1994_002_001_
items/2011/05/24/CNRSMH_E_1994_002_001_09.wav;CNRSMH_E_1994_002_001_
items/2011/05/24/CNRSMH_E_1994_002_001_10.wav;CNRSMH_E_1994_002_001_
items/2011/05/24/CNRSMH_E_1994_002_001_11.wav;CNRSMH_E_1994_002_001_
items/2011/05/24/CNRSMH_E_1994_002_001_12.wav;CNRSMH_E_1994_002_001_
items/2011/05/24/CNRSMH_E_1994_002_001_13.wav;CNRSMH_E_1994_002_001_
items/2011/05/24/CNRSMH_E_1994_002_001_14.wav;CNRSMH_E_1994_002_001_
items/2011/05/24/CNRSMH_E_1994_002_001_15.wav;CNRSMH_E_1994_002_001_
items/2011/05/24/CNRSMH_E_1994_002_001_16.wav;CNRSMH_E_1994_002_001_
items/2011/05/24/CNRSMH_E_1994_002_001_17.wav;CNRSMH_E_1994_002_001_
items/2011/05/24/CNRSMH_E_1994_002_001_18.wav;CNRSMH_E_1994_002_001_
items/2011/05/24/CNRSMH_E_1994_002_001_19.wav;CNRSMH_E_1994_002_001_
items/2011/05/24/CNRSMH_E_1994_002_001_20.wav;CNRSMH_E_1994_002_001_
items/2011/05/24/CNRSMH_E_1994_002_001_21.wav;CNRSMH_E_1994_002_001_
items/2011/05/24/CNRSMH_E_1994_002_002_01.wav;CNRSMH_E_1994_002_002_
items/2011/05/24/CNRSMH_E_1994_002_002_02.wav;CNRSMH_E_1994_002_002_
items/2011/05/24/CNRSMH_E_1994_002_002_03.wav;CNRSMH_E_1994_002_002_
items/2011/05/24/CNRSMH_E_1994_002_002_04.wav;CNRSMH_E_1994_002_002_
items/2011/05/24/CNRSMH_E_1994_002_002_05.wav;CNRSMH_E_1994_002_002_
items/2011/05/24/CNRSMH_E_1994_002_002_06.wav;CNRSMH_E_1994_002_002_
items/2011/05/24/CNRSMH_E_1994_012_001_01.wav;CNRSMH_E_1994_012_001_
items/2011/05/24/CNRSMH_E_1994_012_001_02.wav;CNRSMH_E_1994_012_001_
items/2011/05/24/CNRSMH_E_1994_012_001_03.wav;CNRSMH_E_1994_012_001_
items/2011/05/24/CNRSMH_E_1994_012_001_05.wav;CNRSMH_E_1994_012_001_
items/2011/05/24/CNRSMH_E_1994_012_001_06.wav;CNRSMH_E_1994_012_001_
items/2011/05/24/CNRSMH_E_1994_012_001_07.wav;CNRSMH_E_1994_012_001_
items/2011/05/24/CNRSMH_E_1994_012_001_08.wav;CNRSMH_E_1994_012_001_
items/2011/05/24/CNRSMH_E_1994_012_001_09.wav;CNRSMH_E_1994_012_001_
items/2011/05/24/CNRSMH_E_1994_012_001_10.wav;CNRSMH_E_1994_012_001_
items/2011/05/24/CNRSMH_E_1994_012_001_11.wav;CNRSMH_E_1994_012_001_
items/2011/05/24/CNRSMH_E_1994_012_001_12.wav;CNRSMH_E_1994_012_001_
items/2011/05/24/CNRSMH_E_1994_012_001_13.wav;CNRSMH_E_1994_012_001_
items/2011/05/24/CNRSMH_E_1994_022_001_01.wav;CNRSMH_E_1994_022_001_
items/2011/05/24/CNRSMH_E_1994_022_001_01.wav;CNRSMH_E_1994_022_001_
items/2011/05/24/CNRSMH_E_1994_022_001_02.wav;CNRSMH_E_1994_022_001_
items/2011/05/24/CNRSMH_E_1994_022_001_03.wav;CNRSMH_E_1994_022_001_
items/2011/05/24/CNRSMH_E_1994_022_001_04.wav;CNRSMH_E_1994_022_001_
items/2011/05/24/CNRSMH_E_1994_022_001_05.wav;CNRSMH_E_1994_022_001_
items/2011/05/24/CNRSMH_E_1994_022_001_06.wav;CNRSMH_E_1994_022_001_
items/2011/05/24/CNRSMH_E_1994_022_001_07.wav;CNRSMH_E_1994_022_001_
items/2011/05/24/CNRSMH_E_1994_022_001_08.wav;CNRSMH_E_1994_022_001_
items/2011/05/24/CNRSMH_E_1994_022_001_09.wav;CNRSMH_E_1994_022_001_
items/2011/05/24/CNRSMH_E_1994_022_001_10.wav;CNRSMH_E_1994_022_001_
items/2011/05/24/CNRSMH_E_1994_022_001_11.wav;CNRSMH_E_1994_022_001_
items/2011/05/24/CNRSMH_E_1994_022_001_12.wav;CNRSMH_E_1994_022_001_
items/2011/05/24/CNRSMH_E_1995_004_001_01.wav;CNRSMH_E_1995_004_001_
items/2011/05/24/CNRSMH_E_1995_004_001_02.wav;CNRSMH_E_1995_004_001_
items/2011/05/24/CNRSMH_E_1995_004_001_03.wav;CNRSMH_E_1995_004_001_
items/2011/05/24/CNRSMH_E_1995_004_001_04.wav;CNRSMH_E_1995_004_001_
items/2011/05/24/CNRSMH_E_1995_004_001_05.wav;CNRSMH_E_1995_004_001_
items/2011/05/24/CNRSMH_E_1995_004_001_06.wav;CNRSMH_E_1995_004_001_
items/2011/05/24/CNRSMH_E_1995_004_001_07.wav;CNRSMH_E_1995_004_001_
items/2011/05/24/CNRSMH_E_1995_004_001_08.wav;CNRSMH_E_1995_004_001_
items/2011/05/24/CNRSMH_E_1995_004_001_09.wav;CNRSMH_E_1995_004_001_
items/2011/05/24/CNRSMH_E_1995_004_001_10.wav;CNRSMH_E_1995_004_001_
items/2011/05/24/CNRSMH_E_1995_004_001_11.wav;CNRSMH_E_1995_004_001_
items/2011/05/24/CNRSMH_E_1995_004_001_12.wav;CNRSMH_E_1995_004_001_
items/2011/05/24/CNRSMH_E_1995_004_001_13.wav;CNRSMH_E_1995_004_001_
items/2011/05/24/CNRSMH_E_1995_004_001_14.wav;CNRSMH_E_1995_004_001_
items/2011/05/24/CNRSMH_E_1995_004_001_15.wav;CNRSMH_E_1995_004_001_
items/2011/05/24/CNRSMH_E_1995_004_001_16.wav;CNRSMH_E_1995_004_001_
items/2011/05/24/CNRSMH_E_1995_004_001_17.wav;CNRSMH_E_1995_004_001_
items/2011/05/24/CNRSMH_E_1995_018_001_01.wav;CNRSMH_E_1995_018_001_
items/2011/05/24/CNRSMH_E_1995_018_001_02.wav;CNRSMH_E_1995_018_001_
items/2011/05/24/CNRSMH_E_1995_018_001_03.wav;CNRSMH_E_1995_018_001_
items/2011/05/24/CNRSMH_E_1995_018_001_04.wav;CNRSMH_E_1995_018_001_
items/2011/05/24/CNRSMH_E_1995_018_001_05.wav;CNRSMH_E_1995_018_001_
items/2011/05/24/CNRSMH_E_1995_018_001_06.wav;CNRSMH_E_1995_018_001_
items/2011/05/24/CNRSMH_E_1995_018_001_07.wav;CNRSMH_E_1995_018_001_
items/2011/05/24/CNRSMH_E_1995_018_001_08.wav;CNRSMH_E_1995_018_001_
items/2011/05/24/CNRSMH_E_1995_018_001_09.wav;CNRSMH_E_1995_018_001_
items/2011/05/24/CNRSMH_E_1995_018_001_10.wav;CNRSMH_E_1995_018_001_
items/2011/05/24/CNRSMH_E_1995_018_001_11.wav;CNRSMH_E_1995_018_001_
items/2011/05/24/CNRSMH_E_1995_018_001_12.wav;CNRSMH_E_1995_018_001_
items/2011/05/24/CNRSMH_E_1995_018_001_13.wav;CNRSMH_E_1995_018_001_
items/2011/05/24/CNRSMH_E_1995_018_001_14.wav;CNRSMH_E_1995_018_001_
items/2011/05/24/CNRSMH_E_1995_018_001_15.wav;CNRSMH_E_1995_018_001_
items/2011/05/24/CNRSMH_E_1995_018_001_16.wav;CNRSMH_E_1995_018_001_
items/2011/05/24/CNRSMH_E_1995_018_001_17.wav;CNRSMH_E_1995_018_001_
items/2011/05/24/CNRSMH_E_1995_018_001_18.wav;CNRSMH_E_1995_018_001_
items/2011/05/24/CNRSMH_E_1995_018_001_19.wav;CNRSMH_E_1995_018_001_
items/2011/05/24/CNRSMH_E_1995_018_001_20.wav;CNRSMH_E_1995_018_001_
items/2011/05/24/CNRSMH_E_1995_018_001_21.wav;CNRSMH_E_1995_018_001_
items/2011/05/24/CNRSMH_E_1995_018_001_22.wav;CNRSMH_E_1995_018_001_
items/2011/05/24/CNRSMH_E_1995_018_001_23.wav;CNRSMH_E_1995_018_001_
items/2011/05/24/CNRSMH_E_1995_018_001_24.wav;CNRSMH_E_1995_018_001_
items/2011/05/24/CNRSMH_E_1996_008_001_01.wav;CNRSMH_E_1996_008_001_
items/2011/05/24/CNRSMH_E_1996_008_001_02.wav;CNRSMH_E_1996_008_001_
items/2011/05/24/CNRSMH_E_1996_008_001_03.wav;CNRSMH_E_1996_008_001_
items/2011/05/24/CNRSMH_E_1996_008_001_04.wav;CNRSMH_E_1996_008_001_
items/2011/05/24/CNRSMH_E_1996_008_001_05.wav;CNRSMH_E_1996_008_001_
items/2011/05/24/CNRSMH_E_1996_008_001_06.wav;CNRSMH_E_1996_008_001_
items/2011/05/24/CNRSMH_E_1996_008_001_07.wav;CNRSMH_E_1996_008_001_
items/2011/05/24/CNRSMH_E_1996_008_001_08.wav;CNRSMH_E_1996_008_001_
items/2011/05/24/CNRSMH_E_1996_008_001_09.wav;CNRSMH_E_1996_008_001_
items/2011/05/24/CNRSMH_E_1996_008_001_10.wav;CNRSMH_E_1996_008_001_
items/2011/05/24/CNRSMH_E_1996_008_001_11.wav;CNRSMH_E_1996_008_001_
items/2011/05/24/CNRSMH_E_1996_008_001_12.wav;CNRSMH_E_1996_008_001_
items/2011/05/24/CNRSMH_E_1996_008_001_13.wav;CNRSMH_E_1996_008_001_
items/2011/05/24/CNRSMH_E_1996_008_001_14.wav;CNRSMH_E_1996_008_001_
items/2011/05/24/CNRSMH_E_1996_008_001_15.wav;CNRSMH_E_1996_008_001_
items/2011/05/24/CNRSMH_E_1996_008_001_16.wav;CNRSMH_E_1996_008_001_
items/2011/05/24/CNRSMH_E_1996_008_001_17.wav;CNRSMH_E_1996_008_001_
items/2011/05/24/CNRSMH_E_1996_008_001_18.wav;CNRSMH_E_1996_008_001_
items/2011/05/24/CNRSMH_E_1997_007_001_01.wav;CNRSMH_E_1997_007_001_
items/2011/05/24/CNRSMH_E_1997_007_001_02.wav;CNRSMH_E_1997_007_001_
items/2011/05/24/CNRSMH_E_1997_007_001_03.wav;CNRSMH_E_1997_007_001_
items/2011/05/24/CNRSMH_E_1997_007_001_04.wav;CNRSMH_E_1997_007_001_
items/2011/05/24/CNRSMH_E_1997_007_001_05.wav;CNRSMH_E_1997_007_001_
items/2011/05/24/CNRSMH_E_1997_007_001_06.wav;CNRSMH_E_1997_007_001_
items/2011/05/24/CNRSMH_E_1997_007_001_07.wav;CNRSMH_E_1997_007_001_
items/2011/05/24/CNRSMH_E_1997_007_001_08.wav;CNRSMH_E_1997_007_001_
items/2011/05/24/CNRSMH_E_1997_007_001_09.wav;CNRSMH_E_1997_007_001_
items/2011/05/24/CNRSMH_E_1997_007_001_10.wav;CNRSMH_E_1997_007_001_
items/2011/05/24/CNRSMH_E_1997_007_001_11.wav;CNRSMH_E_1997_007_001_
items/2011/05/24/CNRSMH_E_1997_007_001_12.wav;CNRSMH_E_1997_007_001_
items/2011/05/24/CNRSMH_E_1997_007_001_13.wav;CNRSMH_E_1997_007_001_
items/2011/05/24/CNRSMH_E_1998_001_001_01.wav;CNRSMH_E_1998_001_001_
items/2011/05/24/CNRSMH_E_1998_001_001_02.wav;CNRSMH_E_1998_001_001_
items/2011/05/24/CNRSMH_E_1998_001_001_03.wav;CNRSMH_E_1998_001_001_
items/2011/05/24/CNRSMH_E_1998_001_001_04.wav;CNRSMH_E_1998_001_001_
items/2011/05/24/CNRSMH_E_1998_001_001_05.wav;CNRSMH_E_1998_001_001_
items/2011/05/24/CNRSMH_E_1998_001_001_06.wav;CNRSMH_E_1998_001_001_
items/2011/05/24/CNRSMH_E_1998_001_001_07.wav;CNRSMH_E_1998_001_001_
items/2011/05/24/CNRSMH_E_1998_001_001_08.wav;CNRSMH_E_1998_001_001_
items/2011/05/24/CNRSMH_E_1998_001_001_09.wav;CNRSMH_E_1998_001_001_
items/2011/05/24/CNRSMH_E_1998_001_001_10.wav;CNRSMH_E_1998_001_001_
items/2011/05/24/CNRSMH_E_1998_001_001_11.wav;CNRSMH_E_1998_001_001_
items/2011/05/24/CNRSMH_E_1998_001_001_12.wav;CNRSMH_E_1998_001_001_
items/2011/05/24/CNRSMH_E_1998_001_001_13.wav;CNRSMH_E_1998_001_001_
items/2011/05/24/CNRSMH_E_1998_001_001_14.wav;CNRSMH_E_1998_001_001_
items/2011/05/24/CNRSMH_E_1998_001_001_15.wav;CNRSMH_E_1998_001_001_
items/2011/05/24/CNRSMH_E_1998_001_001_16.wav;CNRSMH_E_1998_001_001_
items/2011/05/24/CNRSMH_E_1998_001_001_17.wav;CNRSMH_E_1998_001_001_
items/2011/05/24/CNRSMH_E_1998_001_001_18.wav;CNRSMH_E_1998_001_001_
items/2011/05/24/CNRSMH_E_1998_001_001_19.wav;CNRSMH_E_1998_001_001_
items/2011/05/24/CNRSMH_E_1998_001_001_20.wav;CNRSMH_E_1998_001_001_
items/2011/05/24/CNRSMH_E_1998_001_001_21.wav;CNRSMH_E_1998_001_001_
items/2011/05/24/CNRSMH_E_1998_001_001_22.wav;CNRSMH_E_1998_001_001_
items/2011/05/24/CNRSMH_E_1998_001_001_23.wav;CNRSMH_E_1998_001_001_
items/2011/05/24/CNRSMH_E_1998_001_001_24.wav;CNRSMH_E_1998_001_001_
items/2011/05/24/CNRSMH_E_1998_001_001_25.wav;CNRSMH_E_1998_001_001_
items/2011/05/24/CNRSMH_E_1998_001_001_26.wav;CNRSMH_E_1998_001_001_
items/2011/05/24/CNRSMH_E_1998_001_001_27.wav;CNRSMH_E_1998_001_001_
items/2011/05/24/CNRSMH_E_1998_014_001_01.wav;CNRSMH_E_1998_014_001_
items/2011/05/24/CNRSMH_E_1998_014_001_02.wav;CNRSMH_E_1998_014_001_
items/2011/05/24/CNRSMH_E_1998_014_001_03.wav;CNRSMH_E_1998_014_001_
items/2011/05/24/CNRSMH_E_1998_014_001_04.wav;CNRSMH_E_1998_014_001_
items/2011/05/24/CNRSMH_E_1998_014_001_05.wav;CNRSMH_E_1998_014_001_
items/2011/05/24/CNRSMH_E_1998_014_001_06.wav;CNRSMH_E_1998_014_001_
items/2011/05/24/CNRSMH_E_1998_014_001_07.wav;CNRSMH_E_1998_014_001_
items/2011/05/24/CNRSMH_E_1998_014_001_08.wav;CNRSMH_E_1998_014_001_
items/2011/05/24/CNRSMH_E_1998_014_001_09.wav;CNRSMH_E_1998_014_001_
items/2011/05/24/CNRSMH_E_1998_014_001_10.wav;CNRSMH_E_1998_014_001_
items/2011/05/24/CNRSMH_E_1998_014_001_11.wav;CNRSMH_E_1998_014_001_
items/2011/05/24/CNRSMH_E_1998_014_001_12.wav;CNRSMH_E_1998_014_001_
items/2011/05/24/CNRSMH_E_1998_014_001_13.wav;CNRSMH_E_1998_014_001_
items/2011/05/24/CNRSMH_E_1998_014_001_14.wav;CNRSMH_E_1998_014_001_
items/2011/05/24/CNRSMH_E_1998_014_001_15.wav;CNRSMH_E_1998_014_001_
items/2011/05/24/CNRSMH_E_1998_014_001_16.wav;CNRSMH_E_1998_014_001_
items/2011/05/24/CNRSMH_E_1998_014_001_17.wav;CNRSMH_E_1998_014_001_
items/2011/05/24/CNRSMH_E_1998_014_001_18.wav;CNRSMH_E_1998_014_001_
items/2011/05/24/CNRSMH_E_1998_014_001_19.wav;CNRSMH_E_1998_014_001_
items/2011/05/24/CNRSMH_E_1998_014_001_20.wav;CNRSMH_E_1998_014_001_
items/2011/05/24/CNRSMH_E_1999_011_001_01.wav;CNRSMH_E_1999_011_001_
items/2011/05/24/CNRSMH_E_1999_011_001_02.wav;CNRSMH_E_1999_011_001_
items/2011/05/24/CNRSMH_E_1999_011_001_03.wav;CNRSMH_E_1999_011_001_
items/2011/05/24/CNRSMH_E_1999_011_001_04.wav;CNRSMH_E_1999_011_001_
items/2011/05/24/CNRSMH_E_1999_011_001_05.wav;CNRSMH_E_1999_011_001_
items/2011/05/24/CNRSMH_E_1999_011_001_06.wav;CNRSMH_E_1999_011_001_
items/2011/05/24/CNRSMH_E_1999_011_001_07.wav;CNRSMH_E_1999_011_001_
items/2011/05/24/CNRSMH_E_1999_011_001_08.wav;CNRSMH_E_1999_011_001_
items/2011/05/24/CNRSMH_E_1999_011_001_09.wav;CNRSMH_E_1999_011_001_
items/2011/05/24/CNRSMH_E_1999_011_001_10.wav;CNRSMH_E_1999_011_001_
items/2011/05/24/CNRSMH_E_1999_011_001_11.wav;CNRSMH_E_1999_011_001_
items/2011/05/24/CNRSMH_E_1999_011_001_12.wav;CNRSMH_E_1999_011_001_
items/2011/05/24/CNRSMH_E_1999_011_001_13.wav;CNRSMH_E_1999_011_001_
items/2011/05/24/CNRSMH_E_1999_011_001_14.wav;CNRSMH_E_1999_011_001_
items/2011/05/24/CNRSMH_E_1999_011_001_15.wav;CNRSMH_E_1999_011_001_
items/2011/05/24/CNRSMH_E_1999_011_001_16.wav;CNRSMH_E_1999_011_001_
items/2011/05/24/CNRSMH_E_1999_011_001_17.wav;CNRSMH_E_1999_011_001_
items/2011/05/24/CNRSMH_E_1999_011_001_18.wav;CNRSMH_E_1999_011_001_
items/2011/05/24/CNRSMH_E_1999_011_001_19.wav;CNRSMH_E_1999_011_001_
items/2011/05/24/CNRSMH_E_1999_011_001_20.wav;CNRSMH_E_1999_011_001_
items/2011/05/24/CNRSMH_E_1999_011_001_21.wav;CNRSMH_E_1999_011_001_
items/2011/05/24/CNRSMH_E_1999_011_001_22.wav;CNRSMH_E_1999_011_001_
items/2011/05/24/CNRSMH_E_2000_008_001_01.wav;CNRSMH_E_2000_008_001_
items/2011/05/24/CNRSMH_E_2000_008_001_02.wav;CNRSMH_E_2000_008_001_
items/2011/05/24/CNRSMH_E_2000_008_001_03.wav;CNRSMH_E_2000_008_001_
items/2011/05/24/CNRSMH_E_2000_008_001_04.wav;CNRSMH_E_2000_008_001_
items/2011/05/24/CNRSMH_E_2000_008_001_05.wav;CNRSMH_E_2000_008_001_
items/2011/05/24/CNRSMH_E_2000_008_001_06.wav;CNRSMH_E_2000_008_001_
items/2011/05/24/CNRSMH_E_2000_008_001_07.wav;CNRSMH_E_2000_008_001_
items/2011/05/24/CNRSMH_E_2000_008_001_08.wav;CNRSMH_E_2000_008_001_
items/2011/05/24/CNRSMH_E_2000_008_001_09.wav;CNRSMH_E_2000_008_001_
items/2011/05/24/CNRSMH_E_2000_008_001_10.wav;CNRSMH_E_2000_008_001_
items/2011/05/24/CNRSMH_E_2000_008_001_11.wav;CNRSMH_E_2000_008_001_
items/2011/05/24/CNRSMH_E_2000_008_001_12.wav;CNRSMH_E_2000_008_001_
items/2011/05/24/CNRSMH_E_2000_008_001_13.wav;CNRSMH_E_2000_008_001_
items/2011/05/24/CNRSMH_E_2000_008_001_14.wav;CNRSMH_E_2000_008_001_
items/2011/05/24/CNRSMH_E_2000_008_001_15.wav;CNRSMH_E_2000_008_001_
items/2011/05/24/CNRSMH_E_2000_008_001_16.wav;CNRSMH_E_2000_008_001_
items/2011/05/24/CNRSMH_E_2000_008_001_17.wav;CNRSMH_E_2000_008_001_
items/2011/05/24/CNRSMH_E_2000_008_001_18.wav;CNRSMH_E_2000_008_001_
items/2011/05/24/CNRSMH_E_2000_008_001_19.wav;CNRSMH_E_2000_008_001_
items/2011/05/24/CNRSMH_E_2001_017_001_01.wav;CNRSMH_E_2001_017_001_
items/2011/05/24/CNRSMH_E_2001_017_001_02.wav;CNRSMH_E_2001_017_001_
items/2011/05/24/CNRSMH_E_2001_017_001_03.wav;CNRSMH_E_2001_017_001_
items/2011/05/24/CNRSMH_E_2001_017_001_04.wav;CNRSMH_E_2001_017_001_
items/2011/05/24/CNRSMH_E_2001_017_001_05.wav;CNRSMH_E_2001_017_001_
items/2011/05/24/CNRSMH_E_2001_017_001_06.wav;CNRSMH_E_2001_017_001_
items/2011/06/14/CNRSMH_E_1990_014_006_01.wav;CNRSMH_E_1990_014_006_
items/2011/06/14/CNRSMH_E_1990_014_006_02.wav;CNRSMH_E_1990_014_006_
items/2011/06/14/CNRSMH_E_1990_014_006_03.wav;CNRSMH_E_1990_014_006_
items/2011/06/14/CNRSMH_E_1990_014_006_04.wav;CNRSMH_E_1990_014_006_
items/2011/06/14/CNRSMH_E_1990_014_006_05.wav;CNRSMH_E_1990_014_006_
items/2011/06/14/CNRSMH_E_1990_014_006_06.wav;CNRSMH_E_1990_014_006_
items/2011/06/14/CNRSMH_E_1990_014_006_07.wav;CNRSMH_E_1990_014_006_
items/2011/06/14/CNRSMH_E_1990_014_006_08.wav;CNRSMH_E_1990_014_006_
items/2011/06/14/CNRSMH_E_1990_014_006_09.wav;CNRSMH_E_1990_014_006_
items/2011/09/23/CNRSMH_E_1996_013_001_001_01.wav;CNRSMH_E_1996_013_001_
items/2011/09/23/CNRSMH_E_1996_013_001_001_02.wav;CNRSMH_E_1996_013_001_
items/2011/09/23/CNRSMH_E_1996_013_001_001_03.wav;CNRSMH_E_1996_013_001_
items/2011/09/23/CNRSMH_E_1996_013_001_001_04.wav;CNRSMH_E_1996_013_001_
items/2011/09/23/CNRSMH_E_1996_013_001_001_05.wav;CNRSMH_E_1996_013_001_
items/2011/09/23/CNRSMH_E_1996_013_001_001_06.wav;CNRSMH_E_1996_013_001_
items/2011/09/23/CNRSMH_E_1996_013_001_001_07.wav;CNRSMH_E_1996_013_001_
items/2011/09/23/CNRSMH_E_1996_013_001_001_08.wav;CNRSMH_E_1996_013_001_
items/2011/09/23/CNRSMH_E_1996_013_001_001_09.wav;CNRSMH_E_1996_013_001_
items/2011/09/23/CNRSMH_E_1996_013_001_001_10.wav;CNRSMH_E_1996_013_001_
items/2011/09/23/CNRSMH_E_1996_013_001_001_11.wav;CNRSMH_E_1996_013_001_
items/2011/09/23/CNRSMH_E_1996_013_001_001_12.wav;CNRSMH_E_1996_013_001_
items/2011/09/23/CNRSMH_E_1996_013_001_001_13.wav;CNRSMH_E_1996_013_001_
items/2011/09/23/CNRSMH_E_1996_013_001_001_14.wav;CNRSMH_E_1996_013_001_
items/2011/09/23/CNRSMH_E_1996_013_001_001_15.wav;CNRSMH_E_1996_013_001_
items/2011/09/23/CNRSMH_E_1996_013_001_001_16.wav;CNRSMH_E_1996_013_001_
items/2011/09/23/CNRSMH_E_1996_013_001_001_17.wav;CNRSMH_E_1996_013_001_
items/2011/09/23/CNRSMH_E_1996_013_001_001_18.wav;CNRSMH_E_1996_013_001_
items/2011/09/23/CNRSMH_E_1996_013_001_001_19.wav;CNRSMH_E_1996_013_001_
items/2011/09/23/CNRSMH_E_1996_013_001_001_20.wav;CNRSMH_E_1996_013_001_
items/2011/09/23/CNRSMH_E_1996_013_001_001_21.wav;CNRSMH_E_1996_013_001_
items/2011/09/23/CNRSMH_E_1996_013_001_001_22.wav;CNRSMH_E_1996_013_001_
items/2011/09/23/CNRSMH_E_1996_013_001_001_23.wav;CNRSMH_E_1996_013_001_
items/2011/09/23/CNRSMH_E_1996_013_001_001_24.wav;CNRSMH_E_1996_013_001_
items/2011/09/23/CNRSMH_E_1996_013_001_001_25.wav;CNRSMH_E_1996_013_001_
items/2011/09/23/CNRSMH_E_1996_013_001_001_26.wav;CNRSMH_E_1996_013_001_
items/2011/09/23/CNRSMH_E_1996_013_001_001_27.wav;CNRSMH_E_1996_013_001_
items/2011/09/23/CNRSMH_E_1996_013_001_001_28.wav;CNRSMH_E_1996_013_001_
items/2011/09/23/CNRSMH_E_1996_013_001_001_29.wav;CNRSMH_E_1996_013_001_
items/2011/09/23/CNRSMH_E_1996_013_001_001_30.wav;CNRSMH_E_1996_013_001_
items/2011/09/23/CNRSMH_E_1996_013_001_001_31.wav;CNRSMH_E_1996_013_001_
items/2011/09/23/CNRSMH_E_1996_013_001_001_32.wav;CNRSMH_E_1996_013_001_
items/2011/09/23/CNRSMH_E_1996_013_001_001_33.wav;CNRSMH_E_1996_013_001_
items/2011/09/23/CNRSMH_E_1996_013_001_001_34.wav;CNRSMH_E_1996_013_001_
items/2011/09/23/CNRSMH_E_1996_013_001_001_35.wav;CNRSMH_E_1996_013_001_
items/2011/09/23/CNRSMH_E_1996_013_001_002_01.wav;CNRSMH_E_1996_013_001_
items/2011/09/23/CNRSMH_E_1996_013_001_002_02.wav;CNRSMH_E_1996_013_001_
items/2011/09/23/CNRSMH_E_1996_013_001_002_03.wav;CNRSMH_E_1996_013_001_
items/2011/09/23/CNRSMH_E_1996_013_001_002_04.wav;CNRSMH_E_1996_013_001_
items/2011/09/23/CNRSMH_E_1996_013_001_002_05.wav;CNRSMH_E_1996_013_001_
items/2011/09/23/CNRSMH_E_1996_013_001_002_06.wav;CNRSMH_E_1996_013_001_
items/2011/09/23/CNRSMH_E_1996_013_001_002_07.wav;CNRSMH_E_1996_013_001_
items/2011/09/23/CNRSMH_E_1996_013_001_002_08.wav;CNRSMH_E_1996_013_001_
items/2011/09/23/CNRSMH_E_1996_013_001_002_09.wav;CNRSMH_E_1996_013_001_
items/2011/09/23/CNRSMH_E_1996_013_001_002_10.wav;CNRSMH_E_1996_013_001_
items/2011/09/23/CNRSMH_E_1996_013_001_002_11.wav;CNRSMH_E_1996_013_001_
items/2011/09/23/CNRSMH_E_1996_013_001_002_12.wav;CNRSMH_E_1996_013_001_
items/2011/09/23/CNRSMH_E_1996_013_001_002_13.wav;CNRSMH_E_1996_013_001_
items/2011/09/23/CNRSMH_E_1996_013_001_002_14.wav;CNRSMH_E_1996_013_001_
items/2011/09/23/CNRSMH_E_1996_013_001_002_15.wav;CNRSMH_E_1996_013_001_
items/2011/09/23/CNRSMH_E_1996_013_001_002_16.wav;CNRSMH_E_1996_013_001_
items/2011/09/23/CNRSMH_E_1996_013_001_002_17.wav;CNRSMH_E_1996_013_001_
items/2011/09/23/CNRSMH_E_1996_013_001_002_18.wav;CNRSMH_E_1996_013_001_
items/2011/09/23/CNRSMH_E_1996_013_001_002_19.wav;CNRSMH_E_1996_013_001_
items/2011/09/23/CNRSMH_E_1996_013_001_002_20.wav;CNRSMH_E_1996_013_001_
items/2011/09/23/CNRSMH_E_1996_013_001_002_21.wav;CNRSMH_E_1996_013_001_
items/2011/09/23/CNRSMH_E_1996_013_001_002_22.wav;CNRSMH_E_1996_013_001_
items/2011/09/23/CNRSMH_E_1996_013_001_002_23.wav;CNRSMH_E_1996_013_001_
items/2011/09/23/CNRSMH_E_1996_013_001_002_24.wav;CNRSMH_E_1996_013_001_
items/2011/09/23/CNRSMH_E_1996_013_001_002_25.wav;CNRSMH_E_1996_013_001_
items/2011/09/23/CNRSMH_E_1996_013_001_002_26.wav;CNRSMH_E_1996_013_001_
items/2011/09/23/CNRSMH_E_1996_013_001_002_27.wav;CNRSMH_E_1996_013_001_
items/2011/09/23/CNRSMH_E_1996_013_001_002_28.wav;CNRSMH_E_1996_013_001_
items/2011/09/23/CNRSMH_E_1996_013_001_002_29.wav;CNRSMH_E_1996_013_001_
items/2011/09/23/CNRSMH_E_1996_013_001_002_30.wav;CNRSMH_E_1996_013_001_
items/2011/09/23/CNRSMH_E_1996_013_001_002_31.wav;CNRSMH_E_1996_013_001_
items/2011/09/23/CNRSMH_E_1996_013_001_002_32.wav;CNRSMH_E_1996_013_001_
items/2011/09/23/CNRSMH_E_1996_013_001_002_33.wav;CNRSMH_E_1996_013_001_
items/2011/09/23/CNRSMH_E_1996_013_001_002_34.wav;CNRSMH_E_1996_013_001_
items/2011/09/23/CNRSMH_E_1996_013_001_002_35.wav;CNRSMH_E_1996_013_001_
items/2011/09/23/CNRSMH_E_1996_013_001_002_36.wav;CNRSMH_E_1996_013_001_
items/2011/09/23/CNRSMH_E_1996_013_001_002_37.wav;CNRSMH_E_1996_013_001_
items/2011/09/23/CNRSMH_E_1996_013_001_002_38.wav;CNRSMH_E_1996_013_001_
items/2011/09/23/CNRSMH_E_1996_013_001_002_38.wav;CNRSMH_E_1996_013_001_
items/2011/09/23/CNRSMH_E_1996_013_001_003_01.wav;CNRSMH_E_1996_013_001_
items/2011/09/23/CNRSMH_E_1996_013_001_003_02.wav;CNRSMH_E_1996_013_001_
items/2011/09/23/CNRSMH_E_1996_013_001_003_03.wav;CNRSMH_E_1996_013_001_
items/2011/09/23/CNRSMH_E_1996_013_001_003_04.wav;CNRSMH_E_1996_013_001_
items/2011/09/23/CNRSMH_E_1996_013_001_003_05.wav;CNRSMH_E_1996_013_001_
items/2011/09/23/CNRSMH_E_1996_013_001_003_06.wav;CNRSMH_E_1996_013_001_
items/2011/09/23/CNRSMH_E_1996_013_001_003_07.wav;CNRSMH_E_1996_013_001_
items/2011/09/23/CNRSMH_E_1996_013_001_003_08.wav;CNRSMH_E_1996_013_001_
items/2011/09/23/CNRSMH_E_1996_013_001_003_09.wav;CNRSMH_E_1996_013_001_
items/2011/09/23/CNRSMH_E_1996_013_001_003_10.wav;CNRSMH_E_1996_013_001_
items/2011/09/23/CNRSMH_E_1996_013_001_003_11.wav;CNRSMH_E_1996_013_001_
items/2011/09/23/CNRSMH_E_1996_013_001_003_12.wav;CNRSMH_E_1996_013_001_
items/2011/09/23/CNRSMH_E_1996_013_001_003_13.wav;CNRSMH_E_1996_013_001_
items/2011/09/23/CNRSMH_E_1996_013_001_003_14.wav;CNRSMH_E_1996_013_001_
items/2011/09/23/CNRSMH_E_1996_013_001_003_15.wav;CNRSMH_E_1996_013_001_
items/2011/09/23/CNRSMH_E_1996_013_001_003_16.wav;CNRSMH_E_1996_013_001_
items/2011/09/23/CNRSMH_E_1996_013_001_003_17.wav;CNRSMH_E_1996_013_001_
items/2011/09/23/CNRSMH_E_1996_013_001_003_18.wav;CNRSMH_E_1996_013_001_
items/2011/09/23/CNRSMH_E_1996_013_001_003_19.wav;CNRSMH_E_1996_013_001_
items/2011/09/23/CNRSMH_E_1996_013_001_003_20.wav;CNRSMH_E_1996_013_001_
items/2011/09/23/CNRSMH_E_1996_013_001_003_21.wav;CNRSMH_E_1996_013_001_
items/2011/09/23/CNRSMH_E_1996_013_001_003_22.wav;CNRSMH_E_1996_013_001_
items/2011/09/23/CNRSMH_E_1996_013_001_003_23.wav;CNRSMH_E_1996_013_001_
items/2011/09/23/CNRSMH_E_1996_013_001_003_24.wav;CNRSMH_E_1996_013_001_
items/2011/09/23/CNRSMH_E_1996_013_001_003_25.wav;CNRSMH_E_1996_013_001_
items/2011/09/23/CNRSMH_E_1996_013_001_003_26.wav;CNRSMH_E_1996_013_001_
items/2011/09/23/CNRSMH_E_1996_013_001_003_27.wav;CNRSMH_E_1996_013_001_
items/2011/09/23/CNRSMH_E_1996_013_001_003_28.wav;CNRSMH_E_1996_013_001_
items/2011/09/23/CNRSMH_E_1996_013_001_003_29.wav;CNRSMH_E_1996_013_001_
items/2011/09/23/CNRSMH_E_1996_013_001_003_30.wav;CNRSMH_E_1996_013_001_
items/2012/01/23/CNRSMH_E_1968_013_001_001_01.wav;CNRSMH_E_1968_013_001_
items/2012/01/23/CNRSMH_E_1968_013_001_001_02.wav;CNRSMH_E_1968_013_001_
items/2012/01/23/CNRSMH_E_1968_013_001_001_03.wav;CNRSMH_E_1968_013_001_
items/2012/01/23/CNRSMH_E_1968_013_001_001_04.wav;CNRSMH_E_1968_013_001_
items/2012/01/23/CNRSMH_E_1968_013_001_001_05.wav;CNRSMH_E_1968_013_001_
items/2012/01/23/CNRSMH_E_1968_013_001_001_06.wav;CNRSMH_E_1968_013_001_
items/2012/01/23/CNRSMH_E_1968_013_001_001_07.wav;CNRSMH_E_1968_013_001_
items/2012/01/23/CNRSMH_E_1968_013_001_001_08.wav;CNRSMH_E_1968_013_001_
items/2012/01/23/CNRSMH_E_1968_013_001_001_09.wav;CNRSMH_E_1968_013_001_
items/2012/01/23/CNRSMH_E_1968_013_001_001_10.wav;CNRSMH_E_1968_013_001_
items/2012/01/23/CNRSMH_E_1968_013_001_001_11.wav;CNRSMH_E_1968_013_001_
items/2012/01/23/CNRSMH_E_1968_013_001_001_12.wav;CNRSMH_E_1968_013_001_
items/2012/01/23/CNRSMH_E_1968_013_001_001_13.wav;CNRSMH_E_1968_013_001_
items/2012/01/23/CNRSMH_E_1968_013_001_001_14.wav;CNRSMH_E_1968_013_001_
items/2012/01/23/CNRSMH_E_1968_013_001_001_15.wav;CNRSMH_E_1968_013_001_
items/2012/01/23/CNRSMH_E_1968_013_001_001_16.wav;CNRSMH_E_1968_013_001_
items/2012/01/23/CNRSMH_E_1968_013_001_001_17.wav;CNRSMH_E_1968_013_001_
items/2012/01/24/CNRSMH_E_1984_002_001_001_01.wav;CNRSMH_E_1984_002_001_
items/2012/01/24/CNRSMH_E_1984_002_001_001_02.wav;CNRSMH_E_1984_002_001_
items/2012/01/24/CNRSMH_E_1984_002_001_001_03.wav;CNRSMH_E_1984_002_001_
items/2012/01/24/CNRSMH_E_1984_002_001_001_04.wav;CNRSMH_E_1984_002_001_
items/2012/01/24/CNRSMH_E_1984_002_001_001_05.wav;CNRSMH_E_1984_002_001_
items/2012/01/27/CNRSMH_E_1986_002_001_001_01.wav;CNRSMH_E_1986_002_001_
items/2012/01/27/CNRSMH_E_1986_002_001_001_02.wav;CNRSMH_E_1986_002_001_
items/2012/01/27/CNRSMH_E_1986_002_001_001_03.wav;CNRSMH_E_1986_002_001_
items/2012/01/27/CNRSMH_E_1986_002_001_001_04.wav;CNRSMH_E_1986_002_001_
items/2012/01/27/CNRSMH_E_1986_002_001_001_05.wav;CNRSMH_E_1986_002_001_
items/2012/01/27/CNRSMH_E_1986_002_001_001_06.wav;CNRSMH_E_1986_002_001_
items/2012/01/27/CNRSMH_E_1986_002_001_001_07.wav;CNRSMH_E_1986_002_001_
items/2012/01/27/CNRSMH_E_1986_002_001_002_01.wav;CNRSMH_E_1986_002_001_
items/2012/01/27/CNRSMH_E_1986_002_001_002_02.wav;CNRSMH_E_1986_002_001_
items/2012/01/27/CNRSMH_E_1986_002_001_002_03.wav;CNRSMH_E_1986_002_001_
items/2012/01/27/CNRSMH_E_1986_002_001_002_04.wav;CNRSMH_E_1986_002_001_
items/2012/01/27/CNRSMH_E_1986_002_001_002_05.wav;CNRSMH_E_1986_002_001_
items/2012/01/27/CNRSMH_E_1986_002_001_002_06.wav;CNRSMH_E_1986_002_001_
items/2012/02/06/CNRSMH_E_1955_009_001_001_01.wav;CNRSMH_E_1955_009_001_
items/2012/02/06/CNRSMH_E_1955_009_001_001_02.wav;CNRSMH_E_1955_009_001_
items/2012/02/06/CNRSMH_E_1955_009_001_001_03.wav;CNRSMH_E_1955_009_001_
items/2012/02/06/CNRSMH_E_1955_009_001_001_04.wav;CNRSMH_E_1955_009_001_
items/2012/02/06/CNRSMH_E_1955_009_001_001_05.wav;CNRSMH_E_1955_009_001_
items/2012/02/06/CNRSMH_E_1955_009_001_001_06.wav;CNRSMH_E_1955_009_001_
items/2012/02/06/CNRSMH_E_1955_009_001_001_07.wav;CNRSMH_E_1955_009_001_
items/2012/02/06/CNRSMH_E_1955_009_001_001_08.wav;CNRSMH_E_1955_009_001_
items/2012/02/06/CNRSMH_E_1955_009_001_001_09.wav;CNRSMH_E_1955_009_001_
items/2012/02/06/CNRSMH_E_1955_009_001_001_10.wav;CNRSMH_E_1955_009_001_
items/2012/02/06/CNRSMH_E_1955_009_001_001_11.wav;CNRSMH_E_1955_009_001_
items/2012/02/06/CNRSMH_E_1955_009_001_001_12.wav;CNRSMH_E_1955_009_001_
items/2012/02/06/CNRSMH_E_1955_009_001_001_13.wav;CNRSMH_E_1955_009_001_
items/2012/02/07/CNRSMH_E_1985_001_002_001_01.wav;CNRSMH_E_1985_001_002_
items/2012/02/07/CNRSMH_E_1985_001_002_001_02.wav;CNRSMH_E_1985_001_002_
items/2012/02/07/CNRSMH_E_1985_001_002_001_03.wav;CNRSMH_E_1985_001_002_
items/2012/02/07/CNRSMH_E_1985_001_002_001_04.wav;CNRSMH_E_1985_001_002_
items/2012/02/07/CNRSMH_E_1985_001_002_001_05.wav;CNRSMH_E_1985_001_002_
items/2012/02/07/CNRSMH_E_1985_001_002_001_06.wav;CNRSMH_E_1985_001_002_
items/2012/02/07/CNRSMH_E_1985_001_002_001_07.wav;CNRSMH_E_1985_001_002_
items/2012/02/07/CNRSMH_E_1985_001_002_001_08.wav;CNRSMH_E_1985_001_002_
items/2012/02/07/CNRSMH_E_1985_001_002_001_09.wav;CNRSMH_E_1985_001_002_
items/2012/02/09/CNRSMH_E_1954_007_001_001_01.wav;CNRSMH_E_1954_007_001_
items/2012/02/09/CNRSMH_E_1954_007_001_001_02.wav;CNRSMH_E_1954_007_001_
items/2012/02/09/CNRSMH_E_1954_007_001_001_03.wav;CNRSMH_E_1954_007_001_
items/2012/02/09/CNRSMH_E_1954_007_001_001_04.wav;CNRSMH_E_1954_007_001_
items/2012/02/09/CNRSMH_E_1954_007_001_001_05.wav;CNRSMH_E_1954_007_001_
items/2012/02/09/CNRSMH_E_1985_001_002_001_10.wav;CNRSMH_E_1985_001_002_
items/2012/02/10/CNRSMH_E_1954_007_001_001_06.wav;CNRSMH_E_1954_007_001_
items/2012/02/10/CNRSMH_E_1954_007_001_001_07.wav;CNRSMH_E_1954_007_001_
items/2012/02/10/CNRSMH_E_1954_007_001_001_08.wav;CNRSMH_E_1954_007_001_
items/2012/02/10/CNRSMH_E_1954_007_001_001_09.wav;CNRSMH_E_1954_007_001_
items/2012/02/10/CNRSMH_E_1954_007_001_001_10.wav;CNRSMH_E_1954_007_001_
items/2012/02/10/CNRSMH_E_1954_007_001_001_11.wav;CNRSMH_E_1954_007_001_
items/2012/02/10/CNRSMH_E_1954_007_001_001_12.wav;CNRSMH_E_1954_007_001_
items/2012/02/10/CNRSMH_E_1954_007_001_001_13.wav;CNRSMH_E_1954_007_001_
items/2012/02/10/CNRSMH_E_1956_012_001_001_01.wav;CNRSMH_E_1956_012_001_
items/2012/02/10/CNRSMH_E_1956_012_001_001_03.wav;CNRSMH_E_1956_012_001_
items/2012/02/20/CNRSMH_E_1956_012_001_001_02.wav;CNRSMH_E_1956_012_001_
items/2012/02/20/CNRSMH_E_1956_012_001_001_04.wav;CNRSMH_E_1956_012_001_
items/2012/02/20/CNRSMH_E_1956_012_001_001_05.wav;CNRSMH_E_1956_012_001_
items/2012/02/20/CNRSMH_E_1956_012_001_001_06.wav;CNRSMH_E_1956_012_001_
items/2012/02/20/CNRSMH_E_1956_012_001_001_07.wav;CNRSMH_E_1956_012_001_
items/2012/02/20/CNRSMH_E_1956_012_001_001_08.wav;CNRSMH_E_1956_012_001_
items/2012/02/20/CNRSMH_E_1956_012_001_001_09.wav;CNRSMH_E_1956_012_001_
items/2012/02/20/CNRSMH_E_1956_012_001_001_10.wav;CNRSMH_E_1956_012_001_
items/2012/02/20/CNRSMH_E_1956_012_001_001_11.wav;CNRSMH_E_1956_012_001_
items/2012/02/20/CNRSMH_E_1957_013_001_001_01.wav;CNRSMH_E_1957_013_001_
items/2012/02/20/CNRSMH_E_1957_013_001_001_02.wav;CNRSMH_E_1957_013_001_
items/2012/02/20/CNRSMH_E_1957_013_001_001_03.wav;CNRSMH_E_1957_013_001_
items/2012/02/20/CNRSMH_E_1957_013_001_001_04.wav;CNRSMH_E_1957_013_001_
items/2012/02/20/CNRSMH_E_1957_013_001_001_05.wav;CNRSMH_E_1957_013_001_
items/2012/02/20/CNRSMH_E_1957_013_001_001_06.wav;CNRSMH_E_1957_013_001_
items/2012/02/20/CNRSMH_E_1957_013_001_001_07.wav;CNRSMH_E_1957_013_001_
items/2012/02/20/CNRSMH_E_1957_013_001_001_08.wav;CNRSMH_E_1957_013_001_
items/2012/02/20/CNRSMH_E_1957_013_001_001_09.wav;CNRSMH_E_1957_013_001_
items/2012/02/20/CNRSMH_E_1957_013_001_001_10.wav;CNRSMH_E_1957_013_001_
items/2012/02/23/CNRSMH_E_1957_017_001_001_01.wav;CNRSMH_E_1957_017_001_
items/2012/02/23/CNRSMH_E_1957_017_001_001_02.wav;CNRSMH_E_1957_017_001_
items/2012/02/23/CNRSMH_E_1957_017_001_001_03.wav;CNRSMH_E_1957_017_001_
items/2012/02/23/CNRSMH_E_1957_017_001_001_04.wav;CNRSMH_E_1957_017_001_
items/2012/02/23/CNRSMH_E_1957_017_001_001_05.wav;CNRSMH_E_1957_017_001_
items/2012/02/23/CNRSMH_E_1957_017_001_001_06_2_2.wav;CNRSMH_E_1957_017_001_
items/2012/02/23/CNRSMH_E_1957_017_001_001_07_2.wav;CNRSMH_E_1957_017_001_
items/2012/02/23/CNRSMH_E_1957_017_001_001_08_1.wav;CNRSMH_E_1957_017_001_
items/2012/02/23/CNRSMH_E_1957_017_001_001_09.wav;CNRSMH_E_1957_017_001_
items/2012/02/23/CNRSMH_E_1957_017_001_001_10.wav;CNRSMH_E_1957_017_001_
items/2012/02/23/CNRSMH_E_1957_017_001_001_11.wav;CNRSMH_E_1957_017_001_
items/2012/02/23/CNRSMH_E_1957_017_001_001_12.wav;CNRSMH_E_1957_017_001_
items/2012/02/23/CNRSMH_E_1957_017_001_001_13.wav;CNRSMH_E_1957_017_001_
items/2012/03/05/CNRSMH_E_1957_011_001_001_01.wav;CNRSMH_E_1957_011_001_
items/2012/03/05/CNRSMH_E_1957_011_001_001_02.wav;CNRSMH_E_1957_011_001_
items/2012/03/05/CNRSMH_E_1957_011_001_001_03.wav;CNRSMH_E_1957_011_001_
items/2012/03/05/CNRSMH_E_1957_011_001_001_04.wav;CNRSMH_E_1957_011_001_
items/2012/03/05/CNRSMH_E_1957_011_001_001_05.wav;CNRSMH_E_1957_011_001_
items/2012/03/05/CNRSMH_E_1957_011_001_001_06.wav;CNRSMH_E_1957_011_001_
items/2012/03/06/CNRSMH_E_1957_011_001_001_07.wav;CNRSMH_E_1957_011_001_
items/2012/03/06/CNRSMH_E_1957_011_001_001_08.wav;CNRSMH_E_1957_011_001_
items/2012/03/06/CNRSMH_E_1957_011_001_001_09.wav;CNRSMH_E_1957_011_001_
items/2012/03/06/CNRSMH_E_1957_011_001_001_10.wav;CNRSMH_E_1957_011_001_
items/2012/03/06/CNRSMH_E_1957_011_001_001_11.wav;CNRSMH_E_1957_011_001_
items/2012/03/06/CNRSMH_E_1957_011_001_001_12.wav;CNRSMH_E_1957_011_001_
items/2012/03/06/CNRSMH_E_1957_011_001_001_13.wav;CNRSMH_E_1957_011_001_
items/2012/03/08/CNRSMH_E_2011_022_001_001_01.wav;CNRSMH_E_2011_022_001_
items/2012/03/08/CNRSMH_E_2011_022_001_001_02.wav;CNRSMH_E_2011_022_001_
items/2012/03/08/CNRSMH_E_2011_022_001_001_03.wav;CNRSMH_E_2011_022_001_
items/2012/03/09/CNRSMH_E_2011_022_001_001_04.wav;CNRSMH_E_2011_022_001_
items/2012/03/09/CNRSMH_E_2011_022_001_001_05.wav;CNRSMH_E_2011_022_001_
items/2012/03/09/CNRSMH_E_2011_022_001_001_06.wav;CNRSMH_E_2011_022_001_
items/2012/03/09/CNRSMH_E_2011_022_001_001_07.wav;CNRSMH_E_2011_022_001_
items/2012/03/09/CNRSMH_E_2011_022_001_001_08.wav;CNRSMH_E_2011_022_001_
items/2012/03/19/CNRSMH_E_1957_018_001_001_01.wav;CNRSMH_E_1957_018_001_
items/2012/03/19/CNRSMH_E_1957_018_001_001_02.wav;CNRSMH_E_1957_018_001_
items/2012/03/19/CNRSMH_E_1957_018_001_001_03.wav;CNRSMH_E_1957_018_001_
items/2012/03/19/CNRSMH_E_1957_018_001_001_04.wav;CNRSMH_E_1957_018_001_
items/2012/03/19/CNRSMH_E_1957_018_001_001_05.wav;CNRSMH_E_1957_018_001_
items/2012/03/19/CNRSMH_E_1957_018_001_001_06.wav;CNRSMH_E_1957_018_001_
items/2012/03/19/CNRSMH_E_1957_018_001_001_07.wav;CNRSMH_E_1957_018_001_
items/2012/03/19/CNRSMH_E_1957_018_001_001_08.wav;CNRSMH_E_1957_018_001_
items/2012/03/19/CNRSMH_E_1957_018_001_001_09.wav;CNRSMH_E_1957_018_001_
items/2012/03/19/CNRSMH_E_1957_018_001_001_10.wav;CNRSMH_E_1957_018_001_
items/2012/03/19/CNRSMH_E_1957_018_001_001_11.wav;CNRSMH_E_1957_018_001_
items/2012/03/19/CNRSMH_E_1957_018_001_001_12.wav;CNRSMH_E_1957_018_001_
items/2012/03/19/CNRSMH_E_2011_022_001_001_09.wav;CNRSMH_E_2011_022_001_
items/2012/03/19/CNRSMH_E_2011_022_001_001_10.wav;CNRSMH_E_2011_022_001_
items/2012/03/19/CNRSMH_E_2011_022_001_001_11.wav;CNRSMH_E_2011_022_001_
items/2012/03/19/CNRSMH_E_2011_022_001_001_12.wav;CNRSMH_E_2011_022_001_
items/2012/03/19/CNRSMH_E_2011_022_001_001_13.wav;CNRSMH_E_2011_022_001_
items/2012/03/19/CNRSMH_E_2011_022_001_001_14.wav;CNRSMH_E_2011_022_001_
items/2012/03/19/CNRSMH_E_2011_022_001_001_15.wav;CNRSMH_E_2011_022_001_
items/2012/03/19/CNRSMH_E_2011_022_001_001_16.wav;CNRSMH_E_2011_022_001_
items/2012/03/19/CNRSMH_E_2011_022_001_001_17.wav;CNRSMH_E_2011_022_001_
items/2012/03/19/CNRSMH_E_2011_022_001_001_18.wav;CNRSMH_E_2011_022_001_
items/2012/03/19/CNRSMH_E_2011_022_001_001_19.wav;CNRSMH_E_2011_022_001_
items/2012/03/19/CNRSMH_E_2011_022_001_001_20.wav;CNRSMH_E_2011_022_001_
items/2012/03/19/CNRSMH_E_2011_022_001_001_21.wav;CNRSMH_E_2011_022_001_
items/2012/03/19/CNRSMH_E_2011_022_001_001_22.wav;CNRSMH_E_2011_022_001_
items/2012/03/19/CNRSMH_E_2011_022_001_001_23.wav;CNRSMH_E_2011_022_001_
items/2012/03/19/CNRSMH_E_2011_022_001_001_24.wav;CNRSMH_E_2011_022_001_
items/2012/03/19/CNRSMH_E_2011_022_001_001_25.wav;CNRSMH_E_2011_022_001_
items/2012/03/19/CNRSMH_E_2011_022_001_001_26.wav;CNRSMH_E_2011_022_001_
items/2012/03/19/CNRSMH_E_2011_022_001_001_27.wav;CNRSMH_E_2011_022_001_
items/2012/03/19/CNRSMH_E_2011_022_001_001_28.wav;CNRSMH_E_2011_022_001_
items/2012/03/20/CNRSMH_E_1957_014_001_001_01.wav;CNRSMH_E_1957_014_001_
items/2012/03/20/CNRSMH_E_1957_014_001_001_02.wav;CNRSMH_E_1957_014_001_
items/2012/03/20/CNRSMH_E_1957_014_001_001_03.wav;CNRSMH_E_1957_014_001_
items/2012/03/20/CNRSMH_E_1957_014_001_001_04.wav;CNRSMH_E_1957_014_001_
items/2012/03/20/CNRSMH_E_1957_014_001_001_05.wav;CNRSMH_E_1957_014_001_
items/2012/03/20/CNRSMH_E_1957_014_001_001_06.wav;CNRSMH_E_1957_014_001_
items/2012/03/20/CNRSMH_E_1957_014_001_001_07.wav;CNRSMH_E_1957_014_001_
items/2012/03/20/CNRSMH_E_1957_014_001_001_08.wav;CNRSMH_E_1957_014_001_
items/2012/03/20/CNRSMH_E_1957_014_001_001_09.wav;CNRSMH_E_1957_014_001_
items/2012/03/20/CNRSMH_E_1957_014_001_001_10.wav;CNRSMH_E_1957_014_001_
items/2012/03/20/CNRSMH_E_1957_014_001_001_11.wav;CNRSMH_E_1957_014_001_
items/2012/03/20/CNRSMH_E_1957_014_001_001_12.wav;CNRSMH_E_1957_014_001_
items/2012/03/22/CNRSMH_E_1956_022_001_001_01.wav;CNRSMH_E_1956_022_001_
items/2012/03/22/CNRSMH_E_1956_022_001_001_02.wav;CNRSMH_E_1956_022_001_
items/2012/03/22/CNRSMH_E_1956_022_001_001_03.wav;CNRSMH_E_1956_022_001_
items/2012/03/22/CNRSMH_E_1956_022_001_001_04.wav;CNRSMH_E_1956_022_001_
items/2012/03/22/CNRSMH_E_1956_022_001_001_05.wav;CNRSMH_E_1956_022_001_
items/2012/03/22/CNRSMH_E_1956_022_001_001_06.wav;CNRSMH_E_1956_022_001_
items/2012/03/22/CNRSMH_E_1956_022_001_001_07.wav;CNRSMH_E_1956_022_001_
items/2012/03/22/CNRSMH_E_1956_022_001_001_08.wav;CNRSMH_E_1956_022_001_
items/2012/03/22/CNRSMH_E_1956_022_001_001_09_2.wav;CNRSMH_E_1956_022_001_
items/2012/03/23/CNRSMH_E_1956_022_001_001_10_2.wav;CNRSMH_E_1956_022_001_
items/2012/03/23/CNRSMH_E_1956_022_001_001_11_1.wav;CNRSMH_E_1956_022_001_
items/2012/03/23/CNRSMH_E_1956_022_001_001_12.wav;CNRSMH_E_1956_022_001_
items/2012/03/23/CNRSMH_E_1956_022_001_001_13.wav;CNRSMH_E_1956_022_001_
items/2012/03/23/CNRSMH_E_1956_022_001_001_14.wav;CNRSMH_E_1956_022_001_
items/2012/03/23/CNRSMH_E_1956_022_001_001_15.wav;CNRSMH_E_1956_022_001_
items/2012/03/23/CNRSMH_E_1956_022_001_001_16.wav;CNRSMH_E_1956_022_001_
items/2012/03/23/CNRSMH_E_1969_005_002_001_01.wav;CNRSMH_E_1969_005_002_
items/2012/03/23/CNRSMH_E_1969_005_002_001_02.wav;CNRSMH_E_1969_005_002_
items/2012/03/23/CNRSMH_E_1969_005_002_001_03.wav;CNRSMH_E_1969_005_002_
items/2012/03/23/CNRSMH_E_1969_005_002_001_04.wav;CNRSMH_E_1969_005_002_
items/2012/03/23/CNRSMH_E_1969_005_002_001_05.wav;CNRSMH_E_1969_005_002_
items/2012/03/23/CNRSMH_E_1969_005_002_001_06.wav;CNRSMH_E_1969_005_002_
items/2012/03/23/CNRSMH_E_1969_005_002_001_07.wav;CNRSMH_E_1969_005_002_
items/2012/03/23/CNRSMH_E_1969_005_002_001_08_2_1.wav;CNRSMH_E_1969_005_002_
items/2012/03/23/CNRSMH_E_1969_005_002_001_09.wav;CNRSMH_E_1969_005_002_
items/2012/03/23/CNRSMH_E_1969_005_002_001_10.wav;CNRSMH_E_1969_005_002_
items/2012/03/23/CNRSMH_E_1969_005_002_001_11.wav;CNRSMH_E_1969_005_002_
items/2012/03/23/CNRSMH_E_1969_005_002_001_12.wav;CNRSMH_E_1969_005_002_
items/2012/03/23/CNRSMH_E_1969_005_002_001_13.wav;CNRSMH_E_1969_005_002_
items/2012/04/02/CNRSMH_E_1962_002_001_001_01.wav;CNRSMH_E_1962_002_001_
items/2012/04/02/CNRSMH_E_1962_002_001_001_02.wav;CNRSMH_E_1962_002_001_
items/2012/04/02/CNRSMH_E_1962_002_001_001_03.wav;CNRSMH_E_1962_002_001_
items/2012/04/02/CNRSMH_E_1962_002_001_001_04.wav;CNRSMH_E_1962_002_001_
items/2012/04/02/CNRSMH_E_1962_002_001_001_05.wav;CNRSMH_E_1962_002_001_
items/2012/04/02/CNRSMH_E_1962_002_001_001_06.wav;CNRSMH_E_1962_002_001_
items/2012/04/02/CNRSMH_E_1962_002_001_001_07.wav;CNRSMH_E_1962_002_001_
items/2012/04/02/CNRSMH_E_1962_002_001_001_08.wav;CNRSMH_E_1962_002_001_
items/2012/04/02/CNRSMH_E_1969_005_002_001_14.wav;CNRSMH_E_1969_005_002_
items/2012/04/02/CNRSMH_E_1969_005_002_001_15.wav;CNRSMH_E_1969_005_002_
items/2012/04/05/CNRSMH_E_1959_008_001_001_01.wav;CNRSMH_E_1959_008_001_
items/2012/04/05/CNRSMH_E_1959_008_001_001_02.wav;CNRSMH_E_1959_008_001_
items/2012/04/05/CNRSMH_E_1959_008_001_001_03.wav;CNRSMH_E_1959_008_001_
items/2012/04/05/CNRSMH_E_1959_008_001_001_04.wav;CNRSMH_E_1959_008_001_
items/2012/04/05/CNRSMH_E_1959_008_001_001_05.wav;CNRSMH_E_1959_008_001_
items/2012/04/05/CNRSMH_E_1959_008_001_001_06.wav;CNRSMH_E_1959_008_001_
items/2012/04/05/CNRSMH_E_1959_008_001_001_07.wav;CNRSMH_E_1959_008_001_
items/2012/04/05/CNRSMH_E_1959_008_001_001_08.wav;CNRSMH_E_1959_008_001_
items/2012/04/05/CNRSMH_E_1959_008_001_001_09.wav;CNRSMH_E_1959_008_001_
items/2012/04/05/CNRSMH_E_1959_008_001_001_10.wav;CNRSMH_E_1959_008_001_
items/2012/04/05/CNRSMH_E_1959_008_001_001_11.wav;CNRSMH_E_1959_008_001_
items/2012/04/05/CNRSMH_E_1959_008_001_001_12.wav;CNRSMH_E_1959_008_001_
items/2012/04/05/CNRSMH_E_1959_008_001_001_13.wav;CNRSMH_E_1959_008_001_
items/2012/04/05/CNRSMH_E_2011_023_001_001_01.wav;CNRSMH_E_2011_023_001_
items/2012/04/05/CNRSMH_E_2011_023_001_001_02.wav;CNRSMH_E_2011_023_001_
items/2012/04/05/CNRSMH_E_2011_023_001_001_03.wav;CNRSMH_E_2011_023_001_
items/2012/04/05/CNRSMH_E_2011_023_001_001_04.wav;CNRSMH_E_2011_023_001_
items/2012/04/05/CNRSMH_E_2011_023_001_001_05.wav;CNRSMH_E_2011_023_001_
items/2012/04/05/CNRSMH_E_2011_023_001_001_06.wav;CNRSMH_E_2011_023_001_
items/2012/04/05/CNRSMH_E_2011_023_001_001_07.wav;CNRSMH_E_2011_023_001_
items/2012/04/05/CNRSMH_E_2011_023_001_001_08.wav;CNRSMH_E_2011_023_001_
items/2012/04/05/CNRSMH_E_2011_023_001_001_09.wav;CNRSMH_E_2011_023_001_
items/2012/04/05/CNRSMH_E_2011_023_001_001_10.wav;CNRSMH_E_2011_023_001_
items/2012/04/05/CNRSMH_E_2011_023_001_001_11.wav;CNRSMH_E_2011_023_001_
items/2012/04/05/CNRSMH_E_2011_023_001_001_12.wav;CNRSMH_E_2011_023_001_
items/2012/04/05/CNRSMH_E_2011_023_001_001_13.wav;CNRSMH_E_2011_023_001_
items/2012/04/05/CNRSMH_E_2011_023_001_001_14.wav;CNRSMH_E_2011_023_001_
items/2012/04/05/CNRSMH_E_2011_023_001_001_15.wav;CNRSMH_E_2011_023_001_
items/2012/04/05/CNRSMH_E_2011_023_001_001_16.wav;CNRSMH_E_2011_023_001_
items/2012/04/05/CNRSMH_E_2011_023_001_001_17.wav;CNRSMH_E_2011_023_001_
items/2012/04/05/CNRSMH_E_2011_023_001_001_18.wav;CNRSMH_E_2011_023_001_
items/2012/04/05/CNRSMH_E_2011_023_001_001_19.wav;CNRSMH_E_2011_023_001_
items/2012/04/05/CNRSMH_E_2011_023_001_001_20.wav;CNRSMH_E_2011_023_001_
items/2012/04/05/CNRSMH_E_2011_023_001_001_21.wav;CNRSMH_E_2011_023_001_
items/2012/04/05/CNRSMH_E_2011_023_001_001_22.wav;CNRSMH_E_2011_023_001_
items/2012/04/05/CNRSMH_E_2011_023_001_001_23.wav;CNRSMH_E_2011_023_001_
items/2012/04/05/CNRSMH_E_2011_023_001_001_24.wav;CNRSMH_E_2011_023_001_
items/2012/04/05/CNRSMH_E_2011_023_001_001_25.wav;CNRSMH_E_2011_023_001_
items/2012/04/05/CNRSMH_E_2011_023_001_001_26.wav;CNRSMH_E_2011_023_001_
items/2012/04/05/CNRSMH_E_2011_023_001_001_27.wav;CNRSMH_E_2011_023_001_
items/2012/04/05/CNRSMH_E_2011_023_001_001_28.wav;CNRSMH_E_2011_023_001_
items/2012/04/05/CNRSMH_E_2011_023_001_001_29.wav;CNRSMH_E_2011_023_001_
items/2012/04/05/CNRSMH_E_2011_023_001_001_30.wav;CNRSMH_E_2011_023_001_
items/2012/04/06/CNRSMH_E_1957_012_001_001_01.wav;CNRSMH_E_1957_012_001_
items/2012/04/06/CNRSMH_E_1957_012_001_001_02.wav;CNRSMH_E_1957_012_001_
items/2012/04/06/CNRSMH_E_1957_012_001_001_03.wav;CNRSMH_E_1957_012_001_
items/2012/04/06/CNRSMH_E_1957_012_001_001_04.wav;CNRSMH_E_1957_012_001_
items/2012/04/06/CNRSMH_E_1957_012_001_001_05.wav;CNRSMH_E_1957_012_001_
items/2012/04/06/CNRSMH_E_1957_012_001_001_06.wav;CNRSMH_E_1957_012_001_
items/2012/04/06/CNRSMH_E_1957_012_001_001_07.wav;CNRSMH_E_1957_012_001_
items/2012/04/06/CNRSMH_E_1957_012_001_001_08_1.wav;CNRSMH_E_1957_012_001_
items/2012/04/06/CNRSMH_E_1957_012_001_001_09.wav;CNRSMH_E_1957_012_001_
items/2012/04/06/CNRSMH_E_1957_012_001_001_10.wav;CNRSMH_E_1957_012_001_
items/2012/04/06/CNRSMH_E_1957_012_001_001_11.wav;CNRSMH_E_1957_012_001_
items/2012/04/06/CNRSMH_E_1957_012_001_001_12.wav;CNRSMH_E_1957_012_001_
items/2012/04/06/CNRSMH_E_1957_012_001_001_13.wav;CNRSMH_E_1957_012_001_
items/2012/04/24/CNRSMH_E_1955_008_001_001_13.wav;CNRSMH_E_1955_008_001_
items/2012/04/24/CNRSMH_E_1955_008_001_001_14.wav;CNRSMH_E_1955_008_001_
items/2012/05/02/CNRSMH_E_1955_006_001_001_01.wav;CNRSMH_E_1955_006_001_
items/2012/05/02/CNRSMH_E_1955_006_001_001_02.wav;CNRSMH_E_1955_006_001_
items/2012/05/02/CNRSMH_E_1955_006_001_001_03_1.wav;CNRSMH_E_1955_006_001_
items/2012/05/02/CNRSMH_E_1955_006_001_001_04.wav;CNRSMH_E_1955_006_001_
items/2012/05/02/CNRSMH_E_1955_006_001_001_05.wav;CNRSMH_E_1955_006_001_
items/2012/05/02/CNRSMH_E_1955_006_001_001_06.wav;CNRSMH_E_1955_006_001_
items/2012/05/02/CNRSMH_E_1955_006_001_001_07.wav;CNRSMH_E_1955_006_001_
items/2012/05/02/CNRSMH_E_1955_006_001_001_08.wav;CNRSMH_E_1955_006_001_
items/2012/05/02/CNRSMH_E_1955_006_001_001_09.wav;CNRSMH_E_1955_006_001_
items/2012/05/02/CNRSMH_E_1955_006_001_001_10_2.wav;CNRSMH_E_1955_006_001_
items/2012/05/02/CNRSMH_E_1955_006_001_001_12_2.wav;CNRSMH_E_1955_006_001_
items/2012/05/02/CNRSMH_E_1955_006_001_001_13_2.wav;CNRSMH_E_1955_006_001_
items/2012/05/02/CNRSMH_E_1955_006_001_001_14_2.wav;CNRSMH_E_1955_006_001_
items/2012/05/02/CNRSMH_E_1955_006_001_001_15.wav;CNRSMH_E_1955_006_001_
items/2012/05/02/CNRSMH_E_1955_006_001_001_16.wav;CNRSMH_E_1955_006_001_
items/2012/05/02/CNRSMH_E_1955_006_001_001_17.wav;CNRSMH_E_1955_006_001_
items/2012/05/02/CNRSMH_E_1955_006_001_001_18.wav;CNRSMH_E_1955_006_001_
items/2012/05/02/CNRSMH_E_1955_006_001_001_19.wav;CNRSMH_E_1955_006_001_
items/2012/05/02/CNRSMH_E_1973_023_001_001.wav;CNRSMH_E_1973_023_001_
items/2012/05/02/CNRSMH_E_1973_023_001_002.wav;CNRSMH_E_1973_023_001_
items/2012/05/02/CNRSMH_E_1973_023_001_003.wav;CNRSMH_E_1973_023_001_
items/2012/05/02/CNRSMH_E_1973_023_001_004.wav;CNRSMH_E_1973_023_001_
items/2012/05/03/CNRSMH_E_1969_005_004_001_01.wav;CNRSMH_E_1969_005_004_
items/2012/05/03/CNRSMH_E_1969_005_004_001_02.wav;CNRSMH_E_1969_005_004_
items/2012/05/03/CNRSMH_E_1969_005_004_001_03.wav;CNRSMH_E_1969_005_004_
items/2012/05/03/CNRSMH_E_1969_005_004_001_04.wav;CNRSMH_E_1969_005_004_
items/2012/05/03/CNRSMH_E_1969_005_004_001_05.wav;CNRSMH_E_1969_005_004_
items/2012/05/03/CNRSMH_E_1969_005_004_001_06.wav;CNRSMH_E_1969_005_004_
items/2012/05/03/CNRSMH_E_1969_005_004_001_07.wav;CNRSMH_E_1969_005_004_
items/2012/05/03/CNRSMH_E_1969_005_004_001_08.wav;CNRSMH_E_1969_005_004_
items/2012/05/03/CNRSMH_E_1969_005_004_001_09.wav;CNRSMH_E_1969_005_004_
items/2012/05/03/CNRSMH_E_1969_005_004_001_10.wav;CNRSMH_E_1969_005_004_
items/2012/05/03/CNRSMH_E_1969_005_004_001_11.wav;CNRSMH_E_1969_005_004_
items/2012/05/03/CNRSMH_E_1969_005_004_001_12.wav;CNRSMH_E_1969_005_004_
items/2012/05/03/CNRSMH_E_1969_005_004_001_13.wav;CNRSMH_E_1969_005_004_
items/2012/05/03/CNRSMH_E_1969_005_004_001_14.wav;CNRSMH_E_1969_005_004_
items/2012/05/03/CNRSMH_E_1969_005_004_001_15.wav;CNRSMH_E_1969_005_004_
items/2012/05/03/CNRSMH_E_1969_005_004_001_16.wav;CNRSMH_E_1969_005_004_
items/2012/05/03/CNRSMH_E_1969_005_004_001_17.wav;CNRSMH_E_1969_005_004_
items/2012/05/03/CNRSMH_E_2012_006_001_001_01.wav;CNRSMH_E_2012_006_001_
items/2012/05/03/CNRSMH_E_2012_006_001_001_02.wav;CNRSMH_E_2012_006_001_
items/2012/05/03/CNRSMH_E_2012_006_001_001_03.wav;CNRSMH_E_2012_006_001_
items/2012/05/03/CNRSMH_E_2012_006_001_001_04.wav;CNRSMH_E_2012_006_001_
items/2012/05/15/CNRSMH_E_1955_017_001_001_02.wav;CNRSMH_E_1955_017_001_
items/2012/05/15/CNRSMH_E_1955_017_001_001_03.wav;CNRSMH_E_1955_017_001_
items/2012/05/15/CNRSMH_E_1955_017_001_001_04.wav;CNRSMH_E_1955_017_001_
items/2012/05/15/CNRSMH_E_1955_017_001_001_08.wav;CNRSMH_E_1955_017_001_
items/2012/05/15/CNRSMH_E_1960_004_001_001_01.wav;CNRSMH_E_1960_004_001_
items/2012/05/15/CNRSMH_E_1960_004_001_001_02.wav;CNRSMH_E_1960_004_001_
items/2012/05/15/CNRSMH_E_1960_004_001_001_03.wav;CNRSMH_E_1960_004_001_
items/2012/05/15/CNRSMH_E_1960_004_001_001_04.wav;CNRSMH_E_1960_004_001_
items/2012/05/15/CNRSMH_E_1960_004_001_001_05.wav;CNRSMH_E_1960_004_001_
items/2012/05/15/CNRSMH_E_1960_004_001_001_06.wav;CNRSMH_E_1960_004_001_
items/2012/05/15/CNRSMH_E_1960_004_001_001_07.wav;CNRSMH_E_1960_004_001_
items/2012/05/15/CNRSMH_E_1960_004_001_001_08.wav;CNRSMH_E_1960_004_001_
items/2012/05/15/CNRSMH_E_1960_004_001_001_09.wav;CNRSMH_E_1960_004_001_
items/2012/05/15/CNRSMH_E_1960_004_001_001_10.wav;CNRSMH_E_1960_004_001_
items/2012/05/15/CNRSMH_E_1960_004_001_001_11.wav;CNRSMH_E_1960_004_001_
items/2012/05/15/CNRSMH_E_1960_004_001_001_12.wav;CNRSMH_E_1960_004_001_
items/2012/05/15/CNRSMH_E_1960_004_001_001_13.wav;CNRSMH_E_1960_004_001_
items/2012/05/15/CNRSMH_E_1960_004_001_001_14.wav;CNRSMH_E_1960_004_001_
items/2012/05/18/CNRSMH_E_1959_002_004_001_02.wav;CNRSMH_E_1959_002_004_
items/2012/05/18/CNRSMH_E_1959_002_004_001_03.wav;CNRSMH_E_1959_002_004_
items/2012/05/18/CNRSMH_E_1959_002_004_001_04_1.wav;CNRSMH_E_1959_002_004_
items/2012/05/18/CNRSMH_E_1959_002_004_001_05.wav;CNRSMH_E_1959_002_004_
items/2012/05/18/CNRSMH_E_1959_002_004_001_06.wav;CNRSMH_E_1959_002_004_
items/2012/05/18/CNRSMH_E_1959_002_004_001_07.wav;CNRSMH_E_1959_002_004_
items/2012/05/18/CNRSMH_E_1959_002_004_001_08.wav;CNRSMH_E_1959_002_004_
items/2012/05/18/CNRSMH_E_1959_002_004_001_09_1.wav;CNRSMH_E_1959_002_004_
items/2012/05/18/CNRSMH_E_1959_002_004_001_10.wav;CNRSMH_E_1959_002_004_
items/2012/05/18/CNRSMH_E_1959_002_004_001_11.wav;CNRSMH_E_1959_002_004_
items/2012/05/18/CNRSMH_E_1959_002_004_001_12.wav;CNRSMH_E_1959_002_004_
items/2012/05/18/CNRSMH_E_1959_002_004_001_13.wav;CNRSMH_E_1959_002_004_
items/2012/05/18/CNRSMH_E_1959_002_004_001_14.wav;CNRSMH_E_1959_002_004_
items/2012/05/18/CNRSMH_E_1959_002_004_001_15.wav;CNRSMH_E_1959_002_004_
items/2012/05/18/CNRSMH_E_1959_002_004_001_16.wav;CNRSMH_E_1959_002_004_
items/2012/05/18/CNRSMH_E_1959_002_004_001_17.wav;CNRSMH_E_1959_002_004_
items/2012/05/18/CNRSMH_E_1959_002_004_001_18.wav;CNRSMH_E_1959_002_004_
items/2012/05/18/CNRSMH_E_1959_002_004_001_19.wav;CNRSMH_E_1959_002_004_
items/2012/05/18/CNRSMH_E_1959_002_004_001_20.wav;CNRSMH_E_1959_002_004_
items/2012/05/18/CNRSMH_E_1959_002_004_001_21.wav;CNRSMH_E_1959_002_004_
items/2012/05/18/CNRSMH_E_1959_002_004_001_22.wav;CNRSMH_E_1959_002_004_
items/2012/05/18/CNRSMH_E_1959_002_004_001_23.wav;CNRSMH_E_1959_002_004_
items/2012/05/18/CNRSMH_E_1959_002_004_001_24.wav;CNRSMH_E_1959_002_004_
items/2012/05/18/CNRSMH_E_1959_002_004_001_25.wav;CNRSMH_E_1959_002_004_
items/2012/05/18/CNRSMH_E_1959_002_004_001_26.wav;CNRSMH_E_1959_002_004_
items/2012/05/18/CNRSMH_E_1959_002_004_001_27.wav;CNRSMH_E_1959_002_004_
items/2012/05/18/CNRSMH_E_1959_002_004_001_28.wav;CNRSMH_E_1959_002_004_
items/2012/05/18/CNRSMH_E_1959_002_004_001_29.wav;CNRSMH_E_1959_002_004_
items/2012/05/18/CNRSMH_E_1959_002_004_001_30.wav;CNRSMH_E_1959_002_004_
items/2012/05/18/CNRSMH_E_1959_002_004_001_31_1.wav;CNRSMH_E_1959_002_004_
items/2012/05/18/CNRSMH_E_1959_002_004_001_32.wav;CNRSMH_E_1959_002_004_
items/2012/05/18/CNRSMH_E_1959_002_004_001_33.wav;CNRSMH_E_1959_002_004_
items/2012/05/18/CNRSMH_E_1959_002_004_001_34.wav;CNRSMH_E_1959_002_004_
items/2012/05/18/CNRSMH_E_1959_002_004_001_35.wav;CNRSMH_E_1959_002_004_
items/2012/05/18/CNRSMH_E_1959_002_004_001_36.wav;CNRSMH_E_1959_002_004_
items/2012/05/18/CNRSMH_E_1959_002_004_001_37.wav;CNRSMH_E_1959_002_004_
items/2012/05/18/CNRSMH_E_1959_002_004_001_38.wav;CNRSMH_E_1959_002_004_
items/2012/05/18/CNRSMH_E_1959_002_004_001_39.wav;CNRSMH_E_1959_002_004_
items/2012/05/18/CNRSMH_E_1959_002_004_001_40.wav;CNRSMH_E_1959_002_004_
items/2012/05/18/CNRSMH_E_1959_002_004_001_41.wav;CNRSMH_E_1959_002_004_
items/2012/05/18/CNRSMH_E_1959_002_004_001_42.wav;CNRSMH_E_1959_002_004_
items/2012/05/18/CNRSMH_E_1959_002_004_001_43.wav;CNRSMH_E_1959_002_004_
items/2012/05/18/CNRSMH_E_1959_002_004_001_44.wav;CNRSMH_E_1959_002_004_
items/2012/05/18/CNRSMH_E_1959_002_004_001_45.wav;CNRSMH_E_1959_002_004_
items/2012/05/18/CNRSMH_E_1959_002_004_001_46.wav;CNRSMH_E_1959_002_004_
items/2012/05/18/CNRSMH_E_1959_002_004_001_47.wav;CNRSMH_E_1959_002_004_
items/2012/05/18/CNRSMH_E_1959_002_004_001_48.wav;CNRSMH_E_1959_002_004_
items/2012/05/18/CNRSMH_E_1959_002_004_001_49.wav;CNRSMH_E_1959_002_004_
items/2012/05/18/CNRSMH_E_1959_002_004_002_15.wav;CNRSMH_E_1959_002_004_
items/2012/05/18/CNRSMH_E_1959_002_004_002_16.wav;CNRSMH_E_1959_002_004_
items/2012/05/18/CNRSMH_E_1959_002_004_002_17.wav;CNRSMH_E_1959_002_004_
items/2012/05/18/CNRSMH_E_1959_002_004_002_18.wav;CNRSMH_E_1959_002_004_
items/2012/05/18/CNRSMH_E_1959_002_004_003_15.wav;CNRSMH_E_1959_002_004_
items/2012/05/29/CNRSMH_E_1959_002_004_002_01_1.wav;CNRSMH_E_1959_002_004_
items/2012/05/29/CNRSMH_E_1959_002_004_002_02.wav;CNRSMH_E_1959_002_004_
items/2012/06/01/CNRSMH_E_1959_002_004_002_03.wav;CNRSMH_E_1959_002_004_
items/2012/06/01/CNRSMH_E_1959_002_004_002_04.wav;CNRSMH_E_1959_002_004_
items/2012/06/01/CNRSMH_E_1959_002_004_002_06.wav;CNRSMH_E_1959_002_004_
items/2012/06/07/CNRSMH_E_1959_002_004_002_05.wav;CNRSMH_E_1959_002_004_
items/2012/06/07/CNRSMH_E_1959_002_004_002_07.wav;CNRSMH_E_1959_002_004_
items/2012/06/07/CNRSMH_E_1959_002_004_002_08.wav;CNRSMH_E_1959_002_004_
items/2012/06/07/CNRSMH_E_1959_002_004_003_01.wav;CNRSMH_E_1959_002_004_
items/2012/06/07/CNRSMH_E_1959_002_004_003_02.wav;CNRSMH_E_1959_002_004_
items/2012/06/07/CNRSMH_E_1959_002_004_003_03.wav;CNRSMH_E_1959_002_004_
items/2012/06/07/CNRSMH_E_1959_002_004_003_04.wav;CNRSMH_E_1959_002_004_
items/2012/06/07/CNRSMH_E_1959_002_004_003_05.wav;CNRSMH_E_1959_002_004_
items/2012/06/07/CNRSMH_E_1959_002_004_003_06.wav;CNRSMH_E_1959_002_004_
items/2012/06/07/CNRSMH_E_1959_002_004_003_07.wav;CNRSMH_E_1959_002_004_
items/2012/06/07/CNRSMH_E_1959_002_004_003_08.wav;CNRSMH_E_1959_002_004_
items/2012/06/07/CNRSMH_E_1959_002_004_003_16.wav;CNRSMH_E_1959_002_004_
items/2012/06/07/CNRSMH_E_1959_002_004_003_17.wav;CNRSMH_E_1959_002_004_
items/2012/06/07/CNRSMH_E_1959_002_004_003_18.wav;CNRSMH_E_1959_002_004_
items/2012/06/07/CNRSMH_E_1959_002_004_003_19.wav;CNRSMH_E_1959_002_004_
items/2012/06/07/CNRSMH_E_1959_002_004_003_20.wav;CNRSMH_E_1959_002_004_
items/2012/06/07/CNRSMH_E_1959_002_004_003_21.wav;CNRSMH_E_1959_002_004_
items/2012/06/07/CNRSMH_E_1959_002_004_003_22.wav;CNRSMH_E_1959_002_004_
items/2012/06/07/CNRSMH_E_1959_002_004_003_23.wav;CNRSMH_E_1959_002_004_
items/2012/06/07/CNRSMH_E_1959_002_004_003_24.wav;CNRSMH_E_1959_002_004_
items/2012/06/07/CNRSMH_E_1959_002_004_003_25.wav;CNRSMH_E_1959_002_004_
items/2012/06/07/CNRSMH_E_1959_002_004_003_26.wav;CNRSMH_E_1959_002_004_
items/2012/06/07/CNRSMH_E_1959_002_004_003_27.wav;CNRSMH_E_1959_002_004_
items/2012/06/07/CNRSMH_E_1959_002_004_003_28.wav;CNRSMH_E_1959_002_004_
items/2012/06/12/CNRSMH_E_1959_002_004_002_09.wav;CNRSMH_E_1959_002_004_
items/2012/06/12/CNRSMH_E_1959_002_004_002_10.wav;CNRSMH_E_1959_002_004_
items/2012/06/14/CNRSMH_E_1959_002_004_002_11.wav;CNRSMH_E_1959_002_004_
items/2012/06/14/CNRSMH_E_1959_002_004_002_12.wav;CNRSMH_E_1959_002_004_
items/2012/06/14/CNRSMH_E_1959_002_004_002_13.wav;CNRSMH_E_1959_002_004_
items/2012/06/14/CNRSMH_E_1959_002_004_002_14.wav;CNRSMH_E_1959_002_004_
items/2012/06/14/CNRSMH_E_1959_002_004_002_19.wav;CNRSMH_E_1959_002_004_
items/2012/06/14/CNRSMH_E_1959_002_004_002_20.wav;CNRSMH_E_1959_002_004_
items/2012/06/14/CNRSMH_E_1959_002_004_002_21.wav;CNRSMH_E_1959_002_004_
items/2012/06/14/CNRSMH_E_1959_002_004_002_22.wav;CNRSMH_E_1959_002_004_
items/2012/06/14/CNRSMH_E_1959_002_004_002_23.wav;CNRSMH_E_1959_002_004_
items/2012/06/14/CNRSMH_E_1959_002_004_002_24.wav;CNRSMH_E_1959_002_004_
items/2012/06/14/CNRSMH_E_1959_002_004_002_25.wav;CNRSMH_E_1959_002_004_
items/2012/06/14/CNRSMH_E_1959_002_004_002_26.wav;CNRSMH_E_1959_002_004_
items/2012/06/14/CNRSMH_E_1959_002_004_002_27.wav;CNRSMH_E_1959_002_004_
items/2012/06/14/CNRSMH_E_1959_002_004_002_28.wav;CNRSMH_E_1959_002_004_
items/2012/06/14/CNRSMH_E_1959_002_004_002_29.wav;CNRSMH_E_1959_002_004_
items/2012/06/14/CNRSMH_E_1959_002_004_002_30.wav;CNRSMH_E_1959_002_004_
items/2012/06/14/CNRSMH_E_1959_002_004_003_09.wav;CNRSMH_E_1959_002_004_
items/2012/06/14/CNRSMH_E_1959_002_004_003_10.wav;CNRSMH_E_1959_002_004_
items/2012/06/14/CNRSMH_E_1959_002_004_003_11.wav;CNRSMH_E_1959_002_004_
items/2012/06/14/CNRSMH_E_1959_002_004_003_12.wav;CNRSMH_E_1959_002_004_
items/2012/06/14/CNRSMH_E_1959_002_004_003_13.wav;CNRSMH_E_1959_002_004_
items/2012/06/14/CNRSMH_E_1959_002_004_003_14.wav;CNRSMH_E_1959_002_004_
items/2012/06/14/CNRSMH_E_1959_002_004_003_29.wav;CNRSMH_E_1959_002_004_
items/2012/07/09/CNRSMH_E_1958_006_001_001_01.wav;CNRSMH_E_1958_006_001_
items/2012/07/09/CNRSMH_E_1958_006_001_001_02.wav;CNRSMH_E_1958_006_001_
items/2012/07/09/CNRSMH_E_1958_006_001_001_03.wav;CNRSMH_E_1958_006_001_
items/2012/07/09/CNRSMH_E_1958_006_001_001_04.wav;CNRSMH_E_1958_006_001_
items/2012/07/09/CNRSMH_E_1958_006_001_001_05.wav;CNRSMH_E_1958_006_001_
items/2012/07/09/CNRSMH_E_1958_006_001_001_06.wav;CNRSMH_E_1958_006_001_
items/2012/07/09/CNRSMH_E_1958_006_001_001_07.wav;CNRSMH_E_1958_006_001_
items/2012/07/09/CNRSMH_E_1958_006_002_001_01.wav;CNRSMH_E_1958_006_002_
items/2012/07/09/CNRSMH_E_1958_006_002_001_02.wav;CNRSMH_E_1958_006_002_
items/2012/07/09/CNRSMH_E_1958_006_002_001_03.wav;CNRSMH_E_1958_006_002_
items/2012/07/09/CNRSMH_E_1958_006_002_001_04.wav;CNRSMH_E_1958_006_002_
items/2012/07/09/CNRSMH_E_1958_006_002_001_05.wav;CNRSMH_E_1958_006_002_
items/2012/07/09/CNRSMH_E_1958_006_002_001_06.wav;CNRSMH_E_1958_006_002_
items/2012/07/09/CNRSMH_E_1959_012_001_001_02.wav;CNRSMH_E_1959_012_001_
items/2012/07/09/CNRSMH_E_1959_012_001_001_03.wav;CNRSMH_E_1959_012_001_
items/2012/07/09/CNRSMH_E_1959_012_001_001_04.wav;CNRSMH_E_1959_012_001_
items/2012/07/09/CNRSMH_E_1959_012_001_001_05.wav;CNRSMH_E_1959_012_001_
items/2012/07/09/CNRSMH_E_1959_012_001_001_06.wav;CNRSMH_E_1959_012_001_
items/2012/07/09/CNRSMH_E_1959_012_001_001_07.wav;CNRSMH_E_1959_012_001_
items/2012/07/09/CNRSMH_E_1959_012_001_001_08.wav;CNRSMH_E_1959_012_001_
items/2012/07/09/CNRSMH_E_1959_012_001_001_09.wav;CNRSMH_E_1959_012_001_
items/2012/07/10/CNRSMH_E_1957_020_001_001_01.wav;CNRSMH_E_1957_020_001_
items/2012/07/10/CNRSMH_E_1957_020_001_001_02.wav;CNRSMH_E_1957_020_001_
items/2012/07/10/CNRSMH_E_1957_020_001_001_03.wav;CNRSMH_E_1957_020_001_
items/2012/07/10/CNRSMH_E_1957_020_001_001_04.wav;CNRSMH_E_1957_020_001_
items/2012/07/10/CNRSMH_E_1957_020_001_001_05_06.wav;CNRSMH_E_1957_020_001_
items/2012/07/10/CNRSMH_E_1957_020_001_001_07.wav;CNRSMH_E_1957_020_001_
items/2012/07/10/CNRSMH_E_1957_020_001_001_08.wav;CNRSMH_E_1957_020_001_
items/2012/07/10/CNRSMH_E_1957_020_001_001_09.wav;CNRSMH_E_1957_020_001_
items/2012/07/10/CNRSMH_E_1957_020_002_001_01_1.wav;CNRSMH_E_1957_020_002_
items/2012/07/10/CNRSMH_E_1957_020_002_001_02.wav;CNRSMH_E_1957_020_002_
items/2012/07/10/CNRSMH_E_1957_020_002_001_03.wav;CNRSMH_E_1957_020_002_
items/2012/07/10/CNRSMH_E_1957_020_002_001_04.wav;CNRSMH_E_1957_020_002_
items/2012/07/10/CNRSMH_E_1957_020_002_001_05.wav;CNRSMH_E_1957_020_002_
items/2012/07/10/CNRSMH_E_1957_020_002_001_06.wav;CNRSMH_E_1957_020_002_
items/2012/07/10/CNRSMH_E_1957_020_002_001_07.wav;CNRSMH_E_1957_020_002_
items/2012/07/10/CNRSMH_E_1957_020_002_001_08.wav;CNRSMH_E_1957_020_002_
items/2012/07/10/CNRSMH_E_1957_020_002_001_09.wav;CNRSMH_E_1957_020_002_
items/2012/07/10/CNRSMH_E_1957_020_002_001_10.wav;CNRSMH_E_1957_020_002_
items/2012/07/10/CNRSMH_E_1958_013_001_001_01.wav;CNRSMH_E_1958_013_001_
items/2012/07/10/CNRSMH_E_1958_013_001_001_02.wav;CNRSMH_E_1958_013_001_
items/2012/07/10/CNRSMH_E_1958_013_001_001_03.wav;CNRSMH_E_1958_013_001_
items/2012/07/10/CNRSMH_E_1958_013_001_001_04.wav;CNRSMH_E_1958_013_001_
items/2012/07/10/CNRSMH_E_1958_013_001_001_05.wav;CNRSMH_E_1958_013_001_
items/2012/07/10/CNRSMH_E_1958_013_001_001_06.wav;CNRSMH_E_1958_013_001_
items/2012/07/10/CNRSMH_E_1958_013_001_001_07.wav;CNRSMH_E_1958_013_001_
items/2012/07/10/CNRSMH_E_1958_013_001_001_08.wav;CNRSMH_E_1958_013_001_
items/2012/07/10/CNRSMH_E_1958_013_001_001_09.wav;CNRSMH_E_1958_013_001_
items/2012/07/10/CNRSMH_E_1958_013_001_001_10.wav;CNRSMH_E_1958_013_001_
items/2012/07/10/CNRSMH_E_1958_013_001_001_11.wav;CNRSMH_E_1958_013_001_
items/2012/07/10/CNRSMH_E_1958_013_001_001_12.wav;CNRSMH_E_1958_013_001_
items/2012/07/10/CNRSMH_E_1958_013_001_001_13.wav;CNRSMH_E_1958_013_001_
items/2012/07/10/CNRSMH_E_1958_013_001_001_14.wav;CNRSMH_E_1958_013_001_
items/2012/07/10/CNRSMH_E_1958_013_001_001_15.wav;CNRSMH_E_1958_013_001_
items/2012/07/11/CNRSMH_E_1981_007_001_001_01.wav;CNRSMH_E_1981_007_001_
items/2012/07/11/CNRSMH_E_1981_007_001_001_02.wav;CNRSMH_E_1981_007_001_
items/2012/07/11/CNRSMH_E_1981_007_001_001_03.wav;CNRSMH_E_1981_007_001_
items/2012/07/11/CNRSMH_E_1981_007_001_001_04.wav;CNRSMH_E_1981_007_001_
items/2012/07/11/CNRSMH_E_1981_007_001_001_05.wav;CNRSMH_E_1981_007_001_
items/2012/07/11/CNRSMH_E_1981_007_001_001_06.wav;CNRSMH_E_1981_007_001_
items/2012/07/11/CNRSMH_E_1981_007_001_001_07.wav;CNRSMH_E_1981_007_001_
items/2012/07/11/CNRSMH_E_1981_007_001_001_08.wav;CNRSMH_E_1981_007_001_
items/2012/07/11/CNRSMH_E_1981_007_001_001_09.wav;CNRSMH_E_1981_007_001_
items/2012/07/11/CNRSMH_E_1981_007_001_001_10.wav;CNRSMH_E_1981_007_001_
items/2012/07/11/CNRSMH_E_1981_007_001_001_11.wav;CNRSMH_E_1981_007_001_
items/2012/07/11/CNRSMH_E_1981_007_001_001_12.wav;CNRSMH_E_1981_007_001_
items/2012/07/12/CNRSMH_E_1959_012_001_001_01.wav;CNRSMH_E_1959_012_001_
items/2012/07/16/CNRSMH_E_1980_009_001_001_01.wav;CNRSMH_E_1980_009_001_
items/2012/07/16/CNRSMH_E_1980_009_001_001_02.wav;CNRSMH_E_1980_009_001_
items/2012/07/16/CNRSMH_E_1980_009_001_001_04.wav;CNRSMH_E_1980_009_001_
items/2012/07/16/CNRSMH_E_1980_009_001_001_05.wav;CNRSMH_E_1980_009_001_
items/2012/07/16/CNRSMH_E_1980_009_001_001_06.wav;CNRSMH_E_1980_009_001_
items/2012/07/16/CNRSMH_E_1980_009_001_001_07.wav;CNRSMH_E_1980_009_001_
items/2012/07/16/CNRSMH_E_1980_009_001_001_08.wav;CNRSMH_E_1980_009_001_
items/2012/07/16/CNRSMH_E_1980_009_001_001_09.wav;CNRSMH_E_1980_009_001_
items/2012/07/16/CNRSMH_E_1980_009_001_001_10.wav;CNRSMH_E_1980_009_001_
items/2012/07/16/CNRSMH_E_1980_009_001_001_11.wav;CNRSMH_E_1980_009_001_
items/2012/07/16/CNRSMH_E_1980_009_001_001_12.wav;CNRSMH_E_1980_009_001_
items/2012/07/16/CNRSMH_E_1980_009_001_001_13.wav;CNRSMH_E_1980_009_001_
items/2012/07/16/CNRSMH_E_1980_009_001_001_14.wav;CNRSMH_E_1980_009_001_
items/2012/07/16/CNRSMH_E_1980_009_001_001_15.wav;CNRSMH_E_1980_009_001_
items/2012/07/16/CNRSMH_E_1980_009_001_001_16.wav;CNRSMH_E_1980_009_001_
items/2012/07/16/CNRSMH_E_1980_009_001_001_17.wav;CNRSMH_E_1980_009_001_
items/2012/07/17/CNRSMH_E_1979_004_003_001_01.wav;CNRSMH_E_1979_004_003_
items/2012/07/17/CNRSMH_E_1979_004_003_001_02.wav;CNRSMH_E_1979_004_003_
items/2012/07/17/CNRSMH_E_1979_004_003_001_03.wav;CNRSMH_E_1979_004_003_
items/2012/07/17/CNRSMH_E_1979_004_003_001_04.wav;CNRSMH_E_1979_004_003_
items/2012/07/17/CNRSMH_E_1979_004_003_001_05.wav;CNRSMH_E_1979_004_003_
items/2012/07/17/CNRSMH_E_1979_004_003_001_06.wav;CNRSMH_E_1979_004_003_
items/2012/07/17/CNRSMH_E_1979_004_003_001_07.wav;CNRSMH_E_1979_004_003_
items/2012/07/17/CNRSMH_E_1979_004_003_001_08.wav;CNRSMH_E_1979_004_003_
items/2012/07/17/CNRSMH_E_1979_004_003_001_09.wav;CNRSMH_E_1979_004_003_
items/2012/07/17/CNRSMH_E_1979_004_003_001_10.wav;CNRSMH_E_1979_004_003_
items/2012/07/17/CNRSMH_E_1979_004_003_001_11.wav;CNRSMH_E_1979_004_003_
items/2012/07/17/CNRSMH_E_1979_004_003_001_12.wav;CNRSMH_E_1979_004_003_
items/2012/07/17/CNRSMH_E_1979_004_003_001_13.wav;CNRSMH_E_1979_004_003_
items/2012/07/17/CNRSMH_E_1979_004_003_001_14.wav;CNRSMH_E_1979_004_003_
items/2012/07/20/CNRSMH_E_1976_013_001_001_01.wav;CNRSMH_E_1976_013_001_
items/2012/07/20/CNRSMH_E_1976_013_001_001_02.wav;CNRSMH_E_1976_013_001_
items/2012/07/20/CNRSMH_E_1976_013_001_001_03.wav;CNRSMH_E_1976_013_001_
items/2012/07/20/CNRSMH_E_1976_013_001_001_04.wav;CNRSMH_E_1976_013_001_
items/2012/07/20/CNRSMH_E_1976_013_001_001_05.wav;CNRSMH_E_1976_013_001_
items/2012/07/20/CNRSMH_E_1976_013_001_001_06.wav;CNRSMH_E_1976_013_001_
items/2012/07/20/CNRSMH_E_1976_013_001_001_07.wav;CNRSMH_E_1976_013_001_
items/2012/07/20/CNRSMH_E_1976_013_001_001_08.wav;CNRSMH_E_1976_013_001_
items/2012/07/20/CNRSMH_E_1976_013_001_001_09.wav;CNRSMH_E_1976_013_001_
items/2012/07/20/CNRSMH_E_1976_013_001_001_10.wav;CNRSMH_E_1976_013_001_
items/2012/07/20/CNRSMH_E_1976_013_001_001_11.wav;CNRSMH_E_1976_013_001_
items/2012/07/20/CNRSMH_E_1976_013_001_001_12.wav;CNRSMH_E_1976_013_001_
items/2012/07/20/CNRSMH_E_1976_013_001_001_13.wav;CNRSMH_E_1976_013_001_
items/2012/07/20/CNRSMH_E_1976_013_001_001_14.wav;CNRSMH_E_1976_013_001_
items/2012/07/20/CNRSMH_E_1976_013_001_001_15.wav;CNRSMH_E_1976_013_001_
items/2012/07/20/CNRSMH_E_1976_013_001_001_16.wav;CNRSMH_E_1976_013_001_
items/2012/07/24/CNRSMH_E_1970_001_001_001_01.wav;CNRSMH_E_1970_001_001_
items/2012/07/24/CNRSMH_E_1970_001_001_001_02.wav;CNRSMH_E_1970_001_001_
items/2012/07/24/CNRSMH_E_1970_001_001_001_03.wav;CNRSMH_E_1970_001_001_
items/2012/07/24/CNRSMH_E_1970_001_001_001_04.wav;CNRSMH_E_1970_001_001_
items/2012/07/24/CNRSMH_E_1970_001_001_001_05.wav;CNRSMH_E_1970_001_001_
items/2012/07/24/CNRSMH_E_1971_003_004_001_01.wav;CNRSMH_E_1971_003_004_
items/2012/07/24/CNRSMH_E_1971_003_004_001_02.wav;CNRSMH_E_1971_003_004_
items/2012/07/24/CNRSMH_E_1971_003_004_001_03.wav;CNRSMH_E_1971_003_004_
items/2012/07/24/CNRSMH_E_1971_003_004_001_04.wav;CNRSMH_E_1971_003_004_
items/2012/07/24/CNRSMH_E_1971_003_004_001_05.wav;CNRSMH_E_1971_003_004_
items/2012/07/24/CNRSMH_E_1971_003_004_001_06.wav;CNRSMH_E_1971_003_004_
items/2012/07/24/CNRSMH_E_1971_003_004_001_07.wav;CNRSMH_E_1971_003_004_
items/2012/07/24/CNRSMH_E_1971_003_004_001_08.wav;CNRSMH_E_1971_003_004_
items/2012/07/25/CNRSMH_E_1958_006_003_001_01.wav;CNRSMH_E_1958_006_003_
items/2012/07/25/CNRSMH_E_1958_006_003_001_02.wav;CNRSMH_E_1958_006_003_
items/2012/07/25/CNRSMH_E_1958_006_003_001_03.wav;CNRSMH_E_1958_006_003_
items/2012/07/25/CNRSMH_E_1958_006_003_001_04.wav;CNRSMH_E_1958_006_003_
items/2012/07/25/CNRSMH_E_1958_006_003_001_05.wav;CNRSMH_E_1958_006_003_
items/2012/07/25/CNRSMH_E_1958_006_003_001_06.wav;CNRSMH_E_1958_006_003_
items/2012/07/25/CNRSMH_E_1958_006_003_001_07.wav;CNRSMH_E_1958_006_003_
items/2012/07/25/CNRSMH_E_1970_001_001_001_06.wav;CNRSMH_E_1970_001_001_
items/2012/07/25/CNRSMH_E_1970_001_001_001_07.wav;CNRSMH_E_1970_001_001_
items/2012/07/25/CNRSMH_E_1970_001_001_001_08_1.wav;CNRSMH_E_1970_001_001_
items/2012/07/25/CNRSMH_E_1970_001_001_001_09.wav;CNRSMH_E_1970_001_001_
items/2012/07/26/CNRSMH_E_1959_014_001_001_01.wav;CNRSMH_E_1959_014_001_
items/2012/07/26/CNRSMH_E_1959_014_001_001_02.wav;CNRSMH_E_1959_014_001_
items/2012/07/26/CNRSMH_E_1959_014_002_001_01.wav;CNRSMH_E_1959_014_002_
items/2012/07/26/CNRSMH_E_1959_014_002_001_02.wav;CNRSMH_E_1959_014_002_
items/2012/07/26/CNRSMH_E_1959_014_002_001_03.wav;CNRSMH_E_1959_014_002_
items/2012/08/29/CNRSMH_E_1979_012_001_001_01.wav;CNRSMH_E_1979_012_001_
items/2012/08/29/CNRSMH_E_1979_012_001_001_02.wav;CNRSMH_E_1979_012_001_
items/2012/08/29/CNRSMH_E_1979_012_001_002_01.wav;CNRSMH_E_1979_012_001_
items/2012/08/29/CNRSMH_E_1979_012_001_002_02.wav;CNRSMH_E_1979_012_001_
items/2012/08/29/CNRSMH_E_1979_012_001_003_01.wav;CNRSMH_E_1979_012_001_
items/2012/08/29/CNRSMH_E_1979_012_001_003_02.wav;CNRSMH_E_1979_012_001_
items/2012/08/29/CNRSMH_E_1979_012_001_003_03.wav;CNRSMH_E_1979_012_001_
items/2012/08/29/CNRSMH_E_1987_016_001_001.wav;CNRSMH_E_1987_016_001_
items/2012/08/29/CNRSMH_E_1987_016_001_002.wav;CNRSMH_E_1987_016_001_
items/2012/08/29/CNRSMH_E_1987_016_001_003.wav;CNRSMH_E_1987_016_001_
items/2012/08/29/CNRSMH_E_1987_016_001_004.wav;CNRSMH_E_1987_016_001_
items/2012/08/29/CNRSMH_E_1987_016_001_005.wav;CNRSMH_E_1987_016_001_
items/2012/08/29/CNRSMH_E_1987_016_001_006.wav;CNRSMH_E_1987_016_001_
items/2012/08/29/CNRSMH_E_1987_016_001_007.wav;CNRSMH_E_1987_016_001_
items/2012/08/29/CNRSMH_E_1987_016_001_008.wav;CNRSMH_E_1987_016_001_
items/2012/08/29/CNRSMH_E_1987_016_001_009.wav;CNRSMH_E_1987_016_001_
items/2012/08/29/CNRSMH_E_1987_016_001_010.wav;CNRSMH_E_1987_016_001_
items/2012/08/29/CNRSMH_E_1987_016_001_011.wav;CNRSMH_E_1987_016_001_
items/2012/08/29/CNRSMH_E_1987_016_001_012.wav;CNRSMH_E_1987_016_001_
items/2012/08/29/CNRSMH_E_1987_016_001_013.wav;CNRSMH_E_1987_016_001_
items/2012/08/29/CNRSMH_E_1987_016_001_014.wav;CNRSMH_E_1987_016_001_
items/2012/08/29/CNRSMH_E_1987_016_001_015.wav;CNRSMH_E_1987_016_001_
items/2012/08/29/CNRSMH_E_1987_016_001_016.wav;CNRSMH_E_1987_016_001_
items/2012/08/29/CNRSMH_E_1987_016_001_017.wav;CNRSMH_E_1987_016_001_
items/2012/08/30/CNRSMH_E_1982_017_001_01.wav;CNRSMH_E_1982_017_001_
items/2012/08/30/CNRSMH_E_1982_017_001_02.wav;CNRSMH_E_1982_017_001_
items/2012/08/30/CNRSMH_E_1982_017_001_03.wav;CNRSMH_E_1982_017_001_
items/2012/08/30/CNRSMH_E_1982_017_001_04.wav;CNRSMH_E_1982_017_001_
items/2012/08/31/CNRSMH_E_1959_003_013_001_01.wav;CNRSMH_E_1959_003_013_
items/2012/08/31/CNRSMH_E_1959_003_013_001_02.wav;CNRSMH_E_1959_003_013_
items/2012/08/31/CNRSMH_E_1959_003_013_001_03.wav;CNRSMH_E_1959_003_013_
items/2012/08/31/CNRSMH_E_1959_003_013_001_04.wav;CNRSMH_E_1959_003_013_
items/2012/08/31/CNRSMH_E_1959_003_013_001_05.wav;CNRSMH_E_1959_003_013_
items/2012/08/31/CNRSMH_E_1959_003_013_001_06.wav;CNRSMH_E_1959_003_013_
items/2012/08/31/CNRSMH_E_1959_003_013_001_07.wav;CNRSMH_E_1959_003_013_
items/2012/08/31/CNRSMH_E_1959_003_013_001_08.wav;CNRSMH_E_1959_003_013_
items/2012/08/31/CNRSMH_E_1959_003_013_001_09.wav;CNRSMH_E_1959_003_013_
items/2012/08/31/CNRSMH_E_1959_003_013_001_10.wav;CNRSMH_E_1959_003_013_
items/2012/09/03/CNRSMH_E_1979_012_009_001_01.wav;CNRSMH_E_1979_012_009_
items/2012/09/03/CNRSMH_E_1979_012_009_001_02.wav;CNRSMH_E_1979_012_009_
items/2012/09/03/CNRSMH_E_1979_012_009_001_03.wav;CNRSMH_E_1979_012_009_
items/2012/09/03/CNRSMH_E_1979_012_009_001_04.wav;CNRSMH_E_1979_012_009_
items/2012/09/03/CNRSMH_E_1979_012_009_001_05.wav;CNRSMH_E_1979_012_009_
items/2012/09/11/CNRSMH_E_1980_018_001_01.wav;CNRSMH_E_1980_018_001_
items/2012/09/11/CNRSMH_E_1980_018_001_02.wav;CNRSMH_E_1980_018_001_
items/2012/09/12/CNRSMH_E_1980_018_001_03.wav;CNRSMH_E_1980_018_001_
items/2012/09/12/CNRSMH_E_1980_018_001_04.wav;CNRSMH_E_1980_018_001_
items/2012/09/13/CNRSMH_E_1970_018_001_001_01.wav;CNRSMH_E_1970_018_001_
items/2012/09/13/CNRSMH_E_1970_018_001_001_02.wav;CNRSMH_E_1970_018_001_
items/2012/09/13/CNRSMH_E_1970_018_001_001_03.wav;CNRSMH_E_1970_018_001_
items/2012/09/13/CNRSMH_E_1970_018_001_001_04.wav;CNRSMH_E_1970_018_001_
items/2012/09/13/CNRSMH_E_1970_018_001_002_05.wav;CNRSMH_E_1970_018_001_
items/2012/09/13/CNRSMH_E_1970_018_001_002_06.wav;CNRSMH_E_1970_018_001_
items/2012/09/13/CNRSMH_E_1970_018_001_002_07.wav;CNRSMH_E_1970_018_001_
items/2012/09/13/CNRSMH_E_1970_018_001_002_08.wav;CNRSMH_E_1970_018_001_
items/2012/09/13/CNRSMH_E_1979_012_007_001_01.wav;CNRSMH_E_1979_012_007_
items/2012/09/13/CNRSMH_E_1979_012_007_001_02.wav;CNRSMH_E_1979_012_007_
items/2012/09/13/CNRSMH_E_1979_012_007_001_03.wav;CNRSMH_E_1979_012_007_
items/2012/09/13/CNRSMH_E_1979_012_007_002_01.wav;CNRSMH_E_1979_012_007_
items/2012/09/13/CNRSMH_E_1979_012_007_002_02.wav;CNRSMH_E_1979_012_007_
items/2012/09/14/CNRSMH_E_2011_005_001_01.wav;CNRSMH_E_2011_005_001_
items/2012/09/14/CNRSMH_E_2011_005_001_02.wav;CNRSMH_E_2011_005_001_
items/2012/09/14/CNRSMH_E_2011_005_001_03.wav;CNRSMH_E_2011_005_001_
items/2012/09/14/CNRSMH_E_2011_005_001_04.wav;CNRSMH_E_2011_005_001_
items/2012/09/14/CNRSMH_E_2011_005_001_05.wav;CNRSMH_E_2011_005_001_
items/2012/09/14/CNRSMH_E_2011_005_001_06.wav;CNRSMH_E_2011_005_001_
items/2012/09/14/CNRSMH_E_2011_005_008_01.wav;CNRSMH_E_2011_005_008_
items/2012/09/17/CNRSMH_E_1960_006_001_01.wav;CNRSMH_E_1960_006_001_
items/2012/09/17/CNRSMH_E_1960_006_001_02.wav;CNRSMH_E_1960_006_001_
items/2012/09/17/CNRSMH_E_1960_006_002_01.wav;CNRSMH_E_1960_006_002_
items/2012/09/17/CNRSMH_E_1960_006_002_02.wav;CNRSMH_E_1960_006_002_
items/2012/09/17/CNRSMH_E_1960_006_002_03.wav;CNRSMH_E_1960_006_002_
items/2012/09/18/CNRSMH_E_1965_009_006_01.wav;CNRSMH_E_1965_009_006_
items/2012/09/18/CNRSMH_E_1965_009_006_02.wav;CNRSMH_E_1965_009_006_
items/2012/09/18/CNRSMH_E_1965_009_006_03.wav;CNRSMH_E_1965_009_006_
items/2012/09/18/CNRSMH_E_1965_009_006_04.wav;CNRSMH_E_1965_009_006_
items/2012/09/18/CNRSMH_E_1965_009_006_05.wav;CNRSMH_E_1965_009_006_
items/2012/09/18/CNRSMH_E_1965_009_006_06.wav;CNRSMH_E_1965_009_006_
items/2012/09/18/CNRSMH_E_1965_009_006_07.wav;CNRSMH_E_1965_009_006_
items/2012/09/18/CNRSMH_E_1965_009_006_07.wav;CNRSMH_E_1965_009_006_
items/2012/09/20/CNRSMH_E_1965_009_006_08.wav;CNRSMH_E_1965_009_006_
items/2012/09/20/CNRSMH_E_1965_009_006_09.wav;CNRSMH_E_1965_009_006_
items/2012/09/21/CNRSMH_E_2011_005_008_02.wav;CNRSMH_E_2011_005_008_
items/2012/09/21/CNRSMH_E_2011_005_008_03.wav;CNRSMH_E_2011_005_008_
items/2012/09/21/CNRSMH_E_2011_005_008_04.wav;CNRSMH_E_2011_005_008_
items/2012/09/21/CNRSMH_E_2011_005_008_05.wav;CNRSMH_E_2011_005_008_
items/2012/09/21/CNRSMH_E_2011_005_008_06.wav;CNRSMH_E_2011_005_008_
items/2012/09/28/CNRSMH_E_2011_005_003_01.wav;CNRSMH_E_2011_005_003_
items/2012/09/28/CNRSMH_E_2011_005_004_01.wav;CNRSMH_E_2011_005_004_
items/2012/09/28/CNRSMH_E_2011_005_004_02.wav;CNRSMH_E_2011_005_004_
items/2012/09/28/CNRSMH_E_2011_005_004_03.wav;CNRSMH_E_2011_005_004_
items/2012/09/28/CNRSMH_E_2011_005_004_04.wav;CNRSMH_E_2011_005_004_
items/2012/09/28/CNRSMH_E_2011_005_004_05.wav;CNRSMH_E_2011_005_004_
items/2012/09/28/CNRSMH_E_2011_005_004_06.wav;CNRSMH_E_2011_005_004_
items/2012/09/28/CNRSMH_E_2011_005_028_01.wav;CNRSMH_E_2011_005_028_
items/2012/09/28/CNRSMH_E_2011_005_028_02.wav;CNRSMH_E_2011_005_028_
items/2012/09/28/CNRSMH_E_2011_005_028_03.wav;CNRSMH_E_2011_005_028_
items/2012/09/28/CNRSMH_E_2011_005_028_04.wav;CNRSMH_E_2011_005_028_
items/2012/09/28/CNRSMH_E_2011_005_028_05.wav;CNRSMH_E_2011_005_028_
items/2012/09/28/CNRSMH_E_2011_026_001_001_001.wav;CNRSMH_E_2011_026_001_
items/2012/09/28/CNRSMH_E_2011_026_001_001_002.wav;CNRSMH_E_2011_026_001_
items/2012/09/28/CNRSMH_E_2011_026_001_001_003.wav;CNRSMH_E_2011_026_001_
items/2012/09/28/CNRSMH_E_2011_026_001_001_004.wav;CNRSMH_E_2011_026_001_
items/2012/09/28/CNRSMH_E_2011_026_001_001_005.wav;CNRSMH_E_2011_026_001_
items/2012/09/28/CNRSMH_E_2011_026_001_001_006.wav;CNRSMH_E_2011_026_001_
items/2012/09/28/CNRSMH_E_2011_026_001_001_007.wav;CNRSMH_E_2011_026_001_
items/2012/09/28/CNRSMH_E_2011_026_001_001_008.wav;CNRSMH_E_2011_026_001_
items/2012/09/28/CNRSMH_E_2011_026_001_001_009.wav;CNRSMH_E_2011_026_001_
items/2012/09/28/CNRSMH_E_2011_026_001_001_010.wav;CNRSMH_E_2011_026_001_
items/2012/09/28/CNRSMH_E_2011_026_002_001_001.wav;CNRSMH_E_2011_026_002_
items/2012/09/28/CNRSMH_E_2011_026_002_001_002.wav;CNRSMH_E_2011_026_002_
items/2012/09/28/CNRSMH_E_2011_026_002_001_003.wav;CNRSMH_E_2011_026_002_
items/2012/09/28/CNRSMH_E_2011_026_002_001_004.wav;CNRSMH_E_2011_026_002_
items/2012/09/28/CNRSMH_E_2011_026_002_001_005.wav;CNRSMH_E_2011_026_002_
items/2012/09/28/CNRSMH_E_2011_026_003_001_001.wav;CNRSMH_E_2011_026_003_
items/2012/09/28/CNRSMH_E_2011_026_003_001_002.wav;CNRSMH_E_2011_026_003_
items/2012/09/28/CNRSMH_E_2011_026_003_001_003.wav;CNRSMH_E_2011_026_003_
items/2012/09/28/CNRSMH_E_2011_026_003_001_004.wav;CNRSMH_E_2011_026_003_
items/2012/09/28/CNRSMH_E_2011_026_003_001_005.wav;CNRSMH_E_2011_026_003_
items/2012/09/28/CNRSMH_E_2011_026_003_001_006.wav;CNRSMH_E_2011_026_003_
items/2012/09/28/CNRSMH_E_2011_026_003_001_007.wav;CNRSMH_E_2011_026_003_
items/2012/09/28/CNRSMH_E_2011_026_003_001_008.wav;CNRSMH_E_2011_026_003_
items/2012/09/28/CNRSMH_E_2011_026_004_001_001.wav;CNRSMH_E_2011_026_004_
items/2012/09/28/CNRSMH_E_2011_026_004_001_002.wav;CNRSMH_E_2011_026_004_
items/2012/09/28/CNRSMH_E_2011_026_004_001_003.wav;CNRSMH_E_2011_026_004_
items/2012/09/28/CNRSMH_E_2011_026_004_001_004.wav;CNRSMH_E_2011_026_004_
items/2012/09/28/CNRSMH_E_2011_026_004_001_005.wav;CNRSMH_E_2011_026_004_
items/2012/09/28/CNRSMH_E_2011_026_004_001_006.wav;CNRSMH_E_2011_026_004_
items/2012/09/28/CNRSMH_E_2011_026_007_001_001.wav;CNRSMH_E_2011_026_007_
items/2012/09/28/CNRSMH_E_2011_026_007_001_001_1.wav;CNRSMH_E_2011_026_007_
items/2012/09/28/CNRSMH_E_2011_026_007_001_002.wav;CNRSMH_E_2011_026_007_
items/2012/09/28/CNRSMH_E_2011_026_007_001_002_1.wav;CNRSMH_E_2011_026_007_
items/2012/09/28/CNRSMH_E_2011_026_007_001_003.wav;CNRSMH_E_2011_026_007_
items/2012/09/28/CNRSMH_E_2011_026_007_001_003_1.wav;CNRSMH_E_2011_026_007_
items/2012/09/28/CNRSMH_E_2011_026_007_001_004.wav;CNRSMH_E_2011_026_007_
items/2012/09/28/CNRSMH_E_2011_026_007_001_004_1.wav;CNRSMH_E_2011_026_007_
items/2012/09/28/CNRSMH_E_2011_026_007_001_005.wav;CNRSMH_E_2011_026_007_
items/2012/09/28/CNRSMH_E_2011_026_007_001_005_1.wav;CNRSMH_E_2011_026_007_
items/2012/09/28/CNRSMH_E_2011_026_007_001_006.wav;CNRSMH_E_2011_026_007_
items/2012/09/28/CNRSMH_E_2011_026_008_001_001.wav;CNRSMH_E_2011_026_008_
items/2012/09/28/CNRSMH_E_2011_026_008_001_002.wav;CNRSMH_E_2011_026_008_
items/2012/09/28/CNRSMH_E_2011_026_008_001_003.wav;CNRSMH_E_2011_026_008_
items/2012/09/28/CNRSMH_E_2011_026_008_001_004.wav;CNRSMH_E_2011_026_008_
items/2012/09/28/CNRSMH_E_2011_026_008_001_005.wav;CNRSMH_E_2011_026_008_
items/2012/09/28/CNRSMH_E_2011_026_008_001_006.wav;CNRSMH_E_2011_026_008_
items/2012/09/28/CNRSMH_E_2011_026_008_001_007.wav;CNRSMH_E_2011_026_008_
items/2012/09/28/CNRSMH_E_2011_026_008_001_008.wav;CNRSMH_E_2011_026_008_
items/2012/09/28/CNRSMH_E_2011_026_008_001_009.wav;CNRSMH_E_2011_026_008_
items/2012/09/28/CNRSMH_E_2011_026_008_001_010.wav;CNRSMH_E_2011_026_008_
items/2012/09/28/CNRSMH_E_2011_026_009_001_001.wav;CNRSMH_E_2011_026_009_
items/2012/09/28/CNRSMH_E_2011_026_009_001_002.wav;CNRSMH_E_2011_026_009_
items/2012/09/28/CNRSMH_E_2011_026_009_001_003.wav;CNRSMH_E_2011_026_009_
items/2012/09/28/CNRSMH_E_2011_026_009_001_004.wav;CNRSMH_E_2011_026_009_
items/2012/09/28/CNRSMH_E_2011_026_009_001_006.wav;CNRSMH_E_2011_026_009_
items/2012/09/28/CNRSMH_E_2011_026_009_001_006_1.wav;CNRSMH_E_2011_026_009_
items/2012/09/28/CNRSMH_E_2011_026_009_001_007.wav;CNRSMH_E_2011_026_009_
items/2012/09/28/CNRSMH_E_2011_026_009_001_008.wav;CNRSMH_E_2011_026_009_
items/2012/09/28/CNRSMH_E_2011_026_010_001_001.wav;CNRSMH_E_2011_026_010_
items/2012/09/28/CNRSMH_E_2011_026_010_001_002.wav;CNRSMH_E_2011_026_010_
items/2012/09/28/CNRSMH_E_2011_026_010_001_003.wav;CNRSMH_E_2011_026_010_
items/2012/09/28/CNRSMH_E_2011_026_010_001_004.wav;CNRSMH_E_2011_026_010_
items/2012/09/28/CNRSMH_E_2011_026_010_001_005.wav;CNRSMH_E_2011_026_010_
items/2012/09/28/CNRSMH_E_2011_026_010_001_006.wav;CNRSMH_E_2011_026_010_
items/2012/09/28/CNRSMH_E_2011_026_010_001_007.wav;CNRSMH_E_2011_026_010_
items/2012/09/28/CNRSMH_E_2011_026_010_001_008.wav;CNRSMH_E_2011_026_010_
items/2012/09/28/CNRSMH_E_2011_026_010_001_009.wav;CNRSMH_E_2011_026_010_
items/2012/09/28/CNRSMH_E_2011_026_010_001_010.wav;CNRSMH_E_2011_026_010_
items/2012/09/28/CNRSMH_E_2011_026_010_001_011.wav;CNRSMH_E_2011_026_010_
items/2012/09/28/CNRSMH_E_2011_026_011_001_001.wav;CNRSMH_E_2011_026_011_
items/2012/09/28/CNRSMH_E_2011_026_011_001_002.wav;CNRSMH_E_2011_026_011_
items/2012/09/28/CNRSMH_E_2011_026_011_001_003.wav;CNRSMH_E_2011_026_011_
items/2012/09/28/CNRSMH_E_2011_026_011_001_004.wav;CNRSMH_E_2011_026_011_
items/2012/09/28/CNRSMH_E_2011_026_011_001_005.wav;CNRSMH_E_2011_026_011_
items/2012/09/28/CNRSMH_E_2011_026_011_001_006.wav;CNRSMH_E_2011_026_011_
items/2012/09/28/CNRSMH_E_2011_026_011_001_007.wav;CNRSMH_E_2011_026_011_
items/2012/09/28/CNRSMH_E_2011_026_011_001_008.wav;CNRSMH_E_2011_026_011_
items/2012/09/28/CNRSMH_E_2011_026_011_001_009.wav;CNRSMH_E_2011_026_011_
items/2012/09/28/CNRSMH_E_2011_026_012_001_001.wav;CNRSMH_E_2011_026_012_
items/2012/09/28/CNRSMH_E_2011_026_012_001_002.wav;CNRSMH_E_2011_026_012_
items/2012/09/28/CNRSMH_E_2011_026_012_001_003.wav;CNRSMH_E_2011_026_012_
items/2012/09/28/CNRSMH_E_2011_026_012_001_004.wav;CNRSMH_E_2011_026_012_
items/2012/09/28/CNRSMH_E_2011_026_012_001_005.wav;CNRSMH_E_2011_026_012_
items/2012/09/28/CNRSMH_E_2011_026_012_001_006.wav;CNRSMH_E_2011_026_012_
items/2012/09/28/CNRSMH_E_2011_026_012_001_007.wav;CNRSMH_E_2011_026_012_
items/2012/09/28/CNRSMH_E_2011_026_012_001_008.wav;CNRSMH_E_2011_026_012_
items/2012/09/28/CNRSMH_E_2011_026_012_001_009.wav;CNRSMH_E_2011_026_012_
items/2012/09/28/CNRSMH_E_2011_026_013_001_001.wav;CNRSMH_E_2011_026_013_
items/2012/09/28/CNRSMH_E_2011_026_013_001_002.wav;CNRSMH_E_2011_026_013_
items/2012/09/28/CNRSMH_E_2011_026_013_001_003.wav;CNRSMH_E_2011_026_013_
items/2012/09/28/CNRSMH_E_2011_026_013_001_004.wav;CNRSMH_E_2011_026_013_
items/2012/09/28/CNRSMH_E_2011_026_013_001_005.wav;CNRSMH_E_2011_026_013_
items/2012/09/28/CNRSMH_E_2011_026_013_001_006.wav;CNRSMH_E_2011_026_013_
items/2012/09/28/CNRSMH_E_2011_026_013_001_007.wav;CNRSMH_E_2011_026_013_
items/2012/09/28/CNRSMH_E_2011_026_013_001_008.wav;CNRSMH_E_2011_026_013_
items/2012/09/28/CNRSMH_E_2011_026_014_001_001.wav;CNRSMH_E_2011_026_014_
items/2012/09/28/CNRSMH_E_2011_026_014_001_002.wav;CNRSMH_E_2011_026_014_
items/2012/09/28/CNRSMH_E_2011_026_014_001_003.wav;CNRSMH_E_2011_026_014_
items/2012/09/28/CNRSMH_E_2011_026_014_001_004_1.wav;CNRSMH_E_2011_026_014_
items/2012/09/28/CNRSMH_E_2011_026_014_001_005_3.wav;CNRSMH_E_2011_026_014_
items/2012/09/28/CNRSMH_E_2011_026_014_001_006.wav;CNRSMH_E_2011_026_014_
items/2012/09/28/CNRSMH_E_2011_026_014_001_007.wav;CNRSMH_E_2011_026_014_
items/2012/09/28/CNRSMH_E_2011_026_014_001_008.wav;CNRSMH_E_2011_026_014_
items/2012/09/28/CNRSMH_E_2011_026_015_001_001.wav;CNRSMH_E_2011_026_015_
items/2012/09/28/CNRSMH_E_2011_026_015_001_002.wav;CNRSMH_E_2011_026_015_
items/2012/09/28/CNRSMH_E_2011_026_015_001_003.wav;CNRSMH_E_2011_026_015_
items/2012/09/28/CNRSMH_E_2011_026_015_001_004.wav;CNRSMH_E_2011_026_015_
items/2012/09/28/CNRSMH_E_2011_026_015_001_005.wav;CNRSMH_E_2011_026_015_
items/2012/09/28/CNRSMH_E_2011_026_015_001_006.wav;CNRSMH_E_2011_026_015_
items/2012/09/28/CNRSMH_E_2011_026_015_001_008.wav;CNRSMH_E_2011_026_015_
items/2012/09/28/CNRSMH_E_2011_026_015_001_008_1.wav;CNRSMH_E_2011_026_015_
items/2012/09/28/CNRSMH_E_2011_026_015_001_009.wav;CNRSMH_E_2011_026_015_
items/2012/09/28/CNRSMH_E_2011_026_015_001_010.wav;CNRSMH_E_2011_026_015_
items/2012/09/28/CNRSMH_E_2011_026_016_001_001.wav;CNRSMH_E_2011_026_016_
items/2012/09/28/CNRSMH_E_2011_026_016_001_002.wav;CNRSMH_E_2011_026_016_
items/2012/09/28/CNRSMH_E_2011_026_016_001_003.wav;CNRSMH_E_2011_026_016_
items/2012/09/28/CNRSMH_E_2011_026_016_001_004.wav;CNRSMH_E_2011_026_016_
items/2012/09/28/CNRSMH_E_2011_026_016_001_005.wav;CNRSMH_E_2011_026_016_
items/2012/09/28/CNRSMH_E_2011_026_016_001_006.wav;CNRSMH_E_2011_026_016_
items/2012/09/28/CNRSMH_E_2011_026_016_001_007.wav;CNRSMH_E_2011_026_016_
items/2012/09/28/CNRSMH_E_2011_026_016_001_008.wav;CNRSMH_E_2011_026_016_
items/2012/09/28/CNRSMH_E_2011_026_017_001_001.wav;CNRSMH_E_2011_026_017_
items/2012/09/28/CNRSMH_E_2011_026_017_001_002.wav;CNRSMH_E_2011_026_017_
items/2012/09/28/CNRSMH_E_2011_026_017_001_003.wav;CNRSMH_E_2011_026_017_
items/2012/09/28/CNRSMH_E_2011_026_017_001_004.wav;CNRSMH_E_2011_026_017_
items/2012/09/28/CNRSMH_E_2011_026_017_001_005.wav;CNRSMH_E_2011_026_017_
items/2012/09/28/CNRSMH_E_2011_026_017_001_006.wav;CNRSMH_E_2011_026_017_
items/2012/09/28/CNRSMH_E_2011_026_017_001_007.wav;CNRSMH_E_2011_026_017_
items/2012/09/28/CNRSMH_E_2011_026_017_001_008.wav;CNRSMH_E_2011_026_017_
items/2012/09/28/CNRSMH_E_2011_026_018_001_001.wav;CNRSMH_E_2011_026_018_
items/2012/09/28/CNRSMH_E_2011_026_018_001_002.wav;CNRSMH_E_2011_026_018_
items/2012/09/28/CNRSMH_E_2011_026_020_001_001.wav;CNRSMH_E_2011_026_020_
items/2012/09/28/CNRSMH_E_2011_026_020_001_002.wav;CNRSMH_E_2011_026_020_
items/2012/09/28/CNRSMH_E_2011_026_020_001_003.wav;CNRSMH_E_2011_026_020_
items/2012/09/28/CNRSMH_E_2011_026_020_001_004.wav;CNRSMH_E_2011_026_020_
items/2012/09/28/CNRSMH_E_2011_026_020_001_005.wav;CNRSMH_E_2011_026_020_
items/2012/09/28/CNRSMH_E_2011_026_020_001_006.wav;CNRSMH_E_2011_026_020_
items/2012/09/28/CNRSMH_E_2011_026_020_001_007.wav;CNRSMH_E_2011_026_020_
items/2012/09/28/CNRSMH_E_2011_026_020_001_008.wav;CNRSMH_E_2011_026_020_
items/2012/09/28/CNRSMH_E_2011_026_020_001_009.wav;CNRSMH_E_2011_026_020_
items/2012/09/28/CNRSMH_E_2011_026_020_001_010.wav;CNRSMH_E_2011_026_020_
items/2012/09/28/CNRSMH_E_2011_026_020_001_011.wav;CNRSMH_E_2011_026_020_
items/2012/09/28/CNRSMH_E_2011_026_021_001_001.wav;CNRSMH_E_2011_026_021_
items/2012/09/28/CNRSMH_E_2011_026_021_001_002.wav;CNRSMH_E_2011_026_021_
items/2012/09/28/CNRSMH_E_2011_026_021_001_003.wav;CNRSMH_E_2011_026_021_
items/2012/09/28/CNRSMH_E_2011_026_021_001_004_1.wav;CNRSMH_E_2011_026_021_
items/2012/09/28/CNRSMH_E_2011_026_021_001_005_1.wav;CNRSMH_E_2011_026_021_
items/2012/09/28/CNRSMH_E_2011_026_021_001_006.wav;CNRSMH_E_2011_026_021_
items/2012/09/28/CNRSMH_E_2011_026_022_001_001.wav;CNRSMH_E_2011_026_022_
items/2012/09/28/CNRSMH_E_2011_026_022_001_002.wav;CNRSMH_E_2011_026_022_
items/2012/09/28/CNRSMH_E_2011_026_022_001_003.wav;CNRSMH_E_2011_026_022_
items/2012/09/28/CNRSMH_E_2011_026_022_001_004.wav;CNRSMH_E_2011_026_022_
items/2012/09/28/CNRSMH_E_2011_026_022_001_005.wav;CNRSMH_E_2011_026_022_
items/2012/09/28/CNRSMH_E_2011_026_022_001_006.wav;CNRSMH_E_2011_026_022_
items/2012/09/28/CNRSMH_E_2011_026_022_001_007.wav;CNRSMH_E_2011_026_022_
items/2012/09/28/CNRSMH_E_2011_026_022_001_008.wav;CNRSMH_E_2011_026_022_
items/2012/09/28/CNRSMH_E_2011_026_022_001_009.wav;CNRSMH_E_2011_026_022_
items/2012/09/28/CNRSMH_E_2011_026_022_001_010.wav;CNRSMH_E_2011_026_022_
items/2012/09/28/CNRSMH_E_2011_026_022_001_011.wav;CNRSMH_E_2011_026_022_
items/2012/09/28/CNRSMH_E_2011_026_023_001_001.wav;CNRSMH_E_2011_026_023_
items/2012/09/28/CNRSMH_E_2011_026_023_001_002.wav;CNRSMH_E_2011_026_023_
items/2012/09/28/CNRSMH_E_2011_026_023_001_003.wav;CNRSMH_E_2011_026_023_
items/2012/09/28/CNRSMH_E_2011_026_023_001_004.wav;CNRSMH_E_2011_026_023_
items/2012/09/28/CNRSMH_E_2011_026_023_001_005.wav;CNRSMH_E_2011_026_023_
items/2012/09/28/CNRSMH_E_2011_026_023_001_006.wav;CNRSMH_E_2011_026_023_
items/2012/09/28/CNRSMH_E_2011_026_023_001_007.wav;CNRSMH_E_2011_026_023_
items/2012/09/28/CNRSMH_E_2011_026_023_001_008.wav;CNRSMH_E_2011_026_023_
items/2012/09/28/CNRSMH_E_2011_026_023_001_009.wav;CNRSMH_E_2011_026_023_
items/2012/09/28/CNRSMH_E_2011_026_023_001_010.wav;CNRSMH_E_2011_026_023_
items/2012/09/28/CNRSMH_E_2011_026_023_001_011.wav;CNRSMH_E_2011_026_023_
items/2012/09/28/CNRSMH_E_2011_026_023_001_012.wav;CNRSMH_E_2011_026_023_
items/2012/09/28/CNRSMH_E_2011_026_023_001_013.wav;CNRSMH_E_2011_026_023_
items/2012/09/28/CNRSMH_E_2011_026_023_001_014.wav;CNRSMH_E_2011_026_023_
items/2012/10/01/CNRSMH_E_2011_005_003_02.wav;CNRSMH_E_2011_005_003_
items/2012/10/01/CNRSMH_E_2011_005_003_03.wav;CNRSMH_E_2011_005_003_
items/2012/10/01/CNRSMH_E_2011_005_003_04.wav;CNRSMH_E_2011_005_003_
items/2012/10/01/CNRSMH_E_2011_005_003_05.wav;CNRSMH_E_2011_005_003_
items/2012/10/01/CNRSMH_E_2011_005_003_06.wav;CNRSMH_E_2011_005_003_
items/2012/10/24/CNRSMH_E_1958_010_001_01.wav;CNRSMH_E_1958_010_001_
items/2012/10/24/CNRSMH_E_1958_010_001_02.wav;CNRSMH_E_1958_010_001_
items/2012/10/24/CNRSMH_E_1958_010_001_03.wav;CNRSMH_E_1958_010_001_
items/2012/10/24/CNRSMH_E_1958_010_001_04.wav;CNRSMH_E_1958_010_001_
items/2012/10/24/CNRSMH_E_1958_010_001_05.wav;CNRSMH_E_1958_010_001_
items/2012/10/24/CNRSMH_E_1958_010_001_06.wav;CNRSMH_E_1958_010_001_
items/2012/10/24/CNRSMH_E_1958_010_001_07.wav;CNRSMH_E_1958_010_001_
items/2012/10/24/CNRSMH_E_1958_010_001_08.wav;CNRSMH_E_1958_010_001_
items/2012/10/24/CNRSMH_E_1958_010_001_09.wav;CNRSMH_E_1958_010_001_
items/2012/10/24/CNRSMH_E_1958_010_001_10.wav;CNRSMH_E_1958_010_001_
items/2012/10/24/CNRSMH_E_1958_010_001_11.wav;CNRSMH_E_1958_010_001_
items/2012/10/24/CNRSMH_E_1958_010_001_12.wav;CNRSMH_E_1958_010_001_
items/2012/10/24/CNRSMH_E_2011_005_025_01.wav;CNRSMH_E_2011_005_025_
items/2012/10/24/CNRSMH_E_2011_005_025_02.wav;CNRSMH_E_2011_005_025_
items/2012/10/24/CNRSMH_E_2011_005_025_03.wav;CNRSMH_E_2011_005_025_
items/2012/10/24/CNRSMH_E_2011_005_025_04.wav;CNRSMH_E_2011_005_025_
items/2012/10/24/CNRSMH_E_2011_005_025_05.wav;CNRSMH_E_2011_005_025_
items/2012/10/24/CNRSMH_E_2011_005_025_06.wav;CNRSMH_E_2011_005_025_
items/2012/10/24/CNRSMH_E_2011_005_025_07.wav;CNRSMH_E_2011_005_025_
items/2012/10/24/CNRSMH_E_2011_005_025_08.wav;CNRSMH_E_2011_005_025_
items/2012/10/24/CNRSMH_E_2011_005_025_09.wav;CNRSMH_E_2011_005_025_
items/2012/10/24/CNRSMH_E_2011_005_025_10.wav;CNRSMH_E_2011_005_025_
items/2012/10/25/CNRSMH_E_1969_005_005_01.wav;CNRSMH_E_1969_005_005_
items/2012/10/25/CNRSMH_E_1969_005_005_02.wav;CNRSMH_E_1969_005_005_
items/2012/10/25/CNRSMH_E_1969_005_005_03.wav;CNRSMH_E_1969_005_005_
items/2012/10/25/CNRSMH_E_1969_005_005_04.wav;CNRSMH_E_1969_005_005_
items/2012/10/25/CNRSMH_E_1969_005_005_05.wav;CNRSMH_E_1969_005_005_
items/2012/10/31/CNRSMH_E_2012_012_001_001_01.wav;CNRSMH_E_2012_012_001_
items/2012/10/31/CNRSMH_E_2012_012_001_001_02.wav;CNRSMH_E_2012_012_001_
items/2012/10/31/CNRSMH_E_2012_012_001_001_03.wav;CNRSMH_E_2012_012_001_
items/2012/10/31/CNRSMH_E_2012_012_001_001_04.wav;CNRSMH_E_2012_012_001_
items/2012/10/31/CNRSMH_E_2012_012_001_001_05.wav;CNRSMH_E_2012_012_001_
items/2012/10/31/CNRSMH_E_2012_012_001_001_06.wav;CNRSMH_E_2012_012_001_
items/2012/10/31/CNRSMH_E_2012_012_001_001_07.wav;CNRSMH_E_2012_012_001_
items/2012/10/31/CNRSMH_E_2012_012_001_001_08.wav;CNRSMH_E_2012_012_001_
items/2012/10/31/CNRSMH_E_2012_012_001_001_09.wav;CNRSMH_E_2012_012_001_
items/2012/10/31/CNRSMH_E_2012_012_001_001_10.wav;CNRSMH_E_2012_012_001_
items/2012/10/31/CNRSMH_E_2012_012_001_001_11.wav;CNRSMH_E_2012_012_001_
items/2012/10/31/CNRSMH_E_2012_012_001_001_12.wav;CNRSMH_E_2012_012_001_
items/2012/11/07/CNRSMH_E_2012_012_001_001_13.wav;CNRSMH_E_2012_012_001_
items/2012/11/07/CNRSMH_E_2012_012_001_001_14.wav;CNRSMH_E_2012_012_001_
items/2012/11/07/CNRSMH_E_2012_012_001_001_15.wav;CNRSMH_E_2012_012_001_
items/2012/11/07/CNRSMH_E_2012_012_001_001_16.wav;CNRSMH_E_2012_012_001_
items/2012/11/07/CNRSMH_E_2012_012_001_001_17.wav;CNRSMH_E_2012_012_001_
items/2012/11/07/CNRSMH_E_2012_012_001_001_18.wav;CNRSMH_E_2012_012_001_
items/2012/11/07/CNRSMH_E_2012_012_001_001_19_1.wav;CNRSMH_E_2012_012_001_
items/2012/11/07/CNRSMH_E_2012_012_001_002_01.wav;CNRSMH_E_2012_012_001_
items/2012/11/07/CNRSMH_E_2012_012_001_002_02.wav;CNRSMH_E_2012_012_001_
items/2012/11/07/CNRSMH_E_2012_012_001_002_03.wav;CNRSMH_E_2012_012_001_
items/2012/11/07/CNRSMH_E_2012_012_001_002_04.wav;CNRSMH_E_2012_012_001_
items/2012/11/07/CNRSMH_E_2012_012_001_002_05.wav;CNRSMH_E_2012_012_001_
items/2012/11/07/CNRSMH_E_2012_012_001_002_06.wav;CNRSMH_E_2012_012_001_
items/2012/11/07/CNRSMH_E_2012_012_001_002_07.wav;CNRSMH_E_2012_012_001_
items/2012/11/07/CNRSMH_E_2012_012_001_002_08.wav;CNRSMH_E_2012_012_001_
items/2012/11/07/CNRSMH_E_2012_012_001_002_09.wav;CNRSMH_E_2012_012_001_
items/2012/11/07/CNRSMH_E_2012_012_001_002_10.wav;CNRSMH_E_2012_012_001_
items/2012/11/07/CNRSMH_E_2012_012_001_002_11.wav;CNRSMH_E_2012_012_001_
items/2012/11/07/CNRSMH_E_2012_012_001_002_12.wav;CNRSMH_E_2012_012_001_
items/2012/11/07/CNRSMH_E_2012_012_001_002_13.wav;CNRSMH_E_2012_012_001_
items/2012/11/09/CNRSMH_E_1971_001_001_001_01.wav;CNRSMH_E_1971_001_001_
items/2012/11/09/CNRSMH_E_1971_001_001_001_02.wav;CNRSMH_E_1971_001_001_
items/2012/11/09/CNRSMH_E_1971_001_001_001_03.wav;CNRSMH_E_1971_001_001_
items/2012/11/09/CNRSMH_E_1971_001_001_001_04.wav;CNRSMH_E_1971_001_001_
items/2012/11/09/CNRSMH_E_1971_001_001_001_05.wav;CNRSMH_E_1971_001_001_
items/2012/11/09/CNRSMH_E_1971_001_001_001_06.wav;CNRSMH_E_1971_001_001_
items/2012/11/09/CNRSMH_E_1971_001_001_001_07.wav;CNRSMH_E_1971_001_001_
items/2012/11/09/CNRSMH_E_1971_001_001_001_08.wav;CNRSMH_E_1971_001_001_
items/2012/11/09/CNRSMH_E_1971_001_001_001_09.wav;CNRSMH_E_1971_001_001_
items/2012/11/09/CNRSMH_E_1971_001_001_001_10.wav;CNRSMH_E_1971_001_001_
items/2012/11/09/CNRSMH_E_1971_001_001_001_11.wav;CNRSMH_E_1971_001_001_
items/2012/11/09/CNRSMH_E_1971_001_001_001_12.wav;CNRSMH_E_1971_001_001_
items/2012/11/09/CNRSMH_E_1971_001_001_001_13.wav;CNRSMH_E_1971_001_001_
items/2012/11/09/CNRSMH_E_1971_003_002_001_01.wav;CNRSMH_E_1971_003_002_
items/2012/11/09/CNRSMH_E_1971_003_002_001_02.wav;CNRSMH_E_1971_003_002_
items/2012/11/09/CNRSMH_E_1971_003_002_001_03.wav;CNRSMH_E_1971_003_002_
items/2012/11/09/CNRSMH_E_1971_003_002_001_04.wav;CNRSMH_E_1971_003_002_
items/2012/11/09/CNRSMH_E_1971_003_002_001_05.wav;CNRSMH_E_1971_003_002_
items/2012/11/09/CNRSMH_E_1971_003_002_001_06.wav;CNRSMH_E_1971_003_002_
items/2012/11/09/CNRSMH_E_1971_003_002_001_07.wav;CNRSMH_E_1971_003_002_
items/2012/11/09/CNRSMH_E_1971_003_002_001_09.wav;CNRSMH_E_1971_003_002_
items/2012/11/11/CNRSMH_E_1971_003_001_001_01.wav;CNRSMH_E_1971_003_001_
items/2012/11/11/CNRSMH_E_1971_003_001_001_01.wav;CNRSMH_E_1971_003_001_
items/2012/11/11/CNRSMH_E_1971_003_001_001_02.wav;CNRSMH_E_1971_003_001_
items/2012/11/11/CNRSMH_E_1971_003_001_001_03.wav;CNRSMH_E_1971_003_001_
items/2012/11/11/CNRSMH_E_1971_003_001_001_04.wav;CNRSMH_E_1971_003_001_
items/2012/11/11/CNRSMH_E_1971_003_001_001_05.wav;CNRSMH_E_1971_003_001_
items/2012/11/11/CNRSMH_E_1971_003_001_001_06.wav;CNRSMH_E_1971_003_001_
items/2012/11/11/CNRSMH_E_1971_003_001_001_07.wav;CNRSMH_E_1971_003_001_
items/2012/11/11/CNRSMH_E_1971_003_001_001_08.wav;CNRSMH_E_1971_003_001_
items/2012/11/11/CNRSMH_E_1971_003_001_001_09.wav;CNRSMH_E_1971_003_001_
items/2012/11/11/CNRSMH_E_1971_003_001_001_10.wav;CNRSMH_E_1971_003_001_
items/2012/11/11/CNRSMH_E_1971_003_001_001_11.wav;CNRSMH_E_1971_003_001_
items/2012/11/11/CNRSMH_E_1971_003_001_001_12.wav;CNRSMH_E_1971_003_001_
items/2012/11/11/CNRSMH_E_1971_003_001_001_13.wav;CNRSMH_E_1971_003_001_
items/2012/11/11/CNRSMH_E_1971_003_001_001_14.wav;CNRSMH_E_1971_003_001_
items/2012/11/11/CNRSMH_E_1971_003_001_001_15.wav;CNRSMH_E_1971_003_001_
items/2012/11/11/CNRSMH_E_1971_003_001_001_16.wav;CNRSMH_E_1971_003_001_
items/2012/11/11/CNRSMH_E_1971_003_001_001_17.wav;CNRSMH_E_1971_003_001_
items/2012/11/11/CNRSMH_E_1971_003_001_001_18.wav;CNRSMH_E_1971_003_001_
items/2012/11/11/CNRSMH_E_1971_003_001_001_19.wav;CNRSMH_E_1971_003_001_
items/2012/11/12/CNRSMH_E_1955_007_001_001_01.wav;CNRSMH_E_1955_007_001_
items/2012/11/12/CNRSMH_E_1955_007_001_001_02.wav;CNRSMH_E_1955_007_001_
items/2012/11/12/CNRSMH_E_1955_007_001_001_03.wav;CNRSMH_E_1955_007_001_
items/2012/11/12/CNRSMH_E_1955_007_001_001_04.wav;CNRSMH_E_1955_007_001_
items/2012/11/12/CNRSMH_E_1955_007_001_001_05.wav;CNRSMH_E_1955_007_001_
items/2012/11/12/CNRSMH_E_1955_007_001_001_06.wav;CNRSMH_E_1955_007_001_
items/2012/11/12/CNRSMH_E_1955_007_001_001_07.wav;CNRSMH_E_1955_007_001_
items/2012/11/12/CNRSMH_E_1955_007_001_001_08.wav;CNRSMH_E_1955_007_001_
items/2012/11/12/CNRSMH_E_1955_007_001_002_01.wav;CNRSMH_E_1955_007_001_
items/2012/11/12/CNRSMH_E_1955_007_001_002_02.wav;CNRSMH_E_1955_007_001_
items/2012/11/12/CNRSMH_E_1955_007_001_002_03.wav;CNRSMH_E_1955_007_001_
items/2012/11/12/CNRSMH_E_1955_007_001_002_04.wav;CNRSMH_E_1955_007_001_
items/2012/11/12/CNRSMH_E_1955_007_001_002_05.wav;CNRSMH_E_1955_007_001_
items/2012/11/12/CNRSMH_E_1955_007_001_002_06.wav;CNRSMH_E_1955_007_001_
items/2012/11/12/CNRSMH_E_1971_003_002_001_08__1.wav;CNRSMH_E_1971_003_002_
items/2012/11/12/CNRSMH_E_1971_003_003_001_01.wav;CNRSMH_E_1971_003_003_
items/2012/11/12/CNRSMH_E_1971_003_003_001_02.wav;CNRSMH_E_1971_003_003_
items/2012/11/12/CNRSMH_E_1971_003_003_001_03.wav;CNRSMH_E_1971_003_003_
items/2012/11/12/CNRSMH_E_1971_003_003_001_04.wav;CNRSMH_E_1971_003_003_
items/2012/11/12/CNRSMH_E_1971_003_003_001_05.wav;CNRSMH_E_1971_003_003_
items/2012/11/12/CNRSMH_E_1971_003_003_001_06.wav;CNRSMH_E_1971_003_003_
items/2012/11/12/CNRSMH_E_1971_003_003_001_07.wav;CNRSMH_E_1971_003_003_
items/2012/11/12/CNRSMH_E_1971_003_003_001_08.wav;CNRSMH_E_1971_003_003_
items/2012/11/12/CNRSMH_E_1971_003_003_001_09.wav;CNRSMH_E_1971_003_003_
items/2012/11/12/CNRSMH_E_1971_003_003_001_10.wav;CNRSMH_E_1971_003_003_
items/2012/11/12/CNRSMH_E_1971_003_003_001_11.wav;CNRSMH_E_1971_003_003_
items/2012/11/12/CNRSMH_E_1971_003_003_001_12.wav;CNRSMH_E_1971_003_003_
items/2012/11/12/CNRSMH_E_1971_003_003_001_13.wav;CNRSMH_E_1971_003_003_
items/2012/11/12/CNRSMH_E_1971_003_003_001_14.wav;CNRSMH_E_1971_003_003_
items/2012/11/12/CNRSMH_E_1971_003_003_001_15.wav;CNRSMH_E_1971_003_003_
items/2012/11/12/CNRSMH_E_1971_003_003_001_16.wav;CNRSMH_E_1971_003_003_
items/2012/11/12/CNRSMH_E_1971_003_003_001_17.wav;CNRSMH_E_1971_003_003_
items/2012/11/12/CNRSMH_E_1971_003_003_001_18.wav;CNRSMH_E_1971_003_003_
items/2012/11/12/CNRSMH_E_1971_003_003_001_19.wav;CNRSMH_E_1971_003_003_
items/2012/11/12/CNRSMH_E_1971_003_003_001_20.wav;CNRSMH_E_1971_003_003_
items/2012/11/12/CNRSMH_E_1971_003_003_001_21.wav;CNRSMH_E_1971_003_003_
items/2012/11/12/CNRSMH_E_1971_003_003_001_22.wav;CNRSMH_E_1971_003_003_
items/2012/11/12/CNRSMH_E_1979_021_001_001_01.wav;CNRSMH_E_1979_021_001_
items/2012/11/12/CNRSMH_E_1979_021_001_001_02.wav;CNRSMH_E_1979_021_001_
items/2012/11/12/CNRSMH_E_2006_004_001_001_01.wav;CNRSMH_E_2006_004_001_
items/2012/11/12/CNRSMH_E_2006_004_001_001_02.wav;CNRSMH_E_2006_004_001_
items/2012/11/12/CNRSMH_E_2006_004_001_001_03.wav;CNRSMH_E_2006_004_001_
items/2012/11/12/CNRSMH_E_2006_004_001_001_04.wav;CNRSMH_E_2006_004_001_
items/2012/11/12/CNRSMH_E_2006_004_001_001_05.wav;CNRSMH_E_2006_004_001_
items/2012/11/12/CNRSMH_E_2006_004_001_001_06.wav;CNRSMH_E_2006_004_001_
items/2012/11/12/CNRSMH_E_2006_004_001_001_07.wav;CNRSMH_E_2006_004_001_
items/2012/11/12/CNRSMH_E_2006_004_001_001_08.wav;CNRSMH_E_2006_004_001_
items/2012/11/12/CNRSMH_E_2006_004_001_001_09.wav;CNRSMH_E_2006_004_001_
items/2012/11/12/CNRSMH_E_2006_004_001_001_10.wav;CNRSMH_E_2006_004_001_
items/2012/11/12/CNRSMH_E_2006_004_001_001_11.wav;CNRSMH_E_2006_004_001_
items/2012/11/12/CNRSMH_E_2006_004_001_001_12.wav;CNRSMH_E_2006_004_001_
items/2012/11/12/CNRSMH_E_2006_004_001_001_13.wav;CNRSMH_E_2006_004_001_
items/2012/11/12/CNRSMH_E_2006_004_001_001_14.wav;CNRSMH_E_2006_004_001_
items/2012/11/14/CNRSMH_E_1965_009_005_001_01.wav;CNRSMH_E_1965_009_005_
items/2012/11/14/CNRSMH_E_1965_009_005_001_02.wav;CNRSMH_E_1965_009_005_
items/2012/11/14/CNRSMH_E_1965_009_005_001_03.wav;CNRSMH_E_1965_009_005_
items/2012/11/14/CNRSMH_E_1972_001_001_001_01.wav;CNRSMH_E_1972_001_001_
items/2012/11/14/CNRSMH_E_1972_001_001_001_02.wav;CNRSMH_E_1972_001_001_
items/2012/11/14/CNRSMH_E_1972_001_001_001_03.wav;CNRSMH_E_1972_001_001_
items/2012/11/14/CNRSMH_E_1972_001_001_001_04.wav;CNRSMH_E_1972_001_001_
items/2012/11/14/CNRSMH_E_1972_001_001_001_05.wav;CNRSMH_E_1972_001_001_
items/2012/11/14/CNRSMH_E_1972_001_001_001_06.wav;CNRSMH_E_1972_001_001_
items/2012/11/14/CNRSMH_E_1972_001_001_001_07.wav;CNRSMH_E_1972_001_001_
items/2012/11/14/CNRSMH_E_1972_001_001_001_08.wav;CNRSMH_E_1972_001_001_
items/2012/11/14/CNRSMH_E_1972_001_001_001_09.wav;CNRSMH_E_1972_001_001_
items/2012/11/14/CNRSMH_E_1972_001_001_001_10.wav;CNRSMH_E_1972_001_001_
items/2012/11/14/CNRSMH_E_1972_001_001_001_11.wav;CNRSMH_E_1972_001_001_
items/2012/11/14/CNRSMH_E_1972_001_001_001_12.wav;CNRSMH_E_1972_001_001_
items/2012/11/14/CNRSMH_E_1972_001_001_001_13.wav;CNRSMH_E_1972_001_001_
items/2012/11/14/CNRSMH_E_1972_001_001_001_14.wav;CNRSMH_E_1972_001_001_
items/2012/11/14/CNRSMH_E_1972_001_001_001_15.wav;CNRSMH_E_1972_001_001_
items/2012/11/14/CNRSMH_E_1972_001_001_001_16.wav;CNRSMH_E_1972_001_001_
items/2012/11/14/CNRSMH_E_1972_001_001_001_17.wav;CNRSMH_E_1972_001_001_
items/2012/11/14/CNRSMH_E_1972_001_001_001_18.wav;CNRSMH_E_1972_001_001_
items/2012/11/14/CNRSMH_E_1972_001_001_001_19.wav;CNRSMH_E_1972_001_001_
items/2012/11/14/CNRSMH_E_1972_001_001_001_20.wav;CNRSMH_E_1972_001_001_
items/2012/11/14/CNRSMH_E_1972_001_001_001_21.wav;CNRSMH_E_1972_001_001_
items/2012/11/14/CNRSMH_E_1972_001_001_001_22.wav;CNRSMH_E_1972_001_001_
items/2012/11/14/CNRSMH_E_1972_010_001_001_01.wav;CNRSMH_E_1972_010_001_
items/2012/11/14/CNRSMH_E_1972_010_001_001_02.wav;CNRSMH_E_1972_010_001_
items/2012/11/14/CNRSMH_E_1972_010_001_001_03.wav;CNRSMH_E_1972_010_001_
items/2012/11/14/CNRSMH_E_1972_010_001_001_04.wav;CNRSMH_E_1972_010_001_
items/2012/11/14/CNRSMH_E_1972_010_001_001_05.wav;CNRSMH_E_1972_010_001_
items/2012/11/14/CNRSMH_E_1972_010_001_001_06.wav;CNRSMH_E_1972_010_001_
items/2012/11/14/CNRSMH_E_1972_010_001_001_07.wav;CNRSMH_E_1972_010_001_
items/2012/11/14/CNRSMH_E_1972_010_001_001_08.wav;CNRSMH_E_1972_010_001_
items/2012/11/14/CNRSMH_E_1972_010_001_001_09.wav;CNRSMH_E_1972_010_001_
items/2012/11/14/CNRSMH_E_1972_010_001_001_10.wav;CNRSMH_E_1972_010_001_
items/2012/11/14/CNRSMH_E_1972_010_001_001_11.wav;CNRSMH_E_1972_010_001_
items/2012/11/14/CNRSMH_E_1972_010_001_001_12.wav;CNRSMH_E_1972_010_001_
items/2012/11/14/CNRSMH_E_1972_010_001_001_13.wav;CNRSMH_E_1972_010_001_
items/2012/11/14/CNRSMH_E_1972_010_001_001_14.wav;CNRSMH_E_1972_010_001_
items/2012/11/14/CNRSMH_E_1972_010_001_001_15.wav;CNRSMH_E_1972_010_001_
items/2012/11/14/CNRSMH_E_1972_010_001_001_16.wav;CNRSMH_E_1972_010_001_
items/2012/11/14/CNRSMH_E_1972_010_001_001_17.wav;CNRSMH_E_1972_010_001_
items/2012/11/14/CNRSMH_E_1972_010_001_001_18.wav;CNRSMH_E_1972_010_001_
items/2012/11/14/CNRSMH_E_1972_010_001_001_19.wav;CNRSMH_E_1972_010_001_
items/2012/11/14/CNRSMH_E_1972_010_001_001_20.wav;CNRSMH_E_1972_010_001_
items/2012/11/14/CNRSMH_E_1972_010_001_001_21.wav;CNRSMH_E_1972_010_001_
items/2012/11/14/CNRSMH_E_1972_010_001_001_22.wav;CNRSMH_E_1972_010_001_
items/2012/11/14/CNRSMH_E_1972_022_002_001_01.wav;CNRSMH_E_1972_022_002_
items/2012/11/14/CNRSMH_E_1972_022_002_001_02.wav;CNRSMH_E_1972_022_002_
items/2012/11/14/CNRSMH_E_1972_022_002_001_03.wav;CNRSMH_E_1972_022_002_
items/2012/11/14/CNRSMH_E_1972_022_002_001_04.wav;CNRSMH_E_1972_022_002_
items/2012/11/14/CNRSMH_E_1972_022_002_001_05.wav;CNRSMH_E_1972_022_002_
items/2012/11/14/CNRSMH_E_1972_022_002_001_06.wav;CNRSMH_E_1972_022_002_
items/2012/11/14/CNRSMH_E_1972_022_002_001_07.wav;CNRSMH_E_1972_022_002_
items/2012/11/14/CNRSMH_E_1972_022_002_001_08.wav;CNRSMH_E_1972_022_002_
items/2012/11/14/CNRSMH_E_1972_022_002_001_09.wav;CNRSMH_E_1972_022_002_
items/2012/11/14/CNRSMH_E_1972_022_002_001_10.wav;CNRSMH_E_1972_022_002_
items/2012/11/14/CNRSMH_E_1972_022_002_001_11.wav;CNRSMH_E_1972_022_002_
items/2012/11/14/CNRSMH_E_1972_022_002_001_12.wav;CNRSMH_E_1972_022_002_
items/2012/11/14/CNRSMH_E_1972_022_002_001_13.wav;CNRSMH_E_1972_022_002_
items/2012/11/14/CNRSMH_E_1972_022_002_001_14.wav;CNRSMH_E_1972_022_002_
items/2012/11/14/CNRSMH_E_1972_022_002_001_15.wav;CNRSMH_E_1972_022_002_
items/2012/11/14/CNRSMH_E_1972_022_002_001_16.wav;CNRSMH_E_1972_022_002_
items/2012/11/14/CNRSMH_E_1972_022_002_001_17.wav;CNRSMH_E_1972_022_002_
items/2012/11/14/CNRSMH_E_1972_022_002_001_18.wav;CNRSMH_E_1972_022_002_
items/2012/11/16/CNRSMH_E_1973_009_001_001_01.wav;CNRSMH_E_1973_009_001_
items/2012/11/16/CNRSMH_E_1973_009_001_001_02.wav;CNRSMH_E_1973_009_001_
items/2012/11/16/CNRSMH_E_1973_009_001_001_03.wav;CNRSMH_E_1973_009_001_
items/2012/11/16/CNRSMH_E_1973_009_001_001_04.wav;CNRSMH_E_1973_009_001_
items/2012/11/16/CNRSMH_E_1973_009_001_001_05.wav;CNRSMH_E_1973_009_001_
items/2012/11/16/CNRSMH_E_1973_009_001_001_06.wav;CNRSMH_E_1973_009_001_
items/2012/11/16/CNRSMH_E_1973_009_001_001_07.wav;CNRSMH_E_1973_009_001_
items/2012/11/16/CNRSMH_E_1973_009_001_001_08.wav;CNRSMH_E_1973_009_001_
items/2012/11/16/CNRSMH_E_1973_009_001_001_09.wav;CNRSMH_E_1973_009_001_
items/2012/11/16/CNRSMH_E_1973_009_001_001_10.wav;CNRSMH_E_1973_009_001_
items/2012/11/16/CNRSMH_E_1973_009_001_001_11.wav;CNRSMH_E_1973_009_001_
items/2012/11/16/CNRSMH_E_1973_009_001_001_12.wav;CNRSMH_E_1973_009_001_
items/2012/11/16/CNRSMH_E_1973_009_001_001_13.wav;CNRSMH_E_1973_009_001_
items/2012/11/16/CNRSMH_E_1973_009_001_001_14.wav;CNRSMH_E_1973_009_001_
items/2012/11/16/CNRSMH_E_1973_009_001_001_15.wav;CNRSMH_E_1973_009_001_
items/2012/11/16/CNRSMH_E_1973_011_001_001_01.wav;CNRSMH_E_1973_011_001_
items/2012/11/16/CNRSMH_E_1973_011_001_001_02.wav;CNRSMH_E_1973_011_001_
items/2012/11/16/CNRSMH_E_1973_011_001_001_03.wav;CNRSMH_E_1973_011_001_
items/2012/11/16/CNRSMH_E_1973_011_001_001_04.wav;CNRSMH_E_1973_011_001_
items/2012/11/16/CNRSMH_E_1973_011_001_001_05.wav;CNRSMH_E_1973_011_001_
items/2012/11/16/CNRSMH_E_1973_011_001_001_06.wav;CNRSMH_E_1973_011_001_
items/2012/11/16/CNRSMH_E_1973_011_001_001_07.wav;CNRSMH_E_1973_011_001_
items/2012/11/16/CNRSMH_E_1973_011_001_001_08.wav;CNRSMH_E_1973_011_001_
items/2012/11/16/CNRSMH_E_1973_011_001_001_09.wav;CNRSMH_E_1973_011_001_
items/2012/11/16/CNRSMH_E_1973_011_001_001_10.wav;CNRSMH_E_1973_011_001_
items/2012/11/16/CNRSMH_E_1973_011_001_001_11.wav;CNRSMH_E_1973_011_001_
items/2012/11/16/CNRSMH_E_1973_011_001_001_12.wav;CNRSMH_E_1973_011_001_
items/2012/11/16/CNRSMH_E_1973_011_001_001_13.wav;CNRSMH_E_1973_011_001_
items/2012/11/16/CNRSMH_E_1973_011_001_001_14.wav;CNRSMH_E_1973_011_001_
items/2012/11/16/CNRSMH_E_1973_011_001_001_15.wav;CNRSMH_E_1973_011_001_
items/2012/11/16/CNRSMH_E_1973_011_001_001_16.wav;CNRSMH_E_1973_011_001_
items/2012/11/16/CNRSMH_E_1973_011_001_001_17.wav;CNRSMH_E_1973_011_001_
items/2012/11/16/CNRSMH_E_1974_003_002_001_01.wav;CNRSMH_E_1974_003_002_
items/2012/11/16/CNRSMH_E_1974_003_002_001_02.wav;CNRSMH_E_1974_003_002_
items/2012/11/16/CNRSMH_E_1974_003_002_001_03.wav;CNRSMH_E_1974_003_002_
items/2012/11/16/CNRSMH_E_1974_003_002_001_04.wav;CNRSMH_E_1974_003_002_
items/2012/11/16/CNRSMH_E_1974_003_002_001_05.wav;CNRSMH_E_1974_003_002_
items/2012/11/16/CNRSMH_E_1974_003_002_001_06.wav;CNRSMH_E_1974_003_002_
items/2012/11/16/CNRSMH_E_1974_003_002_001_07.wav;CNRSMH_E_1974_003_002_
items/2012/11/16/CNRSMH_E_1974_003_002_001_08.wav;CNRSMH_E_1974_003_002_
items/2012/11/16/CNRSMH_E_1974_003_002_001_09.wav;CNRSMH_E_1974_003_002_
items/2012/11/16/CNRSMH_E_1974_003_002_001_10.wav;CNRSMH_E_1974_003_002_
items/2012/11/16/CNRSMH_E_1974_003_002_001_11.wav;CNRSMH_E_1974_003_002_
items/2012/11/16/CNRSMH_E_1974_003_002_001_12.wav;CNRSMH_E_1974_003_002_
items/2012/11/16/CNRSMH_E_1974_003_002_001_13.wav;CNRSMH_E_1974_003_002_
items/2012/11/16/CNRSMH_E_1974_003_002_001_14.wav;CNRSMH_E_1974_003_002_
items/2012/11/16/CNRSMH_E_1974_003_002_001_15.wav;CNRSMH_E_1974_003_002_
items/2012/11/16/CNRSMH_E_1974_003_002_001_16.wav;CNRSMH_E_1974_003_002_
items/2012/11/16/CNRSMH_E_1975_008_001_001_01.wav;CNRSMH_E_1975_008_001_
items/2012/11/16/CNRSMH_E_1975_008_001_001_02.wav;CNRSMH_E_1975_008_001_
items/2012/11/16/CNRSMH_E_1975_008_001_001_03.wav;CNRSMH_E_1975_008_001_
items/2012/11/16/CNRSMH_E_1975_008_001_001_04.wav;CNRSMH_E_1975_008_001_
items/2012/11/16/CNRSMH_E_1975_008_001_001_05.wav;CNRSMH_E_1975_008_001_
items/2012/11/16/CNRSMH_E_1975_008_001_001_06.wav;CNRSMH_E_1975_008_001_
items/2012/11/16/CNRSMH_E_1975_008_001_001_07.wav;CNRSMH_E_1975_008_001_
items/2012/11/16/CNRSMH_E_1975_008_001_001_08.wav;CNRSMH_E_1975_008_001_
items/2012/11/16/CNRSMH_E_1975_008_001_001_09.wav;CNRSMH_E_1975_008_001_
items/2012/11/16/CNRSMH_E_1975_008_001_001_10.wav;CNRSMH_E_1975_008_001_
items/2012/11/16/CNRSMH_E_1975_008_001_001_11.wav;CNRSMH_E_1975_008_001_
items/2012/11/16/CNRSMH_E_1975_008_001_001_12.wav;CNRSMH_E_1975_008_001_
items/2012/11/16/CNRSMH_E_1975_008_001_001_13.wav;CNRSMH_E_1975_008_001_
items/2012/11/16/CNRSMH_E_1975_008_001_001_14.wav;CNRSMH_E_1975_008_001_
items/2012/11/16/CNRSMH_E_1998_017_001_001_01.wav;CNRSMH_E_1998_017_001_
items/2012/11/16/CNRSMH_E_1998_017_001_001_02.wav;CNRSMH_E_1998_017_001_
items/2012/11/16/CNRSMH_E_1998_017_001_001_03.wav;CNRSMH_E_1998_017_001_
items/2012/11/16/CNRSMH_E_1998_017_001_001_04.wav;CNRSMH_E_1998_017_001_
items/2012/11/16/CNRSMH_E_1998_017_001_001_05.wav;CNRSMH_E_1998_017_001_
items/2012/11/16/CNRSMH_E_1998_017_001_001_06.wav;CNRSMH_E_1998_017_001_
items/2012/11/16/CNRSMH_E_1998_017_001_001_07.wav;CNRSMH_E_1998_017_001_
items/2012/11/16/CNRSMH_E_1998_017_001_001_08.wav;CNRSMH_E_1998_017_001_
items/2012/11/16/CNRSMH_E_1998_017_001_001_09.wav;CNRSMH_E_1998_017_001_
items/2012/11/16/CNRSMH_E_1998_017_001_001_10.wav;CNRSMH_E_1998_017_001_
items/2012/11/16/CNRSMH_E_1998_017_001_001_11.wav;CNRSMH_E_1998_017_001_
items/2012/11/16/CNRSMH_E_1998_017_001_001_12.wav;CNRSMH_E_1998_017_001_
items/2012/11/16/CNRSMH_E_1998_017_001_001_13.wav;CNRSMH_E_1998_017_001_
items/2012/11/16/CNRSMH_E_1998_017_001_001_14.wav;CNRSMH_E_1998_017_001_
items/2012/11/16/CNRSMH_E_1998_017_001_001_15.wav;CNRSMH_E_1998_017_001_
items/2012/11/16/CNRSMH_E_1998_017_001_001_16.wav;CNRSMH_E_1998_017_001_
items/2012/11/16/CNRSMH_E_1998_017_001_001_17.wav;CNRSMH_E_1998_017_001_
items/2012/11/16/CNRSMH_E_1998_017_001_001_18.wav;CNRSMH_E_1998_017_001_
items/2012/11/16/CNRSMH_E_1998_017_001_002_01.wav;CNRSMH_E_1998_017_001_
items/2012/11/16/CNRSMH_E_1998_017_001_002_02.wav;CNRSMH_E_1998_017_001_
items/2012/11/16/CNRSMH_E_1998_017_001_002_03.wav;CNRSMH_E_1998_017_001_
items/2012/11/16/CNRSMH_E_1998_017_001_002_04.wav;CNRSMH_E_1998_017_001_
items/2012/11/16/CNRSMH_E_1998_017_001_002_05.wav;CNRSMH_E_1998_017_001_
items/2012/11/16/CNRSMH_E_1998_017_001_002_06.wav;CNRSMH_E_1998_017_001_
items/2012/11/16/CNRSMH_E_1998_017_001_002_07.wav;CNRSMH_E_1998_017_001_
items/2012/11/16/CNRSMH_E_1998_017_001_002_08.wav;CNRSMH_E_1998_017_001_
items/2012/11/16/CNRSMH_E_1998_017_001_002_09.wav;CNRSMH_E_1998_017_001_
items/2012/11/16/CNRSMH_E_1998_017_001_002_10.wav;CNRSMH_E_1998_017_001_
items/2012/11/16/CNRSMH_E_1998_017_001_002_11.wav;CNRSMH_E_1998_017_001_
items/2012/11/16/CNRSMH_E_1998_017_001_002_12.wav;CNRSMH_E_1998_017_001_
items/2012/11/16/CNRSMH_E_1998_017_001_002_13.wav;CNRSMH_E_1998_017_001_
items/2012/11/16/CNRSMH_E_1998_017_001_002_14.wav;CNRSMH_E_1998_017_001_
items/2012/11/16/CNRSMH_E_1998_017_001_002_15.wav;CNRSMH_E_1998_017_001_
items/2012/11/16/CNRSMH_E_1998_017_001_002_16.wav;CNRSMH_E_1998_017_001_
items/2012/11/16/CNRSMH_E_1998_017_001_002_17.wav;CNRSMH_E_1998_017_001_
items/2012/11/16/CNRSMH_E_1998_017_001_002_18.wav;CNRSMH_E_1998_017_001_
items/2012/11/16/CNRSMH_E_1998_017_001_002_19.wav;CNRSMH_E_1998_017_001_
items/2012/11/16/CNRSMH_E_1998_017_001_002_20.wav;CNRSMH_E_1998_017_001_
items/2012/11/16/CNRSMH_E_1998_017_001_002_21.wav;CNRSMH_E_1998_017_001_
items/2012/11/16/CNRSMH_E_1998_017_001_002_21.wav;CNRSMH_E_1998_017_001_
items/2012/11/16/CNRSMH_E_1998_017_001_002_22.wav;CNRSMH_E_1998_017_001_
items/2012/11/20/CNRSMH_E_1961_004_001_001_01.wav;CNRSMH_E_1961_004_001_
items/2012/11/20/CNRSMH_E_1961_004_001_001_02.wav;CNRSMH_E_1961_004_001_
items/2012/11/20/CNRSMH_E_1961_004_001_001_03.wav;CNRSMH_E_1961_004_001_
items/2012/11/20/CNRSMH_E_1961_004_001_001_04.wav;CNRSMH_E_1961_004_001_
items/2012/11/20/CNRSMH_E_1961_004_001_001_05.wav;CNRSMH_E_1961_004_001_
items/2012/11/20/CNRSMH_E_1961_004_001_001_06.wav;CNRSMH_E_1961_004_001_
items/2012/11/20/CNRSMH_E_1961_004_001_001_07.wav;CNRSMH_E_1961_004_001_
items/2012/11/20/CNRSMH_E_1975_008_002_001_01.wav;CNRSMH_E_1975_008_002_
items/2012/11/20/CNRSMH_E_1975_008_002_001_02.wav;CNRSMH_E_1975_008_002_
items/2012/11/20/CNRSMH_E_1975_008_002_001_03.wav;CNRSMH_E_1975_008_002_
items/2012/11/20/CNRSMH_E_1975_008_002_001_04.wav;CNRSMH_E_1975_008_002_
items/2012/11/20/CNRSMH_E_1975_008_002_001_05.wav;CNRSMH_E_1975_008_002_
items/2012/11/20/CNRSMH_E_1975_008_002_001_06.wav;CNRSMH_E_1975_008_002_
items/2012/11/20/CNRSMH_E_1975_008_002_001_07.wav;CNRSMH_E_1975_008_002_
items/2012/11/20/CNRSMH_E_1975_008_002_001_08.wav;CNRSMH_E_1975_008_002_
items/2012/11/20/CNRSMH_E_1975_008_002_001_09.wav;CNRSMH_E_1975_008_002_
items/2012/11/20/CNRSMH_E_1975_008_002_001_10.wav;CNRSMH_E_1975_008_002_
items/2012/11/20/CNRSMH_E_1975_008_002_001_11.wav;CNRSMH_E_1975_008_002_
items/2012/11/20/CNRSMH_E_1975_008_002_001_12.wav;CNRSMH_E_1975_008_002_
items/2012/11/20/CNRSMH_E_1975_008_002_001_13.wav;CNRSMH_E_1975_008_002_
items/2012/11/20/CNRSMH_E_1975_008_002_001_14.wav;CNRSMH_E_1975_008_002_
items/2012/11/20/CNRSMH_E_1979_012_004_001_01.wav;CNRSMH_E_1979_012_004_
items/2012/11/20/CNRSMH_E_1979_012_004_001_02.wav;CNRSMH_E_1979_012_004_
items/2012/11/20/CNRSMH_E_1979_012_004_001_03.wav;CNRSMH_E_1979_012_004_
items/2012/11/20/CNRSMH_E_1979_012_004_002_01.wav;CNRSMH_E_1979_012_004_
items/2012/11/20/CNRSMH_E_1979_012_004_002_02.wav;CNRSMH_E_1979_012_004_
items/2012/11/20/CNRSMH_E_1979_012_004_002_03.wav;CNRSMH_E_1979_012_004_
items/2012/11/20/CNRSMH_E_1979_012_004_003_02.wav;CNRSMH_E_1979_012_004_
items/2012/11/20/CNRSMH_E_1980_009_001_001_03.wav;CNRSMH_E_1980_009_001_
items/2012/11/20/CNRSMH_E_1997_021_001_001_01.wav;CNRSMH_E_1997_021_001_
items/2012/11/20/CNRSMH_E_1997_021_001_001_02.wav;CNRSMH_E_1997_021_001_
items/2012/11/20/CNRSMH_E_1997_021_001_001_03.wav;CNRSMH_E_1997_021_001_
items/2012/11/20/CNRSMH_E_1997_021_001_001_04.wav;CNRSMH_E_1997_021_001_
items/2012/11/20/CNRSMH_E_1997_021_001_001_05.wav;CNRSMH_E_1997_021_001_
items/2012/11/20/CNRSMH_E_1997_021_001_001_06.wav;CNRSMH_E_1997_021_001_
items/2012/11/20/CNRSMH_E_1997_021_001_001_07.wav;CNRSMH_E_1997_021_001_
items/2012/11/20/CNRSMH_E_1997_021_001_001_08.wav;CNRSMH_E_1997_021_001_
items/2012/11/20/CNRSMH_E_1997_021_001_001_09.wav;CNRSMH_E_1997_021_001_
items/2012/11/20/CNRSMH_E_1997_021_001_001_10.wav;CNRSMH_E_1997_021_001_
items/2012/11/20/CNRSMH_E_1997_021_001_001_11.wav;CNRSMH_E_1997_021_001_
items/2012/11/20/CNRSMH_E_1997_021_001_001_12.wav;CNRSMH_E_1997_021_001_
items/2012/11/20/CNRSMH_E_1997_021_001_001_13.wav;CNRSMH_E_1997_021_001_
items/2012/11/23/CNRSMH_E_1979_012_004_003_01.wav;CNRSMH_E_1979_012_004_
items/2012/11/23/CNRSMH_E_1994_001_001_001_01.wav;CNRSMH_E_1994_001_001_
items/2012/11/23/CNRSMH_E_1994_001_001_001_02.wav;CNRSMH_E_1994_001_001_
items/2012/11/23/CNRSMH_E_1994_001_001_001_03.wav;CNRSMH_E_1994_001_001_
items/2012/11/23/CNRSMH_E_1994_001_001_001_04.wav;CNRSMH_E_1994_001_001_
items/2012/11/23/CNRSMH_E_1994_001_001_001_05.wav;CNRSMH_E_1994_001_001_
items/2012/11/23/CNRSMH_E_1994_001_001_001_06.wav;CNRSMH_E_1994_001_001_
items/2012/11/23/CNRSMH_E_1994_001_001_001_07.wav;CNRSMH_E_1994_001_001_
items/2012/11/23/CNRSMH_E_1994_001_001_001_08.wav;CNRSMH_E_1994_001_001_
items/2012/11/23/CNRSMH_E_1994_001_001_001_09.wav;CNRSMH_E_1994_001_001_
items/2012/11/23/CNRSMH_E_1994_001_001_001_10.wav;CNRSMH_E_1994_001_001_
items/2012/11/23/CNRSMH_E_1994_001_001_001_11.wav;CNRSMH_E_1994_001_001_
items/2012/11/23/CNRSMH_E_1994_001_001_001_12.wav;CNRSMH_E_1994_001_001_
items/2012/11/23/CNRSMH_E_1994_001_001_001_13.wav;CNRSMH_E_1994_001_001_
items/2012/11/23/CNRSMH_E_1994_001_001_001_14.wav;CNRSMH_E_1994_001_001_
items/2012/11/23/CNRSMH_E_1994_001_001_001_15.wav;CNRSMH_E_1994_001_001_
items/2012/11/23/CNRSMH_E_1994_001_001_001_16.wav;CNRSMH_E_1994_001_001_
items/2012/11/23/CNRSMH_E_1994_001_001_001_17.wav;CNRSMH_E_1994_001_001_
items/2012/11/23/CNRSMH_E_1994_001_001_001_18.wav;CNRSMH_E_1994_001_001_
items/2012/11/23/CNRSMH_E_1994_001_001_001_19.wav;CNRSMH_E_1994_001_001_
items/2012/11/23/CNRSMH_E_1994_001_001_001_20.wav;CNRSMH_E_1994_001_001_
items/2012/11/23/CNRSMH_E_1994_001_001_001_21.wav;CNRSMH_E_1994_001_001_
items/2012/11/23/CNRSMH_E_1994_001_001_001_22.wav;CNRSMH_E_1994_001_001_
items/2012/11/23/CNRSMH_E_1994_001_001_001_23.wav;CNRSMH_E_1994_001_001_
items/2012/11/23/CNRSMH_E_1994_001_001_001_24.wav;CNRSMH_E_1994_001_001_
items/2012/11/23/CNRSMH_E_1994_001_001_001_25.wav;CNRSMH_E_1994_001_001_
items/2012/11/23/CNRSMH_E_1994_001_001_001_26.wav;CNRSMH_E_1994_001_001_
items/2012/11/23/CNRSMH_E_1994_001_001_001_27.wav;CNRSMH_E_1994_001_001_
items/2012/11/23/CNRSMH_E_1994_001_001_001_28.wav;CNRSMH_E_1994_001_001_
items/2012/11/23/CNRSMH_E_1994_001_001_002_01.wav;CNRSMH_E_1994_001_001_
items/2012/11/23/CNRSMH_E_1994_001_001_002_02.wav;CNRSMH_E_1994_001_001_
items/2012/11/23/CNRSMH_E_1994_001_001_002_03.wav;CNRSMH_E_1994_001_001_
items/2012/11/23/CNRSMH_E_1994_001_001_002_04.wav;CNRSMH_E_1994_001_001_
items/2012/11/23/CNRSMH_E_1994_001_001_002_05.wav;CNRSMH_E_1994_001_001_
items/2012/11/23/CNRSMH_E_1994_001_001_002_06.wav;CNRSMH_E_1994_001_001_
items/2012/11/23/CNRSMH_E_1994_001_001_002_07.wav;CNRSMH_E_1994_001_001_
items/2012/11/23/CNRSMH_E_1994_001_001_002_08.wav;CNRSMH_E_1994_001_001_
items/2012/11/23/CNRSMH_E_1994_001_001_002_09.wav;CNRSMH_E_1994_001_001_
items/2012/11/23/CNRSMH_E_1994_001_001_002_10.wav;CNRSMH_E_1994_001_001_
items/2012/11/23/CNRSMH_E_1994_001_001_002_11.wav;CNRSMH_E_1994_001_001_
items/2012/11/23/CNRSMH_E_1994_001_001_002_12.wav;CNRSMH_E_1994_001_001_
items/2012/11/23/CNRSMH_E_1994_001_001_002_13.wav;CNRSMH_E_1994_001_001_
items/2012/11/23/CNRSMH_E_1994_001_001_002_14.wav;CNRSMH_E_1994_001_001_
items/2012/11/23/CNRSMH_E_1994_001_001_002_15.wav;CNRSMH_E_1994_001_001_
items/2012/11/23/CNRSMH_E_1994_001_001_002_16.wav;CNRSMH_E_1994_001_001_
items/2012/11/23/CNRSMH_E_1994_001_001_002_17.wav;CNRSMH_E_1994_001_001_
items/2012/11/23/CNRSMH_E_1994_001_001_002_18.wav;CNRSMH_E_1994_001_001_
items/2012/11/23/CNRSMH_E_1994_001_001_002_19.wav;CNRSMH_E_1994_001_001_
items/2012/11/23/CNRSMH_E_1994_001_001_002_20.wav;CNRSMH_E_1994_001_001_
items/2012/11/23/CNRSMH_E_1994_001_001_002_21.wav;CNRSMH_E_1994_001_001_
items/2012/11/23/CNRSMH_E_1994_001_001_002_22.wav;CNRSMH_E_1994_001_001_
items/2012/11/23/CNRSMH_E_1994_001_001_002_23.wav;CNRSMH_E_1994_001_001_
items/2012/11/23/CNRSMH_E_1994_001_001_002_24.wav;CNRSMH_E_1994_001_001_
items/2012/11/23/CNRSMH_E_1994_001_001_002_25.wav;CNRSMH_E_1994_001_001_
items/2012/11/23/CNRSMH_E_1994_001_001_002_26.wav;CNRSMH_E_1994_001_001_
items/2012/11/23/CNRSMH_E_1994_001_001_002_27.wav;CNRSMH_E_1994_001_001_
items/2012/11/23/CNRSMH_E_1994_001_001_002_28.wav;CNRSMH_E_1994_001_001_
items/2012/11/23/CNRSMH_E_1994_001_001_002_29.wav;CNRSMH_E_1994_001_001_
items/2012/11/23/CNRSMH_E_1994_001_001_002_30.wav;CNRSMH_E_1994_001_001_
items/2012/11/23/CNRSMH_E_1997_021_002_001_01.wav;CNRSMH_E_1997_021_002_
items/2012/11/23/CNRSMH_E_1997_021_002_001_02.wav;CNRSMH_E_1997_021_002_
items/2012/11/23/CNRSMH_E_1997_021_002_001_03.wav;CNRSMH_E_1997_021_002_
items/2012/11/23/CNRSMH_E_1997_021_002_001_04.wav;CNRSMH_E_1997_021_002_
items/2012/11/23/CNRSMH_E_1997_021_002_001_05.wav;CNRSMH_E_1997_021_002_
items/2012/11/23/CNRSMH_E_1997_021_002_001_06_1.wav;CNRSMH_E_1997_021_002_
items/2012/11/23/CNRSMH_E_1997_021_002_001_07.wav;CNRSMH_E_1997_021_002_
items/2012/11/23/CNRSMH_E_1997_021_002_001_08.wav;CNRSMH_E_1997_021_002_
items/2012/11/23/CNRSMH_E_1997_021_002_001_09.wav;CNRSMH_E_1997_021_002_
items/2012/11/23/CNRSMH_E_1997_021_002_001_10.wav;CNRSMH_E_1997_021_002_
items/2012/11/23/CNRSMH_E_1997_021_002_001_11.wav;CNRSMH_E_1997_021_002_
items/2012/11/23/CNRSMH_E_1997_021_002_001_12.wav;CNRSMH_E_1997_021_002_
items/2012/11/23/CNRSMH_E_1997_021_002_001_13.wav;CNRSMH_E_1997_021_002_
items/2012/11/23/CNRSMH_E_1997_021_002_001_14.wav;CNRSMH_E_1997_021_002_
items/2012/11/23/CNRSMH_E_1997_021_002_001_15.wav;CNRSMH_E_1997_021_002_
items/2012/11/23/CNRSMH_E_1997_021_002_001_16.wav;CNRSMH_E_1997_021_002_
items/2012/11/23/CNRSMH_E_1997_021_002_001_17.wav;CNRSMH_E_1997_021_002_
items/2012/11/23/CNRSMH_E_1997_021_002_001_18.wav;CNRSMH_E_1997_021_002_
items/2012/11/23/CNRSMH_E_1997_021_002_001_19.wav;CNRSMH_E_1997_021_002_
items/2012/11/23/CNRSMH_E_1997_021_002_001_20.wav;CNRSMH_E_1997_021_002_
items/2012/11/23/CNRSMH_E_1997_021_002_001_21.wav;CNRSMH_E_1997_021_002_
items/2012/11/23/CNRSMH_E_1997_021_002_001_22.wav;CNRSMH_E_1997_021_002_
items/2012/11/23/CNRSMH_E_1997_021_002_001_23.wav;CNRSMH_E_1997_021_002_
items/2012/11/23/CNRSMH_E_1997_021_002_001_24.wav;CNRSMH_E_1997_021_002_
items/2012/11/23/CNRSMH_E_1997_021_002_001_25.wav;CNRSMH_E_1997_021_002_
items/2012/11/23/CNRSMH_E_1997_021_002_001_26.wav;CNRSMH_E_1997_021_002_
items/2012/11/23/CNRSMH_E_1997_021_002_001_27.wav;CNRSMH_E_1997_021_002_
items/2012/11/23/CNRSMH_E_1997_021_002_001_28.wav;CNRSMH_E_1997_021_002_
items/2012/11/23/CNRSMH_E_1997_021_002_001_29.wav;CNRSMH_E_1997_021_002_
items/2012/11/23/CNRSMH_E_1997_021_002_001_30.wav;CNRSMH_E_1997_021_002_
items/2012/11/23/CNRSMH_E_1997_021_002_001_31.wav;CNRSMH_E_1997_021_002_
items/2012/11/23/CNRSMH_E_1997_021_002_002_01.wav;CNRSMH_E_1997_021_002_
items/2012/11/23/CNRSMH_E_1997_021_002_002_02.wav;CNRSMH_E_1997_021_002_
items/2012/11/23/CNRSMH_E_1997_021_002_002_03.wav;CNRSMH_E_1997_021_002_
items/2012/11/23/CNRSMH_E_1997_021_002_002_04.wav;CNRSMH_E_1997_021_002_
items/2012/11/23/CNRSMH_E_1997_021_002_002_05.wav;CNRSMH_E_1997_021_002_
items/2012/11/23/CNRSMH_E_1997_021_002_002_06.wav;CNRSMH_E_1997_021_002_
items/2012/11/23/CNRSMH_E_1997_021_002_002_07.wav;CNRSMH_E_1997_021_002_
items/2012/11/23/CNRSMH_E_1997_021_002_002_08.wav;CNRSMH_E_1997_021_002_
items/2012/11/23/CNRSMH_E_1997_021_002_002_09.wav;CNRSMH_E_1997_021_002_
items/2012/11/23/CNRSMH_E_1997_021_002_002_10.wav;CNRSMH_E_1997_021_002_
items/2012/11/23/CNRSMH_E_1997_021_002_002_11.wav;CNRSMH_E_1997_021_002_
items/2012/11/23/CNRSMH_E_1997_021_002_002_12.wav;CNRSMH_E_1997_021_002_
items/2012/11/23/CNRSMH_E_1997_021_002_002_13.wav;CNRSMH_E_1997_021_002_
items/2012/11/23/CNRSMH_E_1997_021_002_002_14.wav;CNRSMH_E_1997_021_002_
items/2012/11/23/CNRSMH_E_1997_021_002_002_15.wav;CNRSMH_E_1997_021_002_
items/2012/11/23/CNRSMH_E_1997_021_002_002_16.wav;CNRSMH_E_1997_021_002_
items/2012/11/23/CNRSMH_E_1997_021_002_002_17.wav;CNRSMH_E_1997_021_002_
items/2012/11/23/CNRSMH_E_1997_021_002_002_18.wav;CNRSMH_E_1997_021_002_
items/2012/11/23/CNRSMH_E_1997_021_002_002_19.wav;CNRSMH_E_1997_021_002_
items/2012/11/23/CNRSMH_E_1997_021_002_002_20.wav;CNRSMH_E_1997_021_002_
items/2012/11/23/CNRSMH_E_1997_021_002_002_21.wav;CNRSMH_E_1997_021_002_
items/2012/11/23/CNRSMH_E_1997_021_002_002_22.wav;CNRSMH_E_1997_021_002_
items/2012/12/06/CNRSMH_E_1994_026_001_01.wav;CNRSMH_E_1994_026_001_
items/2012/12/06/CNRSMH_E_1994_026_001_02.wav;CNRSMH_E_1994_026_001_
items/2012/12/06/CNRSMH_E_1994_026_001_03.wav;CNRSMH_E_1994_026_001_
items/2012/12/06/CNRSMH_E_1994_026_001_04.wav;CNRSMH_E_1994_026_001_
items/2012/12/06/CNRSMH_E_1994_026_001_05.wav;CNRSMH_E_1994_026_001_
items/2012/12/06/CNRSMH_E_1994_026_001_06.wav;CNRSMH_E_1994_026_001_
items/2012/12/06/CNRSMH_E_1994_026_001_07.wav;CNRSMH_E_1994_026_001_
items/2012/12/06/CNRSMH_E_1994_026_001_08.wav;CNRSMH_E_1994_026_001_
items/2012/12/06/CNRSMH_E_1994_026_001_09.wav;CNRSMH_E_1994_026_001_
items/2012/12/06/CNRSMH_E_1994_026_001_10.wav;CNRSMH_E_1994_026_001_
items/2012/12/06/CNRSMH_E_1994_026_001_11.wav;CNRSMH_E_1994_026_001_
items/2012/12/06/CNRSMH_E_1994_026_001_12.wav;CNRSMH_E_1994_026_001_
items/2012/12/06/CNRSMH_E_1994_026_001_13.wav;CNRSMH_E_1994_026_001_
items/2012/12/06/CNRSMH_E_1994_026_001_14.wav;CNRSMH_E_1994_026_001_
items/2012/12/06/CNRSMH_E_1994_026_001_15.wav;CNRSMH_E_1994_026_001_
items/2012/12/06/CNRSMH_E_1994_026_001_16.wav;CNRSMH_E_1994_026_001_
items/2012/12/06/CNRSMH_E_1994_026_001_17.wav;CNRSMH_E_1994_026_001_
items/2012/12/07/CNRSMH_E_1946_001_015_01.wav;CNRSMH_E_1946_001_015_
items/2012/12/07/CNRSMH_E_1946_001_015_02.wav;CNRSMH_E_1946_001_015_
items/2012/12/07/CNRSMH_E_1946_001_016_01.wav;CNRSMH_E_1946_001_016_
items/2012/12/07/CNRSMH_E_1977_009_001_001_01.wav;CNRSMH_E_1977_009_001_
items/2012/12/07/CNRSMH_E_1977_009_001_001_02.wav;CNRSMH_E_1977_009_001_
items/2012/12/07/CNRSMH_E_1977_009_001_001_03.wav;CNRSMH_E_1977_009_001_
items/2012/12/07/CNRSMH_E_1977_009_001_001_04.wav;CNRSMH_E_1977_009_001_
items/2012/12/07/CNRSMH_E_1977_009_001_001_05.wav;CNRSMH_E_1977_009_001_
items/2012/12/07/CNRSMH_E_1977_009_001_001_06.wav;CNRSMH_E_1977_009_001_
items/2012/12/07/CNRSMH_E_1977_009_001_001_07.wav;CNRSMH_E_1977_009_001_
items/2012/12/07/CNRSMH_E_1979_004_001_001_01_1.wav;CNRSMH_E_1979_004_001_
items/2012/12/07/CNRSMH_E_1979_004_001_001_02.wav;CNRSMH_E_1979_004_001_
items/2012/12/07/CNRSMH_E_1979_004_001_001_03.wav;CNRSMH_E_1979_004_001_
items/2012/12/07/CNRSMH_E_1979_004_001_001_04.wav;CNRSMH_E_1979_004_001_
items/2012/12/07/CNRSMH_E_1979_004_001_001_05.wav;CNRSMH_E_1979_004_001_
items/2012/12/07/CNRSMH_E_1979_004_001_001_06.wav;CNRSMH_E_1979_004_001_
items/2012/12/07/CNRSMH_E_1979_004_001_001_07.wav;CNRSMH_E_1979_004_001_
items/2012/12/07/CNRSMH_E_1980_005_001_001_01.wav;CNRSMH_E_1980_005_001_
items/2012/12/07/CNRSMH_E_1980_005_001_001_02.wav;CNRSMH_E_1980_005_001_
items/2012/12/07/CNRSMH_E_1980_005_001_001_03.wav;CNRSMH_E_1980_005_001_
items/2012/12/07/CNRSMH_E_1980_005_001_001_04.wav;CNRSMH_E_1980_005_001_
items/2012/12/07/CNRSMH_E_1980_005_001_001_05.wav;CNRSMH_E_1980_005_001_
items/2012/12/07/CNRSMH_E_1980_005_001_001_06.wav;CNRSMH_E_1980_005_001_
items/2012/12/07/CNRSMH_E_1980_009_002_001_01.wav;CNRSMH_E_1980_009_002_
items/2012/12/07/CNRSMH_E_1980_009_002_001_02.wav;CNRSMH_E_1980_009_002_
items/2012/12/07/CNRSMH_E_1980_009_002_001_03.wav;CNRSMH_E_1980_009_002_
items/2012/12/07/CNRSMH_E_1980_009_002_001_04.wav;CNRSMH_E_1980_009_002_
items/2012/12/07/CNRSMH_E_1980_009_002_001_05.wav;CNRSMH_E_1980_009_002_
items/2012/12/07/CNRSMH_E_1980_009_002_001_06.wav;CNRSMH_E_1980_009_002_
items/2012/12/07/CNRSMH_E_1980_009_002_001_07.wav;CNRSMH_E_1980_009_002_
items/2012/12/07/CNRSMH_E_1980_009_002_001_08.wav;CNRSMH_E_1980_009_002_
items/2012/12/07/CNRSMH_E_1980_009_002_001_09.wav;CNRSMH_E_1980_009_002_
items/2012/12/07/CNRSMH_E_1980_009_002_001_10.wav;CNRSMH_E_1980_009_002_
items/2012/12/07/CNRSMH_E_1980_009_002_001_11.wav;CNRSMH_E_1980_009_002_
items/2012/12/07/CNRSMH_E_1980_009_002_001_12.wav;CNRSMH_E_1980_009_002_
items/2012/12/07/CNRSMH_E_1980_009_002_001_13.wav;CNRSMH_E_1980_009_002_
items/2012/12/07/CNRSMH_E_1980_009_002_001_14.wav;CNRSMH_E_1980_009_002_
items/2012/12/13/CNRSMH_E_1979_004_002_001_01.wav;CNRSMH_E_1979_004_002_
items/2012/12/13/CNRSMH_E_1979_004_002_001_02.wav;CNRSMH_E_1979_004_002_
items/2012/12/13/CNRSMH_E_1979_004_002_001_03.wav;CNRSMH_E_1979_004_002_
items/2012/12/13/CNRSMH_E_1979_004_002_001_04.wav;CNRSMH_E_1979_004_002_
items/2012/12/13/CNRSMH_E_1979_004_002_001_05.wav;CNRSMH_E_1979_004_002_
items/2012/12/13/CNRSMH_E_1979_004_002_001_06.wav;CNRSMH_E_1979_004_002_
items/2012/12/13/CNRSMH_E_1979_004_002_001_07.wav;CNRSMH_E_1979_004_002_
items/2012/12/13/CNRSMH_E_1979_004_002_001_08.wav;CNRSMH_E_1979_004_002_
items/2012/12/13/CNRSMH_E_1979_004_002_001_09.wav;CNRSMH_E_1979_004_002_
items/2012/12/13/CNRSMH_E_1979_004_002_001_10.wav;CNRSMH_E_1979_004_002_
items/2012/12/13/CNRSMH_E_1979_004_002_001_11.wav;CNRSMH_E_1979_004_002_
items/2012/12/13/CNRSMH_E_1979_004_002_001_12.wav;CNRSMH_E_1979_004_002_
items/2012/12/13/CNRSMH_E_1979_004_002_001_13.wav;CNRSMH_E_1979_004_002_
items/2012/12/13/CNRSMH_E_1979_004_002_001_14.wav;CNRSMH_E_1979_004_002_
items/2012/12/13/CNRSMH_E_1979_004_002_001_15.wav;CNRSMH_E_1979_004_002_
items/2012/12/13/CNRSMH_E_1979_004_002_001_16.wav;CNRSMH_E_1979_004_002_
items/2012/12/13/CNRSMH_E_1979_004_002_001_17.wav;CNRSMH_E_1979_004_002_
items/2012/12/13/CNRSMH_E_1979_004_002_001_18.wav;CNRSMH_E_1979_004_002_
items/2012/12/13/CNRSMH_E_1979_004_002_001_19.wav;CNRSMH_E_1979_004_002_
items/2012/12/13/CNRSMH_E_1980_012_001_001_01.wav;CNRSMH_E_1980_012_001_
items/2012/12/13/CNRSMH_E_1980_012_001_001_02.wav;CNRSMH_E_1980_012_001_
items/2012/12/13/CNRSMH_E_1980_012_001_001_03.wav;CNRSMH_E_1980_012_001_
items/2012/12/13/CNRSMH_E_1980_012_001_001_04.wav;CNRSMH_E_1980_012_001_
items/2012/12/13/CNRSMH_E_1980_012_001_001_05.wav;CNRSMH_E_1980_012_001_
items/2012/12/13/CNRSMH_E_1980_012_001_001_06.wav;CNRSMH_E_1980_012_001_
items/2012/12/13/CNRSMH_E_1980_012_001_001_07.wav;CNRSMH_E_1980_012_001_
items/2012/12/13/CNRSMH_E_1980_012_001_001_08.wav;CNRSMH_E_1980_012_001_
items/2012/12/13/CNRSMH_E_1980_012_001_001_09.wav;CNRSMH_E_1980_012_001_
items/2012/12/13/CNRSMH_E_1980_012_001_001_10.wav;CNRSMH_E_1980_012_001_
items/2012/12/13/CNRSMH_E_1980_012_001_001_11.wav;CNRSMH_E_1980_012_001_
items/2012/12/13/CNRSMH_E_1980_012_001_001_12.wav;CNRSMH_E_1980_012_001_
items/2012/12/13/CNRSMH_E_1981_005_001_001_01.wav;CNRSMH_E_1981_005_001_
items/2012/12/13/CNRSMH_E_1981_005_001_001_02.wav;CNRSMH_E_1981_005_001_
items/2012/12/13/CNRSMH_E_1981_005_001_001_03.wav;CNRSMH_E_1981_005_001_
items/2012/12/13/CNRSMH_E_1981_005_001_001_04.wav;CNRSMH_E_1981_005_001_
items/2012/12/13/CNRSMH_E_1981_005_001_001_05.wav;CNRSMH_E_1981_005_001_
items/2012/12/13/CNRSMH_E_1981_005_001_001_06.wav;CNRSMH_E_1981_005_001_
items/2012/12/13/CNRSMH_E_1981_005_001_001_07.wav;CNRSMH_E_1981_005_001_
items/2012/12/13/CNRSMH_E_1981_005_001_001_08.wav;CNRSMH_E_1981_005_001_
items/2012/12/13/CNRSMH_E_1981_005_001_001_09.wav;CNRSMH_E_1981_005_001_
items/2012/12/13/CNRSMH_E_1981_005_001_001_10.wav;CNRSMH_E_1981_005_001_
items/2012/12/13/CNRSMH_E_1981_005_001_001_11.wav;CNRSMH_E_1981_005_001_
items/2012/12/13/CNRSMH_E_1981_005_001_001_12.wav;CNRSMH_E_1981_005_001_
items/2012/12/13/CNRSMH_E_1981_005_001_001_13.wav;CNRSMH_E_1981_005_001_
items/2012/12/13/CNRSMH_E_1981_007_002_001_01.wav;CNRSMH_E_1981_007_002_
items/2012/12/13/CNRSMH_E_1981_007_002_001_02.wav;CNRSMH_E_1981_007_002_
items/2012/12/13/CNRSMH_E_1981_007_002_001_03.wav;CNRSMH_E_1981_007_002_
items/2012/12/13/CNRSMH_E_1981_007_002_001_04.wav;CNRSMH_E_1981_007_002_
items/2012/12/13/CNRSMH_E_1981_007_002_001_05.wav;CNRSMH_E_1981_007_002_
items/2012/12/13/CNRSMH_E_1981_007_002_001_06.wav;CNRSMH_E_1981_007_002_
items/2012/12/13/CNRSMH_E_1981_007_002_001_07.wav;CNRSMH_E_1981_007_002_
items/2012/12/13/CNRSMH_E_1981_007_002_001_08.wav;CNRSMH_E_1981_007_002_
items/2012/12/13/CNRSMH_E_1981_007_002_001_09.wav;CNRSMH_E_1981_007_002_
items/2012/12/13/CNRSMH_E_1981_007_002_001_10.wav;CNRSMH_E_1981_007_002_
items/2012/12/13/CNRSMH_E_1984_002_002_001_01.wav;CNRSMH_E_1984_002_002_
items/2012/12/13/CNRSMH_E_1984_002_002_001_02.wav;CNRSMH_E_1984_002_002_
items/2012/12/13/CNRSMH_E_1984_002_002_001_03.wav;CNRSMH_E_1984_002_002_
items/2012/12/13/CNRSMH_E_1984_002_002_001_04.wav;CNRSMH_E_1984_002_002_
items/2012/12/13/CNRSMH_E_1984_002_002_001_05.wav;CNRSMH_E_1984_002_002_
items/2012/12/13/CNRSMH_E_1984_002_002_001_06.wav;CNRSMH_E_1984_002_002_
items/2012/12/13/CNRSMH_E_1984_002_002_001_07.wav;CNRSMH_E_1984_002_002_
items/2012/12/13/CNRSMH_E_1984_002_002_001_08.wav;CNRSMH_E_1984_002_002_
items/2012/12/13/CNRSMH_E_1984_002_002_001_09.wav;CNRSMH_E_1984_002_002_
items/2012/12/13/CNRSMH_E_1984_002_002_001_10.wav;CNRSMH_E_1984_002_002_
items/2012/12/13/CNRSMH_E_1984_002_002_001_11.wav;CNRSMH_E_1984_002_002_
items/2012/12/17/CNRSMH_E_2004_018_001_40.wav;CNRSMH_E_2004_018_001_
items/2012/12/18/CNRSMH_E_1958_006_004_001_01.wav;CNRSMH_E_1958_006_004_
items/2012/12/18/CNRSMH_E_1958_006_004_001_02.wav;CNRSMH_E_1958_006_004_
items/2012/12/18/CNRSMH_E_1958_006_004_001_03.wav;CNRSMH_E_1958_006_004_
items/2012/12/18/CNRSMH_E_1958_006_004_001_04.wav;CNRSMH_E_1958_006_004_
items/2012/12/18/CNRSMH_E_1958_006_004_001_05.wav;CNRSMH_E_1958_006_004_
items/2012/12/18/CNRSMH_E_1958_006_004_001_06.wav;CNRSMH_E_1958_006_004_
items/2012/12/18/CNRSMH_E_1985_001_001_001_01.wav;CNRSMH_E_1985_001_001_
items/2012/12/18/CNRSMH_E_1985_001_001_001_02.wav;CNRSMH_E_1985_001_001_
items/2012/12/18/CNRSMH_E_1985_001_001_001_03.wav;CNRSMH_E_1985_001_001_
items/2012/12/18/CNRSMH_E_1985_001_001_001_04.wav;CNRSMH_E_1985_001_001_
items/2012/12/18/CNRSMH_E_1985_001_001_001_05.wav;CNRSMH_E_1985_001_001_
items/2012/12/18/CNRSMH_E_1985_001_001_001_06.wav;CNRSMH_E_1985_001_001_
items/2012/12/18/CNRSMH_E_1985_001_001_001_07.wav;CNRSMH_E_1985_001_001_
items/2012/12/18/CNRSMH_E_1985_001_001_001_08.wav;CNRSMH_E_1985_001_001_
items/2012/12/18/CNRSMH_E_1985_001_001_001_09.wav;CNRSMH_E_1985_001_001_
items/2012/12/18/CNRSMH_E_1985_001_001_001_10.wav;CNRSMH_E_1985_001_001_
items/2012/12/18/CNRSMH_E_1985_001_001_001_11.wav;CNRSMH_E_1985_001_001_
items/2012/12/18/CNRSMH_E_1985_001_001_001_12.wav;CNRSMH_E_1985_001_001_
items/2012/12/18/CNRSMH_E_1987_001_001_001_01.wav;CNRSMH_E_1987_001_001_
items/2012/12/18/CNRSMH_E_1987_001_001_001_02.wav;CNRSMH_E_1987_001_001_
items/2012/12/18/CNRSMH_E_1987_001_001_001_03.wav;CNRSMH_E_1987_001_001_
items/2012/12/18/CNRSMH_E_1987_001_001_001_04.wav;CNRSMH_E_1987_001_001_
items/2012/12/18/CNRSMH_E_1987_001_001_001_05.wav;CNRSMH_E_1987_001_001_
items/2012/12/18/CNRSMH_E_1987_001_001_001_06.wav;CNRSMH_E_1987_001_001_
items/2012/12/18/CNRSMH_E_1987_001_001_001_07.wav;CNRSMH_E_1987_001_001_
items/2012/12/18/CNRSMH_E_1987_001_001_001_08.wav;CNRSMH_E_1987_001_001_
items/2012/12/18/CNRSMH_E_1987_001_001_001_09.wav;CNRSMH_E_1987_001_001_
items/2012/12/18/CNRSMH_E_1987_001_001_001_10.wav;CNRSMH_E_1987_001_001_
items/2012/12/18/CNRSMH_E_1987_001_001_001_11.wav;CNRSMH_E_1987_001_001_
items/2012/12/18/CNRSMH_E_1994_012_001_001_04.wav;CNRSMH_E_1994_012_001_
items/2013/02/01/CNRSMH_E_1957_017_001_001_14.wav;CNRSMH_E_1957_017_001_
items/2013/02/05/CNRSMH_E_1946_001_001_001_01.wav;CNRSMH_E_1946_001_001_
items/2013/02/05/CNRSMH_E_1946_001_001_001_02.wav;CNRSMH_E_1946_001_001_
items/2013/02/05/CNRSMH_E_1946_001_001_002_01.wav;CNRSMH_E_1946_001_001_
items/2013/02/05/CNRSMH_E_1946_001_001_002_02.wav;CNRSMH_E_1946_001_001_
items/2013/02/05/CNRSMH_E_1946_001_001_003_01.wav;CNRSMH_E_1946_001_001_
items/2013/02/05/CNRSMH_E_1946_001_001_003_02.wav;CNRSMH_E_1946_001_001_
items/2013/02/05/CNRSMH_E_1946_001_001_004_01.wav;CNRSMH_E_1946_001_001_
items/2013/02/05/CNRSMH_E_1946_001_001_004_02.wav;CNRSMH_E_1946_001_001_
items/2013/02/05/CNRSMH_E_1946_001_001_004_03.wav;CNRSMH_E_1946_001_001_
items/2013/02/05/CNRSMH_E_1946_001_001_005_01.wav;CNRSMH_E_1946_001_001_
items/2013/02/05/CNRSMH_E_1946_001_001_005_02.wav;CNRSMH_E_1946_001_001_
items/2013/02/05/CNRSMH_E_1946_001_001_006_01.wav;CNRSMH_E_1946_001_001_
items/2013/02/05/CNRSMH_E_1946_001_001_006_02.wav;CNRSMH_E_1946_001_001_
items/2013/02/05/CNRSMH_E_1946_001_001_007_01.wav;CNRSMH_E_1946_001_001_
items/2013/02/05/CNRSMH_E_1946_001_001_007_02.wav;CNRSMH_E_1946_001_001_
items/2013/02/05/CNRSMH_E_1946_001_001_008_01.wav;CNRSMH_E_1946_001_001_
items/2013/02/05/CNRSMH_E_1946_001_001_008_02.wav;CNRSMH_E_1946_001_001_
items/2013/02/05/CNRSMH_E_1946_001_001_009_01.wav;CNRSMH_E_1946_001_001_
items/2013/02/05/CNRSMH_E_1946_001_001_009_02.wav;CNRSMH_E_1946_001_001_
items/2013/02/05/CNRSMH_E_1946_001_001_010_01.wav;CNRSMH_E_1946_001_001_
items/2013/02/05/CNRSMH_E_1946_001_001_010_02.wav;CNRSMH_E_1946_001_001_
items/2013/02/05/CNRSMH_E_1946_001_001_011_01.wav;CNRSMH_E_1946_001_001_
items/2013/02/05/CNRSMH_E_1946_001_001_011_02.wav;CNRSMH_E_1946_001_001_
items/2013/02/05/CNRSMH_E_1946_001_001_012_01.wav;CNRSMH_E_1946_001_001_
items/2013/02/05/CNRSMH_E_1946_001_001_012_02.wav;CNRSMH_E_1946_001_001_
items/2013/02/05/CNRSMH_E_1946_001_001_013_01.wav;CNRSMH_E_1946_001_001_
items/2013/02/05/CNRSMH_E_1946_001_001_013_02.wav;CNRSMH_E_1946_001_001_
items/2013/02/05/CNRSMH_E_1946_001_001_014_01.wav;CNRSMH_E_1946_001_001_
items/2013/02/05/CNRSMH_E_1946_001_001_014_02.wav;CNRSMH_E_1946_001_001_
items/2013/02/05/CNRSMH_E_1946_001_001_014_03.wav;CNRSMH_E_1946_001_001_
items/2013/02/05/CNRSMH_E_1946_001_001_016_02.wav;CNRSMH_E_1946_001_001_
items/2013/02/05/CNRSMH_E_1946_001_001_017_01.wav;CNRSMH_E_1946_001_001_
items/2013/02/05/CNRSMH_E_1946_001_001_017_02.wav;CNRSMH_E_1946_001_001_
items/2013/02/05/CNRSMH_E_1946_001_001_017_03.wav;CNRSMH_E_1946_001_001_
items/2013/02/05/CNRSMH_E_1946_001_001_018_01.wav;CNRSMH_E_1946_001_001_
items/2013/02/05/CNRSMH_E_1946_001_001_018_02.wav;CNRSMH_E_1946_001_001_
items/2013/02/05/CNRSMH_E_1946_001_001_018_03.wav;CNRSMH_E_1946_001_001_
items/2013/02/05/CNRSMH_E_1946_001_001_019_01.wav;CNRSMH_E_1946_001_001_
items/2013/02/05/CNRSMH_E_1946_001_001_019_02.wav;CNRSMH_E_1946_001_001_
items/2013/02/05/CNRSMH_E_1946_001_001_020_01.wav;CNRSMH_E_1946_001_001_
items/2013/02/05/CNRSMH_E_1946_001_001_020_02.wav;CNRSMH_E_1946_001_001_
items/2013/02/05/CNRSMH_E_1946_001_001_021_01.wav;CNRSMH_E_1946_001_001_
items/2013/02/05/CNRSMH_E_1946_001_001_021_02.wav;CNRSMH_E_1946_001_001_
items/2013/02/05/CNRSMH_E_1946_001_001_022_01.wav;CNRSMH_E_1946_001_001_
items/2013/02/05/CNRSMH_E_1946_001_001_022_02.wav;CNRSMH_E_1946_001_001_
items/2013/02/05/CNRSMH_E_1946_001_001_023_01.wav;CNRSMH_E_1946_001_001_
items/2013/02/05/CNRSMH_E_1946_001_001_023_02.wav;CNRSMH_E_1946_001_001_
items/2013/02/05/CNRSMH_E_1946_001_001_024_01.wav;CNRSMH_E_1946_001_001_
items/2013/02/05/CNRSMH_E_1946_001_001_024_02.wav;CNRSMH_E_1946_001_001_
items/2013/02/05/CNRSMH_E_1946_001_001_025_01.wav;CNRSMH_E_1946_001_001_
items/2013/02/05/CNRSMH_E_1946_001_001_025_02.wav;CNRSMH_E_1946_001_001_
items/2013/02/05/CNRSMH_E_1946_001_001_026_01.wav;CNRSMH_E_1946_001_001_
items/2013/02/05/CNRSMH_E_1946_001_001_026_02.wav;CNRSMH_E_1946_001_001_
items/2013/02/05/CNRSMH_E_1946_001_001_027_01.wav;CNRSMH_E_1946_001_001_
items/2013/02/05/CNRSMH_E_1946_001_001_027_02.wav;CNRSMH_E_1946_001_001_
items/2013/02/05/CNRSMH_E_1946_001_001_028_01.wav;CNRSMH_E_1946_001_001_
items/2013/02/05/CNRSMH_E_1946_001_001_028_02.wav;CNRSMH_E_1946_001_001_
items/2013/02/05/CNRSMH_E_1946_001_001_029_01.wav;CNRSMH_E_1946_001_001_
items/2013/02/05/CNRSMH_E_1946_001_001_029_02.wav;CNRSMH_E_1946_001_001_
items/2013/02/05/CNRSMH_E_1946_001_001_030_01.wav;CNRSMH_E_1946_001_001_
items/2013/02/05/CNRSMH_E_1946_001_001_030_02.wav;CNRSMH_E_1946_001_001_
items/2013/02/05/CNRSMH_E_2004_017_001_01.wav;CNRSMH_E_2004_017_001_
items/2013/02/05/CNRSMH_E_2004_017_001_02.wav;CNRSMH_E_2004_017_001_
items/2013/02/05/CNRSMH_E_2004_017_001_03.wav;CNRSMH_E_2004_017_001_
items/2013/02/05/CNRSMH_E_2004_017_001_04.wav;CNRSMH_E_2004_017_001_
items/2013/02/05/CNRSMH_E_2004_017_001_05.wav;CNRSMH_E_2004_017_001_
items/2013/02/05/CNRSMH_E_2004_017_001_06.wav;CNRSMH_E_2004_017_001_
items/2013/02/05/CNRSMH_E_2004_017_001_07.wav;CNRSMH_E_2004_017_001_
items/2013/02/05/CNRSMH_E_2004_017_001_08.wav;CNRSMH_E_2004_017_001_
items/2013/02/05/CNRSMH_E_2004_017_001_09.wav;CNRSMH_E_2004_017_001_
items/2013/02/05/CNRSMH_E_2004_017_001_10.wav;CNRSMH_E_2004_017_001_
items/2013/02/05/CNRSMH_E_2004_017_001_11.wav;CNRSMH_E_2004_017_001_
items/2013/02/05/CNRSMH_E_2004_017_001_12.wav;CNRSMH_E_2004_017_001_
items/2013/02/05/CNRSMH_E_2004_017_001_13.wav;CNRSMH_E_2004_017_001_
items/2013/02/05/CNRSMH_E_2004_017_001_14.wav;CNRSMH_E_2004_017_001_
items/2013/02/05/CNRSMH_E_2004_017_001_15.wav;CNRSMH_E_2004_017_001_
items/2013/02/05/CNRSMH_E_2004_017_001_16.wav;CNRSMH_E_2004_017_001_
items/2013/02/05/CNRSMH_E_2004_017_001_17.wav;CNRSMH_E_2004_017_001_
items/2013/02/05/CNRSMH_E_2004_017_001_18.wav;CNRSMH_E_2004_017_001_
items/2013/02/05/CNRSMH_E_2004_017_001_19.wav;CNRSMH_E_2004_017_001_
items/2013/02/05/CNRSMH_E_2004_017_001_20.wav;CNRSMH_E_2004_017_001_
items/2013/02/05/CNRSMH_E_2004_017_001_21.wav;CNRSMH_E_2004_017_001_
items/2013/02/05/CNRSMH_E_2004_017_001_22.wav;CNRSMH_E_2004_017_001_
items/2013/02/05/CNRSMH_E_2004_017_001_23.wav;CNRSMH_E_2004_017_001_
items/2013/02/05/CNRSMH_E_2004_017_001_24.wav;CNRSMH_E_2004_017_001_
items/2013/02/05/CNRSMH_E_2004_017_001_25.wav;CNRSMH_E_2004_017_001_
items/2013/02/05/CNRSMH_E_2004_017_001_26.wav;CNRSMH_E_2004_017_001_
items/2013/02/05/CNRSMH_E_2004_017_001_27.wav;CNRSMH_E_2004_017_001_
items/2013/02/05/CNRSMH_E_2004_017_001_28.wav;CNRSMH_E_2004_017_001_
items/2013/02/05/CNRSMH_E_2004_017_001_29.wav;CNRSMH_E_2004_017_001_
items/2013/02/05/CNRSMH_E_2004_017_001_30.wav;CNRSMH_E_2004_017_001_
items/2013/02/05/CNRSMH_E_2004_017_001_31.wav;CNRSMH_E_2004_017_001_
items/2013/02/05/CNRSMH_E_2004_017_001_32.wav;CNRSMH_E_2004_017_001_
items/2013/02/05/CNRSMH_E_2004_017_001_33.wav;CNRSMH_E_2004_017_001_
items/2013/02/05/CNRSMH_E_2004_017_001_34.wav;CNRSMH_E_2004_017_001_
items/2013/02/05/CNRSMH_E_2004_017_001_35.wav;CNRSMH_E_2004_017_001_
items/2013/02/05/CNRSMH_E_2004_017_001_36.wav;CNRSMH_E_2004_017_001_
items/2013/02/05/CNRSMH_E_2004_017_001_37.wav;CNRSMH_E_2004_017_001_
items/2013/02/05/CNRSMH_E_2004_017_001_38.wav;CNRSMH_E_2004_017_001_
items/2013/02/05/CNRSMH_E_2004_017_001_39.wav;CNRSMH_E_2004_017_001_
items/2013/02/05/CNRSMH_E_2004_017_001_41.wav;CNRSMH_E_2004_017_001_
items/2013/02/05/CNRSMH_E_2004_017_001_42.wav;CNRSMH_E_2004_017_001_
items/2013/02/08/CNRSMH_E_1989_014_001_01.wav;CNRSMH_E_1989_014_001_
items/2013/02/08/CNRSMH_E_1989_014_001_02.wav;CNRSMH_E_1989_014_001_
items/2013/02/08/CNRSMH_E_1989_014_001_03.wav;CNRSMH_E_1989_014_001_
items/2013/02/08/CNRSMH_E_1989_014_001_04.wav;CNRSMH_E_1989_014_001_
items/2013/02/08/CNRSMH_E_1989_014_001_05.wav;CNRSMH_E_1989_014_001_
items/2013/02/08/CNRSMH_E_1989_014_001_06.wav;CNRSMH_E_1989_014_001_
items/2013/02/08/CNRSMH_E_1989_014_001_07.wav;CNRSMH_E_1989_014_001_
items/2013/02/08/CNRSMH_E_1989_014_001_08.wav;CNRSMH_E_1989_014_001_
items/2013/02/08/CNRSMH_E_1989_014_001_09.wav;CNRSMH_E_1989_014_001_
items/2013/02/08/CNRSMH_E_1989_014_001_10.wav;CNRSMH_E_1989_014_001_
items/2013/02/08/CNRSMH_E_1989_014_001_11.wav;CNRSMH_E_1989_014_001_
items/2013/02/08/CNRSMH_E_1989_014_001_12.wav;CNRSMH_E_1989_014_001_
items/2013/02/08/CNRSMH_E_1989_014_001_13.wav;CNRSMH_E_1989_014_001_
items/2013/02/08/CNRSMH_E_1989_014_001_14.wav;CNRSMH_E_1989_014_001_
items/2013/02/08/CNRSMH_E_1989_014_001_15.wav;CNRSMH_E_1989_014_001_
items/2013/02/08/CNRSMH_E_1989_014_001_16.wav;CNRSMH_E_1989_014_001_
items/2013/02/08/CNRSMH_E_1989_014_001_17.wav;CNRSMH_E_1989_014_001_
items/2013/02/08/CNRSMH_E_1989_014_001_18.wav;CNRSMH_E_1989_014_001_
items/2013/02/08/CNRSMH_E_1989_014_001_19.wav;CNRSMH_E_1989_014_001_
items/2013/02/08/CNRSMH_E_1989_014_001_20.wav;CNRSMH_E_1989_014_001_
items/2013/02/08/CNRSMH_E_1989_014_001_21.wav;CNRSMH_E_1989_014_001_
items/2013/02/08/CNRSMH_E_1989_014_001_22.wav;CNRSMH_E_1989_014_001_
items/2013/02/08/CNRSMH_E_1989_014_001_23.wav;CNRSMH_E_1989_014_001_
items/2013/02/08/CNRSMH_E_1989_014_001_24.wav;CNRSMH_E_1989_014_001_
items/2013/02/08/CNRSMH_E_1989_014_001_25.wav;CNRSMH_E_1989_014_001_
items/2013/02/08/CNRSMH_E_1989_014_001_26.wav;CNRSMH_E_1989_014_001_
items/2013/02/08/CNRSMH_E_1989_014_001_27.wav;CNRSMH_E_1989_014_001_
items/2013/02/08/CNRSMH_E_1989_014_001_28.wav;CNRSMH_E_1989_014_001_
items/2013/02/08/CNRSMH_E_1989_014_001_29.wav;CNRSMH_E_1989_014_001_
items/2013/02/08/CNRSMH_E_1989_014_001_30.wav;CNRSMH_E_1989_014_001_
items/2013/02/08/CNRSMH_E_1989_014_001_31.wav;CNRSMH_E_1989_014_001_
items/2013/02/08/CNRSMH_E_1989_014_001_32.wav;CNRSMH_E_1989_014_001_
items/2013/02/08/CNRSMH_E_1989_014_001_33.wav;CNRSMH_E_1989_014_001_
items/2013/02/08/CNRSMH_E_1989_014_001_34.wav;CNRSMH_E_1989_014_001_
items/2013/02/08/CNRSMH_E_1989_014_001_35.wav;CNRSMH_E_1989_014_001_
items/2013/02/08/CNRSMH_E_1989_014_001_36.wav;CNRSMH_E_1989_014_001_
items/2013/02/08/CNRSMH_E_1989_014_001_37.wav;CNRSMH_E_1989_014_001_
items/2013/02/08/CNRSMH_E_1989_014_001_38.wav;CNRSMH_E_1989_014_001_
items/2013/02/08/CNRSMH_E_1989_014_001_39.wav;CNRSMH_E_1989_014_001_
items/2013/02/08/CNRSMH_E_1989_014_001_40.wav;CNRSMH_E_1989_014_001_
items/2013/02/08/CNRSMH_E_1989_014_001_41.wav;CNRSMH_E_1989_014_001_
items/2013/02/08/CNRSMH_E_1989_014_001_42.wav;CNRSMH_E_1989_014_001_
items/2013/02/08/CNRSMH_E_1989_014_001_43.wav;CNRSMH_E_1989_014_001_
items/2013/02/08/CNRSMH_E_1989_014_001_44.wav;CNRSMH_E_1989_014_001_
items/2013/02/08/CNRSMH_E_1989_014_001_45.wav;CNRSMH_E_1989_014_001_
items/2013/02/08/CNRSMH_E_1989_014_001_46.wav;CNRSMH_E_1989_014_001_
items/2013/02/08/CNRSMH_E_1989_014_001_47.wav;CNRSMH_E_1989_014_001_
items/2013/02/08/CNRSMH_E_1989_014_001_48.wav;CNRSMH_E_1989_014_001_
items/2013/02/08/CNRSMH_E_1989_014_001_49.wav;CNRSMH_E_1989_014_001_
items/2013/02/08/CNRSMH_E_1989_014_001_50.wav;CNRSMH_E_1989_014_001_
items/2013/02/08/CNRSMH_E_1989_014_001_51.wav;CNRSMH_E_1989_014_001_
items/2013/02/08/CNRSMH_E_1989_014_001_52.wav;CNRSMH_E_1989_014_001_
items/2013/02/08/CNRSMH_E_1989_014_001_53.wav;CNRSMH_E_1989_014_001_
items/2013/02/08/CNRSMH_E_1989_014_001_54.wav;CNRSMH_E_1989_014_001_
items/2013/02/08/CNRSMH_E_1989_014_001_55.wav;CNRSMH_E_1989_014_001_
items/2013/02/08/CNRSMH_E_1989_014_001_56.wav;CNRSMH_E_1989_014_001_
items/2013/02/08/CNRSMH_E_1989_014_001_57.wav;CNRSMH_E_1989_014_001_
items/2013/02/11/CNRSMH_E_2013_001_001_01.wav;CNRSMH_E_2013_001_001_
items/2013/02/11/CNRSMH_E_2013_001_001_02.wav;CNRSMH_E_2013_001_001_
items/2013/02/11/CNRSMH_E_2013_002_001_01.wav;CNRSMH_E_2013_002_001_
items/2013/02/11/CNRSMH_E_2013_002_001_02.wav;CNRSMH_E_2013_002_001_
items/2013/02/14/CNRSMH_E_1997_027_001_01.wav;CNRSMH_E_1997_027_001_
items/2013/02/14/CNRSMH_E_1997_027_001_02.wav;CNRSMH_E_1997_027_001_
items/2013/02/15/CNRSMH_E_1932_001_125_01.wav;CNRSMH_E_1932_001_125_
items/2013/02/15/CNRSMH_E_1997_027_001_03.wav;CNRSMH_E_1997_027_001_
items/2013/02/15/CNRSMH_E_1997_027_001_04.wav;CNRSMH_E_1997_027_001_
items/2013/02/15/CNRSMH_E_1997_027_001_05.wav;CNRSMH_E_1997_027_001_
items/2013/02/15/CNRSMH_E_1997_027_001_06.wav;CNRSMH_E_1997_027_001_
items/2013/02/15/CNRSMH_E_1997_027_001_07.wav;CNRSMH_E_1997_027_001_
items/2013/02/15/CNRSMH_E_1997_027_001_08.wav;CNRSMH_E_1997_027_001_
items/2013/02/15/CNRSMH_E_1997_027_001_09.wav;CNRSMH_E_1997_027_001_
items/2013/02/15/CNRSMH_E_1997_027_001_10.wav;CNRSMH_E_1997_027_001_
items/2013/02/15/CNRSMH_E_1997_027_001_11.wav;CNRSMH_E_1997_027_001_
items/2013/02/15/CNRSMH_E_1997_027_001_12.wav;CNRSMH_E_1997_027_001_
items/2013/02/15/CNRSMH_E_1997_027_001_13.wav;CNRSMH_E_1997_027_001_
items/2013/02/15/CNRSMH_E_1997_027_001_14.wav;CNRSMH_E_1997_027_001_
items/2013/02/15/CNRSMH_E_1997_027_001_15.wav;CNRSMH_E_1997_027_001_
items/2013/02/15/CNRSMH_E_1997_027_001_16.wav;CNRSMH_E_1997_027_001_
items/2013/02/15/CNRSMH_E_1997_027_001_17.wav;CNRSMH_E_1997_027_001_
items/2013/02/15/CNRSMH_E_1997_027_001_18.wav;CNRSMH_E_1997_027_001_
items/2013/02/15/CNRSMH_E_1997_027_001_19.wav;CNRSMH_E_1997_027_001_
items/2013/02/18/CNRSMH_E_2012_014_001_01.webm;CNRSMH_E_2012_014_001_
items/2013/02/18/CNRSMH_E_2012_014_001_03.webm;CNRSMH_E_2012_014_001_
items/2013/02/18/CNRSMH_E_2012_014_001_04.webm;CNRSMH_E_2012_014_001_
items/2013/02/18/CNRSMH_E_2012_014_001_05.webm;CNRSMH_E_2012_014_001_
items/2013/02/18/CNRSMH_E_2012_014_001_06.webm;CNRSMH_E_2012_014_001_
items/2013/02/18/CNRSMH_E_2012_014_001_07.webm;CNRSMH_E_2012_014_001_
items/2013/02/25/CNRSMH_E_1959_002_004_001_01.wav;CNRSMH_E_1959_002_004_
items/2013/02/28/CNRSMH_E_1998_028_001_01.wav;CNRSMH_E_1998_028_001_
items/2013/02/28/CNRSMH_E_1998_028_001_02.wav;CNRSMH_E_1998_028_001_
items/2013/03/01/CNRSMH_E_1998_028_001_03.wav;CNRSMH_E_1998_028_001_
items/2013/03/01/CNRSMH_E_1998_028_001_04.wav;CNRSMH_E_1998_028_001_
items/2013/03/01/CNRSMH_E_1998_028_001_05.wav;CNRSMH_E_1998_028_001_
items/2013/03/01/CNRSMH_E_1998_028_001_06.wav;CNRSMH_E_1998_028_001_
items/2013/03/01/CNRSMH_E_1998_028_001_07.wav;CNRSMH_E_1998_028_001_
items/2013/03/01/CNRSMH_E_1998_028_001_08.wav;CNRSMH_E_1998_028_001_
items/2013/03/01/CNRSMH_E_1998_028_001_09.wav;CNRSMH_E_1998_028_001_
items/2013/03/01/CNRSMH_E_1998_028_001_10.wav;CNRSMH_E_1998_028_001_
items/2013/03/01/CNRSMH_E_1998_028_001_11.wav;CNRSMH_E_1998_028_001_
items/2013/03/01/CNRSMH_E_1998_028_001_12.wav;CNRSMH_E_1998_028_001_
items/2013/03/29/CNRSMH_E_1990_020_001_01.wav;CNRSMH_E_1990_020_001_
items/2013/03/29/CNRSMH_E_1990_020_001_02.wav;CNRSMH_E_1990_020_001_
items/2013/04/03/CNRSMH_E_2012_014_001_02_1.webm;CNRSMH_E_2012_014_001_
items/2013/04/03/CNRSMH_E_2012_014_001_08.webm;CNRSMH_E_2012_014_001_
items/2013/04/04/CNRSMH_E_2001_024_001_01.wav;CNRSMH_E_2001_024_001_
items/2013/04/04/CNRSMH_E_2001_024_001_02.wav;CNRSMH_E_2001_024_001_
items/2013/04/04/CNRSMH_E_2001_024_001_03.wav;CNRSMH_E_2001_024_001_
items/2013/04/04/CNRSMH_E_2001_024_001_04.wav;CNRSMH_E_2001_024_001_
items/2013/04/04/CNRSMH_E_2001_024_001_05.wav;CNRSMH_E_2001_024_001_
items/2013/04/04/CNRSMH_E_2001_024_001_06.wav;CNRSMH_E_2001_024_001_
items/2013/04/04/CNRSMH_E_2001_024_001_07.wav;CNRSMH_E_2001_024_001_
items/2013/04/09/CNRSMH_E_2001_024_001_08.wav;CNRSMH_E_2001_024_001_
items/2013/04/09/CNRSMH_E_2001_024_001_09.wav;CNRSMH_E_2001_024_001_
items/2013/04/09/CNRSMH_E_2001_024_001_10.wav;CNRSMH_E_2001_024_001_
items/2013/04/09/CNRSMH_E_2001_024_001_11.wav;CNRSMH_E_2001_024_001_
items/2013/04/09/CNRSMH_E_2001_024_001_12.wav;CNRSMH_E_2001_024_001_
items/2013/04/10/CNRSMH_E_2001_024_001_13.wav;CNRSMH_E_2001_024_001_
items/2013/04/10/CNRSMH_E_2001_024_001_14.wav;CNRSMH_E_2001_024_001_
items/2013/04/10/CNRSMH_E_2001_024_001_15.wav;CNRSMH_E_2001_024_001_
items/2013/04/10/CNRSMH_E_2001_024_001_16.wav;CNRSMH_E_2001_024_001_
items/2013/04/10/CNRSMH_E_2001_024_001_17.wav;CNRSMH_E_2001_024_001_
items/2013/04/10/CNRSMH_E_2001_024_001_18.wav;CNRSMH_E_2001_024_001_
items/2013/04/10/CNRSMH_E_2008_010_001_01_01.webm;CNRSMH_E_2008_010_001_
items/2013/04/15/CNRSMH_E_1997_006_001_07.wav;CNRSMH_E_1997_006_001_
items/2013/04/15/CNRSMH_E_1997_006_001_07.wav;CNRSMH_E_1997_006_001_
items/2013/04/17/CNRSMH_E_1997_006_001_01.wav;CNRSMH_E_1997_006_001_
items/2013/04/17/CNRSMH_E_1997_006_001_02.wav;CNRSMH_E_1997_006_001_
items/2013/04/17/CNRSMH_E_1997_006_001_03.wav;CNRSMH_E_1997_006_001_
items/2013/04/17/CNRSMH_E_1997_006_001_04.wav;CNRSMH_E_1997_006_001_
items/2013/04/17/CNRSMH_E_1997_006_001_05.wav;CNRSMH_E_1997_006_001_
items/2013/04/17/CNRSMH_E_1997_006_001_06.wav;CNRSMH_E_1997_006_001_
items/2013/04/17/CNRSMH_E_1997_006_001_08.wav;CNRSMH_E_1997_006_001_
items/2013/04/17/CNRSMH_E_1997_006_001_08.wav;CNRSMH_E_1997_006_001_
items/2013/04/17/CNRSMH_E_1997_006_001_09.wav;CNRSMH_E_1997_006_001_
items/2013/04/17/CNRSMH_E_1997_006_001_10.wav;CNRSMH_E_1997_006_001_
items/2013/04/17/CNRSMH_E_1997_006_001_11.wav;CNRSMH_E_1997_006_001_
items/2013/04/17/CNRSMH_E_1997_006_001_12.wav;CNRSMH_E_1997_006_001_
items/2013/04/17/CNRSMH_E_1997_006_001_13.wav;CNRSMH_E_1997_006_001_
items/2013/04/17/CNRSMH_E_1997_006_001_14.wav;CNRSMH_E_1997_006_001_
items/2013/04/17/CNRSMH_E_1997_006_001_15.wav;CNRSMH_E_1997_006_001_
items/2013/04/17/CNRSMH_E_1997_006_001_16.wav;CNRSMH_E_1997_006_001_
items/2013/04/17/CNRSMH_E_1997_006_001_17.wav;CNRSMH_E_1997_006_001_
items/2013/04/17/CNRSMH_E_1997_006_001_18.wav;CNRSMH_E_1997_006_001_
items/2013/04/17/CNRSMH_E_1997_006_001_19.wav;CNRSMH_E_1997_006_001_
items/2013/04/17/CNRSMH_E_1997_006_001_20.wav;CNRSMH_E_1997_006_001_
items/2013/04/17/CNRSMH_E_1997_006_001_21.wav;CNRSMH_E_1997_006_001_
items/2013/04/17/CNRSMH_E_2002_018_001_22.webm;CNRSMH_E_2002_018_001_
items/2013/04/17/CNRSMH_E_2002_018_001_23.webm;CNRSMH_E_2002_018_001_
items/2013/04/17/CNRSMH_E_2002_018_001_24.webm;CNRSMH_E_2002_018_001_
items/2013/04/17/CNRSMH_E_2002_018_001_25.webm;CNRSMH_E_2002_018_001_
items/2013/04/17/CNRSMH_E_2007_005_001_01.wav;CNRSMH_E_2007_005_001_
items/2013/04/17/CNRSMH_E_2007_005_001_02.wav;CNRSMH_E_2007_005_001_
items/2013/04/17/CNRSMH_E_2007_005_001_03.wav;CNRSMH_E_2007_005_001_
items/2013/04/17/CNRSMH_E_2007_005_001_04.wav;CNRSMH_E_2007_005_001_
items/2013/04/17/CNRSMH_E_2007_005_001_05.wav;CNRSMH_E_2007_005_001_
items/2013/04/17/CNRSMH_E_2007_005_001_06.wav;CNRSMH_E_2007_005_001_
items/2013/04/17/CNRSMH_E_2007_005_001_07.wav;CNRSMH_E_2007_005_001_
items/2013/04/17/CNRSMH_E_2007_005_001_08.wav;CNRSMH_E_2007_005_001_
items/2013/04/17/CNRSMH_E_2007_005_001_09.wav;CNRSMH_E_2007_005_001_
items/2013/04/17/CNRSMH_E_2007_005_001_10.wav;CNRSMH_E_2007_005_001_
items/2013/04/17/CNRSMH_E_2007_005_001_11.wav;CNRSMH_E_2007_005_001_
items/2013/04/17/CNRSMH_E_2007_005_001_12.wav;CNRSMH_E_2007_005_001_
items/2013/04/18/CNRSMH_E_2011_027_001_01.webm;CNRSMH_E_2011_027_001_
items/2013/04/18/CNRSMH_E_2011_027_001_02.webm;CNRSMH_E_2011_027_001_
items/2013/04/18/CNRSMH_E_2011_027_001_03.webm;CNRSMH_E_2011_027_001_
items/2013/04/18/CNRSMH_E_2011_027_001_04.webm;CNRSMH_E_2011_027_001_
items/2013/04/18/CNRSMH_E_2011_027_001_05.webm;CNRSMH_E_2011_027_001_
items/2013/05/16/CNRSMH_E_1995_012_001_01.wav;CNRSMH_E_1995_012_001_
items/2013/05/16/CNRSMH_E_1995_012_001_02.wav;CNRSMH_E_1995_012_001_
items/2013/05/16/CNRSMH_E_1995_012_001_03.wav;CNRSMH_E_1995_012_001_
items/2013/05/16/CNRSMH_E_1995_012_001_04.wav;CNRSMH_E_1995_012_001_
items/2013/05/16/CNRSMH_E_1995_012_001_05.wav;CNRSMH_E_1995_012_001_
items/2013/05/16/CNRSMH_E_1995_012_001_06.wav;CNRSMH_E_1995_012_001_
items/2013/05/16/CNRSMH_E_1995_012_001_07.wav;CNRSMH_E_1995_012_001_
items/2013/05/16/CNRSMH_E_1995_012_001_08.wav;CNRSMH_E_1995_012_001_
items/2013/05/16/CNRSMH_E_1995_012_001_09.wav;CNRSMH_E_1995_012_001_
items/2013/05/16/CNRSMH_E_1995_012_001_10.wav;CNRSMH_E_1995_012_001_
items/2013/05/16/CNRSMH_E_1995_012_001_11.wav;CNRSMH_E_1995_012_001_
items/2013/05/16/CNRSMH_E_1995_012_001_12.wav;CNRSMH_E_1995_012_001_
items/2013/05/16/CNRSMH_E_2005_010_006_001_01.wav;CNRSMH_E_2005_010_006_
items/2013/05/16/CNRSMH_E_2005_010_006_001_02.wav;CNRSMH_E_2005_010_006_
items/2013/05/16/CNRSMH_E_2005_010_006_001_03.wav;CNRSMH_E_2005_010_006_
items/2013/05/16/CNRSMH_E_2005_010_006_001_04.wav;CNRSMH_E_2005_010_006_
items/2013/05/16/CNRSMH_E_2005_010_006_001_05.wav;CNRSMH_E_2005_010_006_
items/2013/05/16/CNRSMH_E_2005_010_006_001_06.wav;CNRSMH_E_2005_010_006_
items/2013/05/16/CNRSMH_E_2005_010_006_001_07.wav;CNRSMH_E_2005_010_006_
items/2013/05/16/CNRSMH_E_2005_010_006_001_08.wav;CNRSMH_E_2005_010_006_
items/2013/05/16/CNRSMH_E_2005_010_006_001_09.wav;CNRSMH_E_2005_010_006_
items/2013/05/16/CNRSMH_E_2005_010_006_001_10.wav;CNRSMH_E_2005_010_006_
items/2013/05/16/CNRSMH_E_2005_010_006_001_11.wav;CNRSMH_E_2005_010_006_
items/2013/05/16/CNRSMH_E_2005_010_006_001_12.wav;CNRSMH_E_2005_010_006_
items/2013/05/16/CNRSMH_E_2005_010_006_001_13.wav;CNRSMH_E_2005_010_006_
items/2013/05/16/CNRSMH_E_2005_010_006_001_14.wav;CNRSMH_E_2005_010_006_
items/2013/05/16/CNRSMH_E_2005_010_006_001_15.wav;CNRSMH_E_2005_010_006_
items/2013/05/16/CNRSMH_E_2005_010_006_001_16.wav;CNRSMH_E_2005_010_006_
items/2013/05/16/CNRSMH_E_2005_010_006_001_17.wav;CNRSMH_E_2005_010_006_
items/2013/05/16/CNRSMH_E_2005_010_006_001_18.wav;CNRSMH_E_2005_010_006_
items/2013/05/16/CNRSMH_E_2005_010_006_001_19.wav;CNRSMH_E_2005_010_006_
items/2013/05/16/CNRSMH_E_2007_010_001_01.wav;CNRSMH_E_2007_010_001_
items/2013/05/16/CNRSMH_E_2007_010_001_02.wav;CNRSMH_E_2007_010_001_
items/2013/05/16/CNRSMH_E_2007_010_001_03.wav;CNRSMH_E_2007_010_001_
items/2013/05/16/CNRSMH_E_2007_010_001_04.wav;CNRSMH_E_2007_010_001_
items/2013/05/16/CNRSMH_E_2007_010_001_05.wav;CNRSMH_E_2007_010_001_
items/2013/05/16/CNRSMH_E_2007_010_001_06.wav;CNRSMH_E_2007_010_001_
items/2013/05/16/CNRSMH_E_2007_010_001_07.wav;CNRSMH_E_2007_010_001_
items/2013/05/16/CNRSMH_E_2007_010_001_08.wav;CNRSMH_E_2007_010_001_
items/2013/05/16/CNRSMH_E_2007_010_001_09.wav;CNRSMH_E_2007_010_001_
items/2013/05/16/CNRSMH_E_2007_010_001_10.wav;CNRSMH_E_2007_010_001_
items/2013/05/16/CNRSMH_E_2007_010_001_11.wav;CNRSMH_E_2007_010_001_
items/2013/05/16/CNRSMH_E_2007_010_001_12.wav;CNRSMH_E_2007_010_001_
items/2013/05/16/CNRSMH_E_2007_010_001_13.wav;CNRSMH_E_2007_010_001_
items/2013/05/16/CNRSMH_E_2007_010_001_14.wav;CNRSMH_E_2007_010_001_
items/2013/05/16/CNRSMH_E_2007_010_001_15.wav;CNRSMH_E_2007_010_001_
items/2013/05/16/CNRSMH_E_2007_010_001_16.wav;CNRSMH_E_2007_010_001_
items/2013/05/16/CNRSMH_E_2007_010_001_17.wav;CNRSMH_E_2007_010_001_
items/2013/05/16/CNRSMH_E_2007_010_001_18.wav;CNRSMH_E_2007_010_001_
items/2013/05/16/CNRSMH_E_2007_010_001_19.wav;CNRSMH_E_2007_010_001_
items/2013/05/16/CNRSMH_E_2007_010_001_20.wav;CNRSMH_E_2007_010_001_
items/2013/05/16/CNRSMH_E_2007_010_001_21.wav;CNRSMH_E_2007_010_001_
items/2013/05/16/CNRSMH_E_2007_010_001_22.wav;CNRSMH_E_2007_010_001_
items/2013/05/16/CNRSMH_E_2007_010_001_24.wav;CNRSMH_E_2007_010_001_
items/2013/05/16/CNRSMH_E_2007_010_001_24_1.wav;CNRSMH_E_2007_010_001_
items/2013/05/16/CNRSMH_E_2007_010_001_25.wav;CNRSMH_E_2007_010_001_
items/2013/05/16/CNRSMH_E_2007_010_001_26.wav;CNRSMH_E_2007_010_001_
items/2013/05/16/CNRSMH_E_2007_010_001_27.wav;CNRSMH_E_2007_010_001_
items/2013/05/16/CNRSMH_E_2007_010_001_28.wav;CNRSMH_E_2007_010_001_
items/2013/05/16/CNRSMH_E_2007_010_001_29.wav;CNRSMH_E_2007_010_001_
items/2013/05/16/CNRSMH_E_2007_010_001_30.wav;CNRSMH_E_2007_010_001_
items/2013/05/17/CNRSMH_E_1997_028_001_01.wav;CNRSMH_E_1997_028_001_
items/2013/05/17/CNRSMH_E_1997_028_001_02.wav;CNRSMH_E_1997_028_001_
items/2013/05/17/CNRSMH_E_1997_028_001_03.wav;CNRSMH_E_1997_028_001_
items/2013/05/17/CNRSMH_E_1997_028_001_06.wav;CNRSMH_E_1997_028_001_
items/2013/05/17/CNRSMH_E_1997_028_001_09.wav;CNRSMH_E_1997_028_001_
items/2013/05/17/CNRSMH_E_1997_028_001_10.wav;CNRSMH_E_1997_028_001_
items/2013/05/17/CNRSMH_E_1997_028_001_12.wav;CNRSMH_E_1997_028_001_
items/2013/05/17/CNRSMH_E_1997_028_001_16.wav;CNRSMH_E_1997_028_001_
items/2013/05/17/CNRSMH_E_1997_028_001_20.wav;CNRSMH_E_1997_028_001_
items/2013/05/21/CNRSMH_E_1997_028_001_04_1.wav;CNRSMH_E_1997_028_001_
items/2013/05/21/CNRSMH_E_1997_028_001_05.wav;CNRSMH_E_1997_028_001_
items/2013/05/21/CNRSMH_E_1997_028_001_07.wav;CNRSMH_E_1997_028_001_
items/2013/05/21/CNRSMH_E_1997_028_001_08.wav;CNRSMH_E_1997_028_001_
items/2013/05/21/CNRSMH_E_1997_028_001_11.wav;CNRSMH_E_1997_028_001_
items/2013/05/21/CNRSMH_E_1997_028_001_13.wav;CNRSMH_E_1997_028_001_
items/2013/05/21/CNRSMH_E_1997_028_001_14.wav;CNRSMH_E_1997_028_001_
items/2013/05/21/CNRSMH_E_1997_028_001_15.wav;CNRSMH_E_1997_028_001_
items/2013/05/21/CNRSMH_E_1997_028_001_17.wav;CNRSMH_E_1997_028_001_
items/2013/05/21/CNRSMH_E_1997_028_001_18.wav;CNRSMH_E_1997_028_001_
items/2013/05/21/CNRSMH_E_1997_028_001_19.wav;CNRSMH_E_1997_028_001_
items/2013/05/21/CNRSMH_E_1997_028_001_21.wav;CNRSMH_E_1997_028_001_
items/2013/05/21/CNRSMH_E_1997_028_001_22.wav;CNRSMH_E_1997_028_001_
items/2013/05/21/CNRSMH_E_1997_028_001_23.wav;CNRSMH_E_1997_028_001_
items/2013/05/21/CNRSMH_E_1997_028_001_24.wav;CNRSMH_E_1997_028_001_
items/2013/05/21/CNRSMH_E_1997_028_001_25.wav;CNRSMH_E_1997_028_001_
items/2013/05/23/CNRSMH_E_1996_010_001_001_01.wav;CNRSMH_E_1996_010_001_
items/2013/05/23/CNRSMH_E_1996_010_001_001_02.wav;CNRSMH_E_1996_010_001_
items/2013/05/23/CNRSMH_E_1996_010_001_001_03.wav;CNRSMH_E_1996_010_001_
items/2013/05/23/CNRSMH_E_1996_010_001_001_04.wav;CNRSMH_E_1996_010_001_
items/2013/05/23/CNRSMH_E_1996_010_001_001_05.wav;CNRSMH_E_1996_010_001_
items/2013/05/23/CNRSMH_E_1996_010_001_001_06.wav;CNRSMH_E_1996_010_001_
items/2013/05/23/CNRSMH_E_1996_010_001_001_07.wav;CNRSMH_E_1996_010_001_
items/2013/05/23/CNRSMH_E_1996_010_001_001_08.wav;CNRSMH_E_1996_010_001_
items/2013/05/23/CNRSMH_E_1996_010_001_001_09.wav;CNRSMH_E_1996_010_001_
items/2013/05/23/CNRSMH_E_1996_010_001_001_10.wav;CNRSMH_E_1996_010_001_
items/2013/05/27/CNRSMH_E_1996_010_001_001_11.wav;CNRSMH_E_1996_010_001_
items/2013/05/27/CNRSMH_E_1996_010_001_001_12.wav;CNRSMH_E_1996_010_001_
items/2013/05/27/CNRSMH_E_1996_010_001_001_13.wav;CNRSMH_E_1996_010_001_
items/2013/05/27/CNRSMH_E_1996_010_001_001_14.wav;CNRSMH_E_1996_010_001_
items/2013/05/27/CNRSMH_E_1996_010_001_001_15.wav;CNRSMH_E_1996_010_001_
items/2013/05/27/CNRSMH_E_1996_010_001_001_16.wav;CNRSMH_E_1996_010_001_
items/2013/05/27/CNRSMH_E_1996_010_001_001_17.wav;CNRSMH_E_1996_010_001_
items/2013/05/27/CNRSMH_E_1996_010_001_001_18.wav;CNRSMH_E_1996_010_001_
items/2013/05/27/CNRSMH_E_1996_010_001_001_19.wav;CNRSMH_E_1996_010_001_
items/2013/05/27/CNRSMH_E_1996_010_001_001_20.wav;CNRSMH_E_1996_010_001_
items/2013/05/27/CNRSMH_E_1996_010_001_001_21.wav;CNRSMH_E_1996_010_001_
items/2013/05/27/CNRSMH_E_1996_010_001_001_22.wav;CNRSMH_E_1996_010_001_
items/2013/05/27/CNRSMH_E_1996_010_001_001_23.wav;CNRSMH_E_1996_010_001_
items/2013/05/27/CNRSMH_E_1996_010_001_001_24.wav;CNRSMH_E_1996_010_001_
items/2013/05/27/CNRSMH_E_1996_010_001_001_25.wav;CNRSMH_E_1996_010_001_
items/2013/05/27/CNRSMH_E_1996_010_001_001_26.wav;CNRSMH_E_1996_010_001_
items/2013/05/27/CNRSMH_E_1996_010_001_001_27.wav;CNRSMH_E_1996_010_001_
items/2013/05/27/CNRSMH_E_1996_010_001_001_28.wav;CNRSMH_E_1996_010_001_
items/2013/05/27/CNRSMH_E_1996_010_001_001_29.wav;CNRSMH_E_1996_010_001_
items/2013/05/27/CNRSMH_E_1996_010_001_002_01.wav;CNRSMH_E_1996_010_001_
items/2013/05/27/CNRSMH_E_1996_010_001_002_02.wav;CNRSMH_E_1996_010_001_
items/2013/05/27/CNRSMH_E_1996_010_001_002_03.wav;CNRSMH_E_1996_010_001_
items/2013/05/27/CNRSMH_E_1996_010_001_002_04.wav;CNRSMH_E_1996_010_001_
items/2013/05/27/CNRSMH_E_1996_010_001_002_05.wav;CNRSMH_E_1996_010_001_
items/2013/05/27/CNRSMH_E_1996_010_001_002_06.wav;CNRSMH_E_1996_010_001_
items/2013/05/27/CNRSMH_E_1996_010_001_002_07.wav;CNRSMH_E_1996_010_001_
items/2013/05/27/CNRSMH_E_1996_010_001_002_08.wav;CNRSMH_E_1996_010_001_
items/2013/05/27/CNRSMH_E_1996_010_001_002_09.wav;CNRSMH_E_1996_010_001_
items/2013/05/27/CNRSMH_E_1996_010_001_002_10.wav;CNRSMH_E_1996_010_001_
items/2013/05/27/CNRSMH_E_1996_010_001_002_11.wav;CNRSMH_E_1996_010_001_
items/2013/05/27/CNRSMH_E_1996_010_001_002_12.wav;CNRSMH_E_1996_010_001_
items/2013/05/27/CNRSMH_E_1996_010_001_002_13.wav;CNRSMH_E_1996_010_001_
items/2013/05/27/CNRSMH_E_1996_010_001_002_14.wav;CNRSMH_E_1996_010_001_
items/2013/05/27/CNRSMH_E_1996_010_001_002_15.wav;CNRSMH_E_1996_010_001_
items/2013/05/27/CNRSMH_E_1996_010_001_002_16.wav;CNRSMH_E_1996_010_001_
items/2013/05/27/CNRSMH_E_1996_010_001_002_17.wav;CNRSMH_E_1996_010_001_
items/2013/05/27/CNRSMH_E_1996_010_001_002_18.wav;CNRSMH_E_1996_010_001_
items/2013/05/27/CNRSMH_E_1996_010_001_002_19.wav;CNRSMH_E_1996_010_001_
items/2013/05/27/CNRSMH_E_1996_010_001_002_20.wav;CNRSMH_E_1996_010_001_
items/2013/05/27/CNRSMH_E_1996_010_001_002_21.wav;CNRSMH_E_1996_010_001_
items/2013/05/27/CNRSMH_E_1996_010_001_002_22.wav;CNRSMH_E_1996_010_001_
items/2013/05/27/CNRSMH_E_1996_010_001_002_23.wav;CNRSMH_E_1996_010_001_
items/2013/05/27/CNRSMH_E_1996_010_001_002_24.wav;CNRSMH_E_1996_010_001_
items/2013/05/27/CNRSMH_E_1996_010_001_002_25.wav;CNRSMH_E_1996_010_001_
items/2013/05/27/CNRSMH_E_1996_010_001_002_26.wav;CNRSMH_E_1996_010_001_
items/2013/05/27/CNRSMH_E_1996_010_001_002_27.wav;CNRSMH_E_1996_010_001_
items/2013/05/27/CNRSMH_E_1996_010_001_002_28.wav;CNRSMH_E_1996_010_001_
items/2013/05/27/CNRSMH_E_1996_010_001_002_29.wav;CNRSMH_E_1996_010_001_
items/2013/05/27/CNRSMH_E_1996_010_001_002_30.wav;CNRSMH_E_1996_010_001_
items/2013/05/27/CNRSMH_E_1996_010_001_002_31.wav;CNRSMH_E_1996_010_001_
items/2013/05/27/CNRSMH_E_1996_010_001_002_32.wav;CNRSMH_E_1996_010_001_
items/2013/05/27/CNRSMH_E_1996_010_001_002_33.wav;CNRSMH_E_1996_010_001_
items/2013/05/27/CNRSMH_E_1996_010_001_002_34.wav;CNRSMH_E_1996_010_001_
items/2013/05/27/CNRSMH_E_1996_010_001_002_35.wav;CNRSMH_E_1996_010_001_
items/2013/05/27/CNRSMH_E_1996_010_001_002_36.wav;CNRSMH_E_1996_010_001_
items/2013/05/27/CNRSMH_E_1996_010_001_002_37.wav;CNRSMH_E_1996_010_001_
items/2013/05/27/CNRSMH_E_1996_010_001_002_38.wav;CNRSMH_E_1996_010_001_
items/2013/05/27/CNRSMH_E_1996_010_001_002_39.wav;CNRSMH_E_1996_010_001_
items/2013/05/27/CNRSMH_E_1996_010_001_002_40.wav;CNRSMH_E_1996_010_001_
items/2013/05/27/CNRSMH_E_1996_010_001_002_41.wav;CNRSMH_E_1996_010_001_
items/2013/05/27/CNRSMH_E_1996_010_001_002_42.wav;CNRSMH_E_1996_010_001_
items/2013/05/27/CNRSMH_E_1996_010_001_002_43.wav;CNRSMH_E_1996_010_001_
items/2013/05/27/CNRSMH_E_1996_010_001_002_44.wav;CNRSMH_E_1996_010_001_
items/2013/05/27/CNRSMH_E_1996_010_001_002_45.wav;CNRSMH_E_1996_010_001_
items/2013/05/27/CNRSMH_E_1996_010_001_002_46.wav;CNRSMH_E_1996_010_001_
items/2013/05/28/CNRSMH_E_1958_012_001_001_01_3.wav;CNRSMH_E_1958_012_001_
items/2013/05/28/CNRSMH_E_1958_012_001_001_02_3.wav;CNRSMH_E_1958_012_001_
items/2013/05/28/CNRSMH_E_1958_012_001_001_03_3.wav;CNRSMH_E_1958_012_001_
items/2013/05/28/CNRSMH_E_1958_012_001_001_04_3.wav;CNRSMH_E_1958_012_001_
items/2013/05/28/CNRSMH_E_1958_012_001_001_05_3.wav;CNRSMH_E_1958_012_001_
items/2013/05/28/CNRSMH_E_1958_012_001_001_06_3.wav;CNRSMH_E_1958_012_001_
items/2013/05/28/CNRSMH_E_1958_012_001_001_07_3.wav;CNRSMH_E_1958_012_001_
items/2013/05/28/CNRSMH_E_1958_012_001_001_08_3.wav;CNRSMH_E_1958_012_001_
items/2013/05/28/CNRSMH_E_1958_012_001_001_09_3.wav;CNRSMH_E_1958_012_001_
items/2013/05/28/CNRSMH_E_1958_012_001_001_10_3.wav;CNRSMH_E_1958_012_001_
items/2013/05/28/CNRSMH_E_1958_012_002_001_01_2.wav;CNRSMH_E_1958_012_002_
items/2013/05/28/CNRSMH_E_1958_012_002_001_02_3.wav;CNRSMH_E_1958_012_002_
items/2013/05/28/CNRSMH_E_1958_012_002_001_03_3.wav;CNRSMH_E_1958_012_002_
items/2013/05/28/CNRSMH_E_1958_012_002_001_04_3.wav;CNRSMH_E_1958_012_002_
items/2013/05/28/CNRSMH_E_1958_012_002_001_05_3.wav;CNRSMH_E_1958_012_002_
items/2013/05/28/CNRSMH_E_1973_019_001_01.wav;CNRSMH_E_1973_019_001_
items/2013/05/28/CNRSMH_E_1973_019_001_02.wav;CNRSMH_E_1973_019_001_
items/2013/05/28/CNRSMH_E_1973_019_001_03.wav;CNRSMH_E_1973_019_001_
items/2013/05/28/CNRSMH_E_1973_019_001_04.wav;CNRSMH_E_1973_019_001_
items/2013/05/28/CNRSMH_E_1973_019_001_05.wav;CNRSMH_E_1973_019_001_
items/2013/05/28/CNRSMH_E_1973_019_001_06.wav;CNRSMH_E_1973_019_001_
items/2013/05/28/CNRSMH_E_1973_019_001_07.wav;CNRSMH_E_1973_019_001_
items/2013/05/28/CNRSMH_E_1973_019_001_08.wav;CNRSMH_E_1973_019_001_
items/2013/05/29/CNRSMH_E_2002_018_001_01.wav;CNRSMH_E_2002_018_001_
items/2013/05/29/CNRSMH_E_2002_018_001_02.wav;CNRSMH_E_2002_018_001_
items/2013/05/29/CNRSMH_E_2002_018_001_03.wav;CNRSMH_E_2002_018_001_
items/2013/05/29/CNRSMH_E_2002_018_001_04.wav;CNRSMH_E_2002_018_001_
items/2013/05/29/CNRSMH_E_2002_018_001_05.wav;CNRSMH_E_2002_018_001_
items/2013/05/29/CNRSMH_E_2002_018_001_06.wav;CNRSMH_E_2002_018_001_
items/2013/05/29/CNRSMH_E_2002_018_001_07.wav;CNRSMH_E_2002_018_001_
items/2013/05/29/CNRSMH_E_2002_018_001_08.wav;CNRSMH_E_2002_018_001_
items/2013/05/29/CNRSMH_E_2002_018_001_09.wav;CNRSMH_E_2002_018_001_
items/2013/05/29/CNRSMH_E_2002_018_001_10.wav;CNRSMH_E_2002_018_001_
items/2013/05/29/CNRSMH_E_2002_018_001_11.wav;CNRSMH_E_2002_018_001_
items/2013/05/29/CNRSMH_E_2002_018_001_12.wav;CNRSMH_E_2002_018_001_
items/2013/05/29/CNRSMH_E_2002_018_001_13.wav;CNRSMH_E_2002_018_001_
items/2013/05/29/CNRSMH_E_2002_018_001_14.wav;CNRSMH_E_2002_018_001_
items/2013/05/29/CNRSMH_E_2002_018_001_15.wav;CNRSMH_E_2002_018_001_
items/2013/05/29/CNRSMH_E_2002_018_001_16.wav;CNRSMH_E_2002_018_001_
items/2013/05/29/CNRSMH_E_2002_018_001_17.wav;CNRSMH_E_2002_018_001_
items/2013/05/29/CNRSMH_E_2002_018_001_18.wav;CNRSMH_E_2002_018_001_
items/2013/05/29/CNRSMH_E_2002_018_001_19.wav;CNRSMH_E_2002_018_001_
items/2013/05/29/CNRSMH_E_2002_018_001_20.wav;CNRSMH_E_2002_018_001_
items/2013/05/29/CNRSMH_E_2002_018_001_21.wav;CNRSMH_E_2002_018_001_
items/2013/05/30/CNRSMH_E_1999_018_001_01.wav;CNRSMH_E_1999_018_001_
items/2013/05/30/CNRSMH_E_1999_018_001_02.wav;CNRSMH_E_1999_018_001_
items/2013/05/30/CNRSMH_E_1999_018_001_03.wav;CNRSMH_E_1999_018_001_
items/2013/05/30/CNRSMH_E_1999_018_001_04.wav;CNRSMH_E_1999_018_001_
items/2013/05/30/CNRSMH_E_1999_018_001_05.wav;CNRSMH_E_1999_018_001_
items/2013/05/30/CNRSMH_E_1999_018_001_06.wav;CNRSMH_E_1999_018_001_
items/2013/05/30/CNRSMH_E_1999_018_001_07.wav;CNRSMH_E_1999_018_001_
items/2013/05/30/CNRSMH_E_1999_018_001_08.wav;CNRSMH_E_1999_018_001_
items/2013/05/30/CNRSMH_E_1999_018_001_09.wav;CNRSMH_E_1999_018_001_
items/2013/05/30/CNRSMH_E_1999_018_001_10.wav;CNRSMH_E_1999_018_001_
items/2013/05/30/CNRSMH_E_1999_018_001_11.wav;CNRSMH_E_1999_018_001_
items/2013/05/30/CNRSMH_E_1999_018_001_12.wav;CNRSMH_E_1999_018_001_
items/2013/05/30/CNRSMH_E_1999_018_001_13.wav;CNRSMH_E_1999_018_001_
items/2013/05/30/CNRSMH_E_1999_018_001_14.wav;CNRSMH_E_1999_018_001_
items/2013/05/30/CNRSMH_E_1999_018_001_15.wav;CNRSMH_E_1999_018_001_
items/2013/05/30/CNRSMH_E_1999_018_001_16.wav;CNRSMH_E_1999_018_001_
items/2013/05/30/CNRSMH_E_1999_018_001_17.wav;CNRSMH_E_1999_018_001_
items/2013/05/30/CNRSMH_E_1999_018_001_18.wav;CNRSMH_E_1999_018_001_
items/2013/05/30/CNRSMH_E_1999_018_001_19.wav;CNRSMH_E_1999_018_001_
items/2013/05/30/CNRSMH_E_1999_018_001_20.wav;CNRSMH_E_1999_018_001_
items/2013/05/30/CNRSMH_E_1999_018_001_21.wav;CNRSMH_E_1999_018_001_
items/2013/05/30/CNRSMH_E_1999_018_001_22.wav;CNRSMH_E_1999_018_001_
items/2013/05/30/CNRSMH_E_1999_018_001_23.wav;CNRSMH_E_1999_018_001_
items/2013/05/30/CNRSMH_E_1999_018_001_24.wav;CNRSMH_E_1999_018_001_
items/2013/05/30/CNRSMH_E_1999_018_001_25.wav;CNRSMH_E_1999_018_001_
items/2013/06/05/CNRSMH_E_2013_012_001_03.wav;CNRSMH_E_2013_012_001_
items/2013/06/05/CNRSMH_E_2013_012_001_04.wav;CNRSMH_E_2013_012_001_
items/2013/06/07/CNRSMH_E_1975_011_003_001_01.wav;CNRSMH_E_1975_011_003_
items/2013/06/07/CNRSMH_E_1975_011_003_001_02.wav;CNRSMH_E_1975_011_003_
items/2013/06/07/CNRSMH_E_1975_011_003_001_03.wav;CNRSMH_E_1975_011_003_
items/2013/06/07/CNRSMH_E_1975_011_003_001_04.wav;CNRSMH_E_1975_011_003_
items/2013/06/07/CNRSMH_E_1975_011_003_001_05.wav;CNRSMH_E_1975_011_003_
items/2013/06/07/CNRSMH_E_1975_011_003_001_06.wav;CNRSMH_E_1975_011_003_
items/2013/06/07/CNRSMH_E_1975_011_003_001_07.wav;CNRSMH_E_1975_011_003_
items/2013/06/07/CNRSMH_E_1975_011_003_001_08.wav;CNRSMH_E_1975_011_003_
items/2013/06/07/CNRSMH_E_1975_011_003_001_09.wav;CNRSMH_E_1975_011_003_
items/2013/06/07/CNRSMH_E_1975_011_003_001_10.wav;CNRSMH_E_1975_011_003_
items/2013/06/07/CNRSMH_E_1975_011_003_001_11.wav;CNRSMH_E_1975_011_003_
items/2013/06/07/CNRSMH_E_1975_011_003_001_12.wav;CNRSMH_E_1975_011_003_
items/2013/06/07/CNRSMH_E_1975_011_003_001_13.wav;CNRSMH_E_1975_011_003_
items/2013/06/19/CNRSMH_E_2004_025_001_01.wav;CNRSMH_E_2004_025_001_
items/2013/06/19/CNRSMH_E_2004_025_001_02.wav;CNRSMH_E_2004_025_001_
items/2013/06/19/CNRSMH_E_2004_025_001_03.wav;CNRSMH_E_2004_025_001_
items/2013/06/19/CNRSMH_E_2004_025_001_04.wav;CNRSMH_E_2004_025_001_
items/2013/06/19/CNRSMH_E_2004_025_001_05.wav;CNRSMH_E_2004_025_001_
items/2013/06/19/CNRSMH_E_2004_025_001_06.wav;CNRSMH_E_2004_025_001_
items/2013/06/19/CNRSMH_E_2004_025_001_07.wav;CNRSMH_E_2004_025_001_
items/2013/06/19/CNRSMH_E_2004_025_001_08.wav;CNRSMH_E_2004_025_001_
items/2013/06/19/CNRSMH_E_2004_025_001_09.wav;CNRSMH_E_2004_025_001_
items/2013/06/19/CNRSMH_E_2004_025_001_10.wav;CNRSMH_E_2004_025_001_
items/2013/06/19/CNRSMH_E_2004_025_001_11.wav;CNRSMH_E_2004_025_001_
items/2013/06/19/CNRSMH_E_2004_025_001_12.wav;CNRSMH_E_2004_025_001_
items/2013/06/19/CNRSMH_E_2004_025_001_13.wav;CNRSMH_E_2004_025_001_
items/2013/06/19/CNRSMH_E_2004_025_001_14.wav;CNRSMH_E_2004_025_001_
items/2013/06/19/CNRSMH_E_2004_025_001_15.wav;CNRSMH_E_2004_025_001_
items/2013/06/19/CNRSMH_E_2004_025_001_16.wav;CNRSMH_E_2004_025_001_
items/2013/06/19/CNRSMH_E_2004_025_001_17.wav;CNRSMH_E_2004_025_001_
items/2013/06/23/CNRSMH_E_2005_023_001_01.wav;CNRSMH_E_2005_023_001_
items/2013/06/23/CNRSMH_E_2005_023_001_02.wav;CNRSMH_E_2005_023_001_
items/2013/06/23/CNRSMH_E_2005_023_001_03.wav;CNRSMH_E_2005_023_001_
items/2013/06/23/CNRSMH_E_2005_023_001_04.wav;CNRSMH_E_2005_023_001_
items/2013/06/23/CNRSMH_E_2005_023_001_05.wav;CNRSMH_E_2005_023_001_
items/2013/06/23/CNRSMH_E_2005_023_001_06.wav;CNRSMH_E_2005_023_001_
items/2013/06/23/CNRSMH_E_2005_023_001_07.wav;CNRSMH_E_2005_023_001_
items/2013/06/23/CNRSMH_E_2005_023_001_08.wav;CNRSMH_E_2005_023_001_
items/2013/06/23/CNRSMH_E_2005_023_001_09.wav;CNRSMH_E_2005_023_001_
items/2013/06/23/CNRSMH_E_2005_023_001_10.wav;CNRSMH_E_2005_023_001_
items/2013/06/23/CNRSMH_E_2005_023_001_11.wav;CNRSMH_E_2005_023_001_
items/2013/06/23/CNRSMH_E_2005_023_001_12.wav;CNRSMH_E_2005_023_001_
items/2013/06/23/CNRSMH_E_2005_023_001_13.wav;CNRSMH_E_2005_023_001_
items/2013/06/23/CNRSMH_E_2005_023_001_14.wav;CNRSMH_E_2005_023_001_
items/2013/06/23/CNRSMH_E_2005_023_001_15.wav;CNRSMH_E_2005_023_001_
items/2013/06/23/CNRSMH_E_2005_023_001_16.wav;CNRSMH_E_2005_023_001_
items/2013/06/23/CNRSMH_E_2005_023_001_17.wav;CNRSMH_E_2005_023_001_
items/2013/06/23/CNRSMH_E_2005_023_001_18.wav;CNRSMH_E_2005_023_001_
items/2013/06/23/CNRSMH_E_2005_023_001_19.wav;CNRSMH_E_2005_023_001_
items/2013/06/23/CNRSMH_E_2005_023_001_20.wav;CNRSMH_E_2005_023_001_
items/2013/06/23/CNRSMH_E_2005_023_001_21.wav;CNRSMH_E_2005_023_001_
items/2013/06/23/CNRSMH_E_2005_023_001_22.wav;CNRSMH_E_2005_023_001_
items/2013/06/23/CNRSMH_E_2005_023_001_23.wav;CNRSMH_E_2005_023_001_
items/2013/06/23/CNRSMH_E_2005_023_001_24.wav;CNRSMH_E_2005_023_001_
items/2013/07/09/CNRSMH_E_2001_025_001_001_02.wav;CNRSMH_E_2001_025_001_
items/2013/07/09/CNRSMH_E_2013_028_001_001_01.wav;CNRSMH_E_2013_028_001_
items/2013/07/09/CNRSMH_E_2013_028_001_001_02.wav;CNRSMH_E_2013_028_001_
items/2013/07/09/CNRSMH_E_2013_028_001_001_03.wav;CNRSMH_E_2013_028_001_
items/2013/07/09/CNRSMH_E_2013_028_001_001_04.wav;CNRSMH_E_2013_028_001_
items/2013/07/09/CNRSMH_E_2013_028_001_001_10.wav;CNRSMH_E_2013_028_001_
items/2013/07/09/CNRSMH_E_2013_028_001_001_23.wav;CNRSMH_E_2013_028_001_
items/2013/07/09/CNRSMH_E_2013_028_001_001_24.wav;CNRSMH_E_2013_028_001_
items/2013/07/09/CNRSMH_E_2013_028_001_001_25.wav;CNRSMH_E_2013_028_001_
items/2013/07/10/CNRSMH_E_2001_025_001_001_01.wav;CNRSMH_E_2001_025_001_
items/2013/07/10/CNRSMH_E_2001_025_001_001_03.wav;CNRSMH_E_2001_025_001_
items/2013/07/10/CNRSMH_E_2001_025_001_001_04.wav;CNRSMH_E_2001_025_001_
items/2013/07/10/CNRSMH_E_2001_025_001_001_05.wav;CNRSMH_E_2001_025_001_
items/2013/07/10/CNRSMH_E_2001_025_001_001_06.wav;CNRSMH_E_2001_025_001_
items/2013/07/10/CNRSMH_E_2001_025_001_001_07.wav;CNRSMH_E_2001_025_001_
items/2013/07/10/CNRSMH_E_2001_025_001_001_08.wav;CNRSMH_E_2001_025_001_
items/2013/07/10/CNRSMH_E_2001_025_001_001_09.wav;CNRSMH_E_2001_025_001_
items/2013/07/10/CNRSMH_E_2001_025_001_001_10.wav;CNRSMH_E_2001_025_001_
items/2013/07/10/CNRSMH_E_2001_025_001_001_11.wav;CNRSMH_E_2001_025_001_
items/2013/07/10/CNRSMH_E_2001_025_001_001_12.wav;CNRSMH_E_2001_025_001_
items/2013/07/10/CNRSMH_E_2001_025_001_001_13.wav;CNRSMH_E_2001_025_001_
items/2013/07/10/CNRSMH_E_2001_025_001_001_14.wav;CNRSMH_E_2001_025_001_
items/2013/07/10/CNRSMH_E_2001_025_001_001_15.wav;CNRSMH_E_2001_025_001_
items/2013/07/10/CNRSMH_E_2001_025_001_001_16.wav;CNRSMH_E_2001_025_001_
items/2013/07/10/CNRSMH_E_2001_025_001_001_17.wav;CNRSMH_E_2001_025_001_
items/2013/07/10/CNRSMH_E_2001_025_001_001_18.wav;CNRSMH_E_2001_025_001_
items/2013/07/10/CNRSMH_E_2001_025_001_001_19.wav;CNRSMH_E_2001_025_001_
items/2013/07/10/CNRSMH_E_2001_025_001_001_20.wav;CNRSMH_E_2001_025_001_
items/2013/07/10/CNRSMH_E_2001_025_001_001_21.wav;CNRSMH_E_2001_025_001_
items/2013/07/10/CNRSMH_E_2001_025_001_001_22.wav;CNRSMH_E_2001_025_001_
items/2013/07/10/CNRSMH_E_2001_025_001_001_23.wav;CNRSMH_E_2001_025_001_
items/2013/07/10/CNRSMH_E_2001_025_001_002_01.wav;CNRSMH_E_2001_025_001_
items/2013/07/10/CNRSMH_E_2001_025_001_002_02.wav;CNRSMH_E_2001_025_001_
items/2013/07/10/CNRSMH_E_2001_025_001_002_03.wav;CNRSMH_E_2001_025_001_
items/2013/07/10/CNRSMH_E_2001_025_001_002_04.wav;CNRSMH_E_2001_025_001_
items/2013/07/10/CNRSMH_E_2001_025_001_002_05.wav;CNRSMH_E_2001_025_001_
items/2013/07/10/CNRSMH_E_2001_025_001_002_06.wav;CNRSMH_E_2001_025_001_
items/2013/07/10/CNRSMH_E_2001_025_001_002_07.wav;CNRSMH_E_2001_025_001_
items/2013/07/10/CNRSMH_E_2001_025_001_002_08.wav;CNRSMH_E_2001_025_001_
items/2013/07/10/CNRSMH_E_2001_025_001_002_09.wav;CNRSMH_E_2001_025_001_
items/2013/07/10/CNRSMH_E_2001_025_001_002_10.wav;CNRSMH_E_2001_025_001_
items/2013/07/10/CNRSMH_E_2001_025_001_002_11.wav;CNRSMH_E_2001_025_001_
items/2013/07/10/CNRSMH_E_2001_025_001_002_12.wav;CNRSMH_E_2001_025_001_
items/2013/07/10/CNRSMH_E_2001_025_001_002_13.wav;CNRSMH_E_2001_025_001_
items/2013/07/10/CNRSMH_E_2001_025_001_002_14.wav;CNRSMH_E_2001_025_001_
items/2013/07/10/CNRSMH_E_2001_025_001_002_15.wav;CNRSMH_E_2001_025_001_
items/2013/07/10/CNRSMH_E_2001_025_001_002_16.wav;CNRSMH_E_2001_025_001_
items/2013/07/10/CNRSMH_E_2001_025_001_002_17.wav;CNRSMH_E_2001_025_001_
items/2013/07/10/CNRSMH_E_2001_025_001_002_18.wav;CNRSMH_E_2001_025_001_
items/2013/07/10/CNRSMH_E_2001_025_001_002_19.wav;CNRSMH_E_2001_025_001_
items/2013/07/10/CNRSMH_E_2001_025_001_002_20.wav;CNRSMH_E_2001_025_001_
items/2013/07/10/CNRSMH_E_2001_025_001_002_21.wav;CNRSMH_E_2001_025_001_
items/2013/07/10/CNRSMH_E_2001_025_001_002_22.wav;CNRSMH_E_2001_025_001_
items/2013/07/10/CNRSMH_E_2001_025_001_002_23.wav;CNRSMH_E_2001_025_001_
items/2013/07/10/CNRSMH_E_2001_025_001_002_24.wav;CNRSMH_E_2001_025_001_
items/2013/07/10/CNRSMH_E_2001_025_001_002_25.wav;CNRSMH_E_2001_025_001_
items/2013/07/10/CNRSMH_E_2001_025_001_002_26.wav;CNRSMH_E_2001_025_001_
items/2013/07/10/CNRSMH_E_2001_025_001_002_27.wav;CNRSMH_E_2001_025_001_
items/2013/07/10/CNRSMH_E_2006_012_001_01.wav;CNRSMH_E_2006_012_001_
items/2013/07/10/CNRSMH_E_2006_012_001_02.wav;CNRSMH_E_2006_012_001_
items/2013/07/10/CNRSMH_E_2006_012_001_03.wav;CNRSMH_E_2006_012_001_
items/2013/07/10/CNRSMH_E_2006_012_001_04.wav;CNRSMH_E_2006_012_001_
items/2013/07/15/CNRSMH_E_1953_008_001_001_01.wav;CNRSMH_E_1953_008_001_
items/2013/07/15/CNRSMH_E_1953_008_001_001_02_1.wav;CNRSMH_E_1953_008_001_
items/2013/07/15/CNRSMH_E_1953_008_001_002_01.wav;CNRSMH_E_1953_008_001_
items/2013/07/15/CNRSMH_E_1953_008_001_002_02.wav;CNRSMH_E_1953_008_001_
items/2013/07/15/CNRSMH_E_1953_008_001_005_01.wav;CNRSMH_E_1953_008_001_
items/2013/07/15/CNRSMH_E_1953_008_001_005_02.wav;CNRSMH_E_1953_008_001_
items/2013/07/15/CNRSMH_E_2013_028_001_001_05.wav;CNRSMH_E_2013_028_001_
items/2013/07/15/CNRSMH_E_2013_028_001_001_06.wav;CNRSMH_E_2013_028_001_
items/2013/07/15/CNRSMH_E_2013_028_001_001_07.wav;CNRSMH_E_2013_028_001_
items/2013/07/15/CNRSMH_E_2013_028_001_001_08.wav;CNRSMH_E_2013_028_001_
items/2013/07/15/CNRSMH_E_2013_028_001_001_09.wav;CNRSMH_E_2013_028_001_
items/2013/07/15/CNRSMH_E_2013_028_001_001_11.wav;CNRSMH_E_2013_028_001_
items/2013/07/15/CNRSMH_E_2013_028_001_001_12.wav;CNRSMH_E_2013_028_001_
items/2013/07/15/CNRSMH_E_2013_028_001_001_13.wav;CNRSMH_E_2013_028_001_
items/2013/07/15/CNRSMH_E_2013_028_001_001_14.wav;CNRSMH_E_2013_028_001_
items/2013/07/15/CNRSMH_E_2013_028_001_001_15.wav;CNRSMH_E_2013_028_001_
items/2013/07/15/CNRSMH_E_2013_028_001_001_16.wav;CNRSMH_E_2013_028_001_
items/2013/07/15/CNRSMH_E_2013_028_001_001_17.wav;CNRSMH_E_2013_028_001_
items/2013/07/15/CNRSMH_E_2013_028_001_001_18.wav;CNRSMH_E_2013_028_001_
items/2013/07/15/CNRSMH_E_2013_028_001_001_19.wav;CNRSMH_E_2013_028_001_
items/2013/07/15/CNRSMH_E_2013_028_001_001_20.wav;CNRSMH_E_2013_028_001_
items/2013/07/15/CNRSMH_E_2013_028_001_001_21.wav;CNRSMH_E_2013_028_001_
items/2013/07/15/CNRSMH_E_2013_028_001_001_22.wav;CNRSMH_E_2013_028_001_
items/2013/07/16/CNRSMH_E_2008_010_001_01_02.wav;CNRSMH_E_2008_010_001_
items/2013/07/16/CNRSMH_E_2008_010_001_01_03.wav;CNRSMH_E_2008_010_001_
items/2013/07/16/CNRSMH_E_2008_010_001_01_04.wav;CNRSMH_E_2008_010_001_
items/2013/07/16/CNRSMH_E_2008_010_001_01_05.wav;CNRSMH_E_2008_010_001_
items/2013/07/16/CNRSMH_E_2008_010_001_01_06.wav;CNRSMH_E_2008_010_001_
items/2013/07/16/CNRSMH_E_2008_010_001_01_07.wav;CNRSMH_E_2008_010_001_
items/2013/07/16/CNRSMH_E_2008_010_001_01_08.wav;CNRSMH_E_2008_010_001_
items/2013/07/16/CNRSMH_E_2008_010_001_01_09.wav;CNRSMH_E_2008_010_001_
items/2013/07/16/CNRSMH_E_2008_010_001_01_10.wav;CNRSMH_E_2008_010_001_
items/2013/07/16/CNRSMH_E_2008_010_001_01_11.wav;CNRSMH_E_2008_010_001_
items/2013/07/16/CNRSMH_E_2008_010_001_02_01.wav;CNRSMH_E_2008_010_001_
items/2013/07/16/CNRSMH_E_2008_010_001_02_02.wav;CNRSMH_E_2008_010_001_
items/2013/07/16/CNRSMH_E_2008_010_001_02_03.wav;CNRSMH_E_2008_010_001_
items/2013/07/16/CNRSMH_E_2008_010_001_02_04.wav;CNRSMH_E_2008_010_001_
items/2013/07/16/CNRSMH_E_2008_010_001_02_08.wav;CNRSMH_E_2008_010_001_
items/2013/07/16/CNRSMH_E_2008_010_001_02_09.wav;CNRSMH_E_2008_010_001_
items/2013/07/16/CNRSMH_E_2008_010_001_02_11.wav;CNRSMH_E_2008_010_001_
items/2013/07/16/CNRSMH_E_2008_010_001_02_12.wav;CNRSMH_E_2008_010_001_
items/2013/07/16/CNRSMH_E_2008_010_001_02_13.wav;CNRSMH_E_2008_010_001_
items/2013/07/16/CNRSMH_E_2008_010_001_02_15.wav;CNRSMH_E_2008_010_001_
items/2013/07/16/CNRSMH_E_2008_010_001_03_01.wav;CNRSMH_E_2008_010_001_
items/2013/07/16/CNRSMH_E_2008_010_001_03_02.wav;CNRSMH_E_2008_010_001_
items/2013/07/16/CNRSMH_E_2008_010_001_03_03.wav;CNRSMH_E_2008_010_001_
items/2013/07/17/CNRSMH_E_1982_018_001_001_01.wav;CNRSMH_E_1982_018_001_
items/2013/07/17/CNRSMH_E_1982_018_001_001_02.wav;CNRSMH_E_1982_018_001_
items/2013/07/17/CNRSMH_E_1982_018_001_001_03.wav;CNRSMH_E_1982_018_001_
items/2013/07/17/CNRSMH_E_1982_018_001_001_04.wav;CNRSMH_E_1982_018_001_
items/2013/07/17/CNRSMH_E_2008_010_001_02_05.wav;CNRSMH_E_2008_010_001_
items/2013/07/17/CNRSMH_E_2008_010_001_02_06.wav;CNRSMH_E_2008_010_001_
items/2013/07/17/CNRSMH_E_2008_010_001_02_07.wav;CNRSMH_E_2008_010_001_
items/2013/07/17/CNRSMH_E_2008_010_001_02_10.wav;CNRSMH_E_2008_010_001_
items/2013/07/17/CNRSMH_E_2008_010_001_02_14.wav;CNRSMH_E_2008_010_001_
items/2013/07/17/CNRSMH_E_2008_010_001_02_16.wav;CNRSMH_E_2008_010_001_
items/2013/07/17/CNRSMH_E_2008_010_001_02_17.wav;CNRSMH_E_2008_010_001_
items/2013/07/19/CNRSMH_E_1975_013_001_01.wav;CNRSMH_E_1975_013_001_
items/2013/07/19/CNRSMH_E_1975_013_001_02.wav;CNRSMH_E_1975_013_001_
items/2013/07/19/CNRSMH_E_1975_013_001_03.wav;CNRSMH_E_1975_013_001_
items/2013/07/19/CNRSMH_E_2011_003_001_01.wav;CNRSMH_E_2011_003_001_
items/2013/07/19/CNRSMH_E_2011_003_001_02.wav;CNRSMH_E_2011_003_001_
items/2013/07/19/CNRSMH_E_2011_003_001_03.wav;CNRSMH_E_2011_003_001_
items/2013/07/19/CNRSMH_E_2011_003_001_04.wav;CNRSMH_E_2011_003_001_
items/2013/07/19/CNRSMH_E_2011_003_001_05.wav;CNRSMH_E_2011_003_001_
items/2013/07/19/CNRSMH_E_2011_003_001_06.wav;CNRSMH_E_2011_003_001_
items/2013/07/19/CNRSMH_E_2011_003_001_07.wav;CNRSMH_E_2011_003_001_
items/2013/07/26/CNRSMH_E_1953_008_001_003_01.wav;CNRSMH_E_1953_008_001_
items/2013/07/26/CNRSMH_E_1953_008_001_003_02.wav;CNRSMH_E_1953_008_001_
items/2013/07/26/CNRSMH_E_1953_008_001_003_03.wav;CNRSMH_E_1953_008_001_
items/2013/07/26/CNRSMH_E_1953_008_001_003_04.wav;CNRSMH_E_1953_008_001_
items/2013/07/26/CNRSMH_E_1953_008_001_003_05.wav;CNRSMH_E_1953_008_001_
items/2013/07/26/CNRSMH_E_1953_008_001_003_06.wav;CNRSMH_E_1953_008_001_
items/2013/07/26/CNRSMH_E_1953_008_001_004_01.wav;CNRSMH_E_1953_008_001_
items/2013/07/26/CNRSMH_E_1953_008_001_004_02.wav;CNRSMH_E_1953_008_001_
items/2013/07/30/CNRSMH_E_1982_018_001_001_05.wav;CNRSMH_E_1982_018_001_
items/2013/07/30/CNRSMH_E_1982_018_001_002_01.wav;CNRSMH_E_1982_018_001_
items/2013/07/30/CNRSMH_E_1982_018_001_002_02.wav;CNRSMH_E_1982_018_001_
items/2013/07/30/CNRSMH_E_1982_018_001_002_03.wav;CNRSMH_E_1982_018_001_
items/2013/07/30/CNRSMH_E_1982_018_001_002_04.wav;CNRSMH_E_1982_018_001_
items/2013/07/30/CNRSMH_E_1982_018_001_002_05.wav;CNRSMH_E_1982_018_001_
items/2013/07/30/CNRSMH_E_1982_018_001_003_01.wav;CNRSMH_E_1982_018_001_
items/2013/07/30/CNRSMH_E_1982_018_001_003_02.wav;CNRSMH_E_1982_018_001_
items/2013/07/30/CNRSMH_E_1982_018_001_003_03.wav;CNRSMH_E_1982_018_001_
items/2013/07/30/CNRSMH_E_1982_018_001_003_04.wav;CNRSMH_E_1982_018_001_
items/2013/07/30/CNRSMH_E_1982_018_001_003_05.wav;CNRSMH_E_1982_018_001_
items/2013/07/30/CNRSMH_E_1982_018_001_003_06.wav;CNRSMH_E_1982_018_001_
items/2013/07/30/CNRSMH_E_1982_018_001_003_07.wav;CNRSMH_E_1982_018_001_
items/2013/07/30/CNRSMH_E_1982_018_001_004_01.wav;CNRSMH_E_1982_018_001_
items/2013/07/30/CNRSMH_E_1982_018_001_004_02.wav;CNRSMH_E_1982_018_001_
items/2013/07/30/CNRSMH_E_1982_018_001_004_03.wav;CNRSMH_E_1982_018_001_
items/2013/07/30/CNRSMH_E_1982_018_001_004_04.wav;CNRSMH_E_1982_018_001_
items/2013/07/30/CNRSMH_E_1982_018_001_004_05.wav;CNRSMH_E_1982_018_001_
items/2013/07/30/CNRSMH_E_1982_018_001_004_06.wav;CNRSMH_E_1982_018_001_
items/2013/07/30/CNRSMH_E_1982_018_001_004_07.wav;CNRSMH_E_1982_018_001_
items/2013/07/30/CNRSMH_E_1982_018_001_004_08.wav;CNRSMH_E_1982_018_001_
items/2013/07/30/CNRSMH_E_1982_018_001_005_01.wav;CNRSMH_E_1982_018_001_
items/2013/07/30/CNRSMH_E_1982_018_001_005_02.wav;CNRSMH_E_1982_018_001_
items/2013/07/30/CNRSMH_E_1982_018_001_005_03.wav;CNRSMH_E_1982_018_001_
items/2013/07/30/CNRSMH_E_1982_018_001_005_04.wav;CNRSMH_E_1982_018_001_
items/2013/07/30/CNRSMH_E_1982_018_001_006_01.wav;CNRSMH_E_1982_018_001_
items/2013/07/30/CNRSMH_E_1982_018_001_006_02.wav;CNRSMH_E_1982_018_001_
items/2013/07/30/CNRSMH_E_1982_018_001_006_03.wav;CNRSMH_E_1982_018_001_
items/2013/07/30/CNRSMH_E_1982_018_001_006_04.wav;CNRSMH_E_1982_018_001_
items/2013/07/30/CNRSMH_E_1982_018_001_006_05.wav;CNRSMH_E_1982_018_001_
items/2013/07/30/CNRSMH_E_1982_018_001_007_01.wav;CNRSMH_E_1982_018_001_
items/2013/07/30/CNRSMH_E_1982_018_001_007_02.wav;CNRSMH_E_1982_018_001_
items/2013/07/30/CNRSMH_E_1982_018_001_007_03.wav;CNRSMH_E_1982_018_001_
items/2013/09/06/CNRSMH_E_2011_005_011_01.wav;CNRSMH_E_2011_005_011_
items/2013/09/06/CNRSMH_E_2011_005_011_02.wav;CNRSMH_E_2011_005_011_
items/2013/09/06/CNRSMH_E_2011_005_011_03.wav;CNRSMH_E_2011_005_011_
items/2013/09/06/CNRSMH_E_2011_005_011_04.wav;CNRSMH_E_2011_005_011_
items/2013/09/06/CNRSMH_E_2011_005_011_05.wav;CNRSMH_E_2011_005_011_
items/2013/09/06/CNRSMH_E_2011_005_013_01.wav;CNRSMH_E_2011_005_013_
items/2013/09/06/CNRSMH_E_2011_005_013_02.wav;CNRSMH_E_2011_005_013_
items/2013/09/17/CNRSMH_E_2011_005_002_01.wav;CNRSMH_E_2011_005_002_
items/2013/09/17/CNRSMH_E_2011_005_002_02.wav;CNRSMH_E_2011_005_002_
items/2013/09/17/CNRSMH_E_2011_005_002_03.wav;CNRSMH_E_2011_005_002_
items/2013/09/17/CNRSMH_E_2011_005_002_04.wav;CNRSMH_E_2011_005_002_
items/2013/09/17/CNRSMH_E_2011_005_002_05.wav;CNRSMH_E_2011_005_002_
items/2013/09/18/CNRSMH_E_2011_005_002_06.wav;CNRSMH_E_2011_005_002_
items/2013/09/18/CNRSMH_E_2011_005_002_07.wav;CNRSMH_E_2011_005_002_
items/2013/09/18/CNRSMH_E_2011_005_002_08.wav;CNRSMH_E_2011_005_002_
items/2013/09/18/CNRSMH_E_2011_005_002_09.wav;CNRSMH_E_2011_005_002_
items/2013/09/18/CNRSMH_E_2011_005_002_10.wav;CNRSMH_E_2011_005_002_
items/2013/09/18/CNRSMH_E_2011_005_005_01.wav;CNRSMH_E_2011_005_005_
items/2013/09/18/CNRSMH_E_2011_005_005_02.wav;CNRSMH_E_2011_005_005_
items/2013/09/18/CNRSMH_E_2011_005_005_03.wav;CNRSMH_E_2011_005_005_
items/2013/09/18/CNRSMH_E_2011_005_005_04.wav;CNRSMH_E_2011_005_005_
items/2013/09/18/CNRSMH_E_2011_005_005_05.wav;CNRSMH_E_2011_005_005_
items/2013/09/18/CNRSMH_E_2011_005_005_06.wav;CNRSMH_E_2011_005_005_
items/2013/09/18/CNRSMH_E_2011_005_005_07.wav;CNRSMH_E_2011_005_005_
items/2013/09/18/CNRSMH_E_2011_005_005_08.wav;CNRSMH_E_2011_005_005_
items/2013/09/18/CNRSMH_E_2011_005_005_09.wav;CNRSMH_E_2011_005_005_
items/2013/09/18/CNRSMH_E_2011_005_005_10.wav;CNRSMH_E_2011_005_005_
items/2013/09/18/CNRSMH_E_2011_005_006_01.wav;CNRSMH_E_2011_005_006_
items/2013/09/18/CNRSMH_E_2011_005_006_02.wav;CNRSMH_E_2011_005_006_
items/2013/09/18/CNRSMH_E_2011_005_006_03.wav;CNRSMH_E_2011_005_006_
items/2013/09/18/CNRSMH_E_2011_005_006_04.wav;CNRSMH_E_2011_005_006_
items/2013/09/18/CNRSMH_E_2011_005_006_05.wav;CNRSMH_E_2011_005_006_
items/2013/09/18/CNRSMH_E_2011_005_006_06.wav;CNRSMH_E_2011_005_006_
items/2013/09/18/CNRSMH_E_2011_005_006_07.wav;CNRSMH_E_2011_005_006_
items/2013/09/18/CNRSMH_E_2011_005_006_08.wav;CNRSMH_E_2011_005_006_
items/2013/09/18/CNRSMH_E_2011_005_006_09.wav;CNRSMH_E_2011_005_006_
items/2013/09/18/CNRSMH_E_2011_005_006_10.wav;CNRSMH_E_2011_005_006_
items/2013/09/18/CNRSMH_E_2011_005_006_11.wav;CNRSMH_E_2011_005_006_
items/2013/09/18/CNRSMH_E_2011_005_006_12.wav;CNRSMH_E_2011_005_006_
items/2013/09/18/CNRSMH_E_2011_005_007_01.wav;CNRSMH_E_2011_005_007_
items/2013/09/18/CNRSMH_E_2011_005_007_02.wav;CNRSMH_E_2011_005_007_
items/2013/09/18/CNRSMH_E_2011_005_007_03.wav;CNRSMH_E_2011_005_007_
items/2013/09/18/CNRSMH_E_2011_005_007_04.wav;CNRSMH_E_2011_005_007_
items/2013/09/18/CNRSMH_E_2011_005_007_05.wav;CNRSMH_E_2011_005_007_
items/2013/09/18/CNRSMH_E_2011_005_007_06.wav;CNRSMH_E_2011_005_007_
items/2013/09/18/CNRSMH_E_2011_005_007_07.wav;CNRSMH_E_2011_005_007_
items/2013/09/18/CNRSMH_E_2011_005_007_08.wav;CNRSMH_E_2011_005_007_
items/2013/09/18/CNRSMH_E_2011_005_007_09.wav;CNRSMH_E_2011_005_007_
items/2013/09/18/CNRSMH_E_2011_005_007_10.wav;CNRSMH_E_2011_005_007_
items/2013/09/19/CNRSMH_E_1967_002_001_001_01.wav;CNRSMH_E_1967_002_001_
items/2013/09/19/CNRSMH_E_1967_002_001_001_02.wav;CNRSMH_E_1967_002_001_
items/2013/09/19/CNRSMH_E_1967_002_001_001_03.wav;CNRSMH_E_1967_002_001_
items/2013/09/19/CNRSMH_E_1967_002_001_001_04.wav;CNRSMH_E_1967_002_001_
items/2013/09/19/CNRSMH_E_1969_005_001_001_01.wav;CNRSMH_E_1969_005_001_
items/2013/09/19/CNRSMH_E_1969_005_001_001_02.wav;CNRSMH_E_1969_005_001_
items/2013/09/19/CNRSMH_E_1969_005_001_001_03.wav;CNRSMH_E_1969_005_001_
items/2013/09/19/CNRSMH_E_1969_005_001_001_04.wav;CNRSMH_E_1969_005_001_
items/2013/09/19/CNRSMH_E_1969_005_001_001_05.wav;CNRSMH_E_1969_005_001_
items/2013/09/19/CNRSMH_E_1969_005_001_001_06.wav;CNRSMH_E_1969_005_001_
items/2013/09/19/CNRSMH_E_1969_005_001_001_07.wav;CNRSMH_E_1969_005_001_
items/2013/09/19/CNRSMH_E_1969_005_001_001_08.wav;CNRSMH_E_1969_005_001_
items/2013/09/19/CNRSMH_E_1969_005_001_001_09.wav;CNRSMH_E_1969_005_001_
items/2013/09/19/CNRSMH_E_1969_005_001_001_10.wav;CNRSMH_E_1969_005_001_
items/2013/09/19/CNRSMH_E_1969_005_001_001_11.wav;CNRSMH_E_1969_005_001_
items/2013/09/19/CNRSMH_E_1969_005_001_001_12.wav;CNRSMH_E_1969_005_001_
items/2013/09/19/CNRSMH_E_1969_005_001_001_13.wav;CNRSMH_E_1969_005_001_
items/2013/09/19/CNRSMH_E_1973_001_001_001_01.wav;CNRSMH_E_1973_001_001_
items/2013/09/19/CNRSMH_E_1973_001_001_001_02.wav;CNRSMH_E_1973_001_001_
items/2013/09/19/CNRSMH_E_1973_001_001_001_03.wav;CNRSMH_E_1973_001_001_
items/2013/09/19/CNRSMH_E_1973_001_001_001_04.wav;CNRSMH_E_1973_001_001_
items/2013/09/19/CNRSMH_E_1973_001_001_001_05.wav;CNRSMH_E_1973_001_001_
items/2013/09/19/CNRSMH_E_1973_001_001_001_06.wav;CNRSMH_E_1973_001_001_
items/2013/09/19/CNRSMH_E_1973_001_001_001_07.wav;CNRSMH_E_1973_001_001_
items/2013/09/19/CNRSMH_E_1973_001_001_001_08.wav;CNRSMH_E_1973_001_001_
items/2013/09/19/CNRSMH_E_1973_001_001_001_09.wav;CNRSMH_E_1973_001_001_
items/2013/09/19/CNRSMH_E_1973_001_001_001_10.wav;CNRSMH_E_1973_001_001_
items/2013/09/19/CNRSMH_E_1973_001_001_001_11.wav;CNRSMH_E_1973_001_001_
items/2013/09/19/CNRSMH_E_1973_001_001_001_12.wav;CNRSMH_E_1973_001_001_
items/2013/09/19/CNRSMH_E_1973_001_001_001_13.wav;CNRSMH_E_1973_001_001_
items/2013/09/20/CNRSMH_E_1955_010_001_01.wav;CNRSMH_E_1955_010_001_
items/2013/09/20/CNRSMH_E_1955_010_001_02.wav;CNRSMH_E_1955_010_001_
items/2013/09/20/CNRSMH_E_1956_011_001_01.wav;CNRSMH_E_1956_011_001_
items/2013/09/20/CNRSMH_E_1956_011_001_02.wav;CNRSMH_E_1956_011_001_
items/2013/09/20/CNRSMH_E_1956_011_001_03.wav;CNRSMH_E_1956_011_001_
items/2013/09/20/CNRSMH_E_1956_011_001_04.wav;CNRSMH_E_1956_011_001_
items/2013/09/20/CNRSMH_E_1956_011_001_05.wav;CNRSMH_E_1956_011_001_
items/2013/09/20/CNRSMH_E_1956_011_001_06.wav;CNRSMH_E_1956_011_001_
items/2013/09/20/CNRSMH_E_1956_011_001_07.wav;CNRSMH_E_1956_011_001_
items/2013/09/20/CNRSMH_E_1972_014_001_002_10.wav;CNRSMH_E_1972_014_001_
items/2013/09/20/CNRSMH_E_1972_014_001_002_12.wav;CNRSMH_E_1972_014_001_
items/2013/09/20/CNRSMH_E_2011_005_009_01.wav;CNRSMH_E_2011_005_009_
items/2013/09/20/CNRSMH_E_2011_005_009_02.wav;CNRSMH_E_2011_005_009_
items/2013/09/20/CNRSMH_E_2011_005_009_03.wav;CNRSMH_E_2011_005_009_
items/2013/09/20/CNRSMH_E_2011_005_009_04.wav;CNRSMH_E_2011_005_009_
items/2013/09/20/CNRSMH_E_2011_005_009_05.wav;CNRSMH_E_2011_005_009_
items/2013/09/20/CNRSMH_E_2011_005_009_06.wav;CNRSMH_E_2011_005_009_
items/2013/09/20/CNRSMH_E_2011_005_009_07.wav;CNRSMH_E_2011_005_009_
items/2013/09/20/CNRSMH_E_2011_005_009_08.wav;CNRSMH_E_2011_005_009_
items/2013/09/20/CNRSMH_E_2011_005_009_09.wav;CNRSMH_E_2011_005_009_
items/2013/09/20/CNRSMH_E_2011_005_009_10.wav;CNRSMH_E_2011_005_009_
items/2013/09/20/CNRSMH_E_2011_005_009_11.wav;CNRSMH_E_2011_005_009_
items/2013/09/20/CNRSMH_E_2011_005_010_01.wav;CNRSMH_E_2011_005_010_
items/2013/09/20/CNRSMH_E_2011_005_010_02.wav;CNRSMH_E_2011_005_010_
items/2013/09/20/CNRSMH_E_2011_005_010_03.wav;CNRSMH_E_2011_005_010_
items/2013/09/20/CNRSMH_E_2011_005_010_04.wav;CNRSMH_E_2011_005_010_
items/2013/09/20/CNRSMH_E_2011_005_010_05.wav;CNRSMH_E_2011_005_010_
items/2013/09/20/CNRSMH_E_2011_005_010_06.wav;CNRSMH_E_2011_005_010_
items/2013/09/20/CNRSMH_E_2011_005_012_01.wav;CNRSMH_E_2011_005_012_
items/2013/09/20/CNRSMH_E_2011_005_012_02.wav;CNRSMH_E_2011_005_012_
items/2013/09/20/CNRSMH_E_2011_005_012_03.wav;CNRSMH_E_2011_005_012_
items/2013/09/20/CNRSMH_E_2011_005_012_04.wav;CNRSMH_E_2011_005_012_
items/2013/09/20/CNRSMH_E_2011_005_012_05.wav;CNRSMH_E_2011_005_012_
items/2013/09/20/CNRSMH_E_2011_005_012_06.wav;CNRSMH_E_2011_005_012_
items/2013/09/20/CNRSMH_E_2011_005_012_07.wav;CNRSMH_E_2011_005_012_
items/2013/09/20/CNRSMH_E_2011_005_012_08.wav;CNRSMH_E_2011_005_012_
items/2013/09/20/CNRSMH_E_2011_005_012_09.wav;CNRSMH_E_2011_005_012_
items/2013/09/20/CNRSMH_E_2011_005_012_10.wav;CNRSMH_E_2011_005_012_
items/2013/09/20/CNRSMH_E_2011_005_014_01.wav;CNRSMH_E_2011_005_014_
items/2013/09/20/CNRSMH_E_2011_005_014_02.wav;CNRSMH_E_2011_005_014_
items/2013/09/20/CNRSMH_E_2011_005_014_03.wav;CNRSMH_E_2011_005_014_
items/2013/09/20/CNRSMH_E_2011_005_014_04.wav;CNRSMH_E_2011_005_014_
items/2013/09/20/CNRSMH_E_2011_005_014_05.wav;CNRSMH_E_2011_005_014_
items/2013/09/20/CNRSMH_E_2011_005_014_06.wav;CNRSMH_E_2011_005_014_
items/2013/09/20/CNRSMH_E_2011_005_014_07.wav;CNRSMH_E_2011_005_014_
items/2013/09/20/CNRSMH_E_2011_005_014_08.wav;CNRSMH_E_2011_005_014_
items/2013/09/20/CNRSMH_E_2011_005_015_01.wav;CNRSMH_E_2011_005_015_
items/2013/09/20/CNRSMH_E_2011_005_015_02.wav;CNRSMH_E_2011_005_015_
items/2013/09/20/CNRSMH_E_2011_005_015_03.wav;CNRSMH_E_2011_005_015_
items/2013/09/20/CNRSMH_E_2011_005_015_04.wav;CNRSMH_E_2011_005_015_
items/2013/09/20/CNRSMH_E_2011_005_015_05.wav;CNRSMH_E_2011_005_015_
items/2013/09/20/CNRSMH_E_2011_005_015_06.wav;CNRSMH_E_2011_005_015_
items/2013/09/20/CNRSMH_E_2011_005_015_07.wav;CNRSMH_E_2011_005_015_
items/2013/09/20/CNRSMH_E_2011_005_015_08.wav;CNRSMH_E_2011_005_015_
items/2013/09/20/CNRSMH_E_2011_005_015_09.wav;CNRSMH_E_2011_005_015_
items/2013/09/20/CNRSMH_E_2011_005_015_10.wav;CNRSMH_E_2011_005_015_
items/2013/09/20/CNRSMH_E_2011_005_015_11.wav;CNRSMH_E_2011_005_015_
items/2013/09/23/CNRSMH_E_1972_014_001_001_01.wav;CNRSMH_E_1972_014_001_
items/2013/09/23/CNRSMH_E_1972_014_001_001_02.wav;CNRSMH_E_1972_014_001_
items/2013/09/23/CNRSMH_E_1972_014_001_001_03.wav;CNRSMH_E_1972_014_001_
items/2013/09/23/CNRSMH_E_1972_014_001_001_04.wav;CNRSMH_E_1972_014_001_
items/2013/09/23/CNRSMH_E_1972_014_001_001_05.wav;CNRSMH_E_1972_014_001_
items/2013/09/23/CNRSMH_E_1972_014_001_001_06.wav;CNRSMH_E_1972_014_001_
items/2013/09/23/CNRSMH_E_1972_014_001_001_07.wav;CNRSMH_E_1972_014_001_
items/2013/09/23/CNRSMH_E_1972_014_001_001_08.wav;CNRSMH_E_1972_014_001_
items/2013/09/23/CNRSMH_E_1972_014_001_001_09.wav;CNRSMH_E_1972_014_001_
items/2013/09/23/CNRSMH_E_1972_014_001_001_10.wav;CNRSMH_E_1972_014_001_
items/2013/09/23/CNRSMH_E_1972_014_001_001_11.wav;CNRSMH_E_1972_014_001_
items/2013/09/23/CNRSMH_E_1972_014_001_001_12.wav;CNRSMH_E_1972_014_001_
items/2013/09/23/CNRSMH_E_1972_014_001_001_13.wav;CNRSMH_E_1972_014_001_
items/2013/09/23/CNRSMH_E_1972_014_001_001_14.wav;CNRSMH_E_1972_014_001_
items/2013/09/23/CNRSMH_E_1972_014_001_002_01.wav;CNRSMH_E_1972_014_001_
items/2013/09/23/CNRSMH_E_1972_014_001_002_02.wav;CNRSMH_E_1972_014_001_
items/2013/09/23/CNRSMH_E_1972_014_001_002_03.wav;CNRSMH_E_1972_014_001_
items/2013/09/23/CNRSMH_E_1972_014_001_002_04.wav;CNRSMH_E_1972_014_001_
items/2013/09/23/CNRSMH_E_1972_014_001_002_05.wav;CNRSMH_E_1972_014_001_
items/2013/09/23/CNRSMH_E_1972_014_001_002_06.wav;CNRSMH_E_1972_014_001_
items/2013/09/23/CNRSMH_E_1972_014_001_002_07.wav;CNRSMH_E_1972_014_001_
items/2013/09/23/CNRSMH_E_1972_014_001_002_08.wav;CNRSMH_E_1972_014_001_
items/2013/09/23/CNRSMH_E_1972_014_001_002_09.wav;CNRSMH_E_1972_014_001_
items/2013/09/23/CNRSMH_E_1972_014_001_002_11.wav;CNRSMH_E_1972_014_001_
items/2013/09/23/CNRSMH_E_1972_014_001_002_13.wav;CNRSMH_E_1972_014_001_
items/2013/09/23/CNRSMH_E_1972_014_001_002_14.wav;CNRSMH_E_1972_014_001_
items/2013/09/23/CNRSMH_E_1972_014_001_002_15.wav;CNRSMH_E_1972_014_001_
items/2013/09/23/CNRSMH_E_1972_014_001_002_16.wav;CNRSMH_E_1972_014_001_
items/2013/09/24/CNRSMH_E_1967_002_001_001_08.wav;CNRSMH_E_1967_002_001_
items/2013/09/24/CNRSMH_E_1969_005_003_001_01.wav;CNRSMH_E_1969_005_003_
items/2013/09/24/CNRSMH_E_1969_005_003_001_02.wav;CNRSMH_E_1969_005_003_
items/2013/09/24/CNRSMH_E_1969_005_003_001_03.wav;CNRSMH_E_1969_005_003_
items/2013/09/24/CNRSMH_E_1969_005_003_001_04.wav;CNRSMH_E_1969_005_003_
items/2013/09/24/CNRSMH_E_1969_005_003_001_05.wav;CNRSMH_E_1969_005_003_
items/2013/09/24/CNRSMH_E_1969_005_003_001_06.wav;CNRSMH_E_1969_005_003_
items/2013/09/24/CNRSMH_E_1969_005_003_001_07.wav;CNRSMH_E_1969_005_003_
items/2013/09/24/CNRSMH_E_1969_005_003_001_08.wav;CNRSMH_E_1969_005_003_
items/2013/09/24/CNRSMH_E_1969_005_003_001_09.wav;CNRSMH_E_1969_005_003_
items/2013/09/24/CNRSMH_E_1969_005_003_001_10.wav;CNRSMH_E_1969_005_003_
items/2013/09/24/CNRSMH_E_1969_005_003_001_11.wav;CNRSMH_E_1969_005_003_
items/2013/09/24/CNRSMH_E_1969_005_003_001_12.wav;CNRSMH_E_1969_005_003_
items/2013/09/24/CNRSMH_E_1969_005_003_001_13.wav;CNRSMH_E_1969_005_003_
items/2013/09/24/CNRSMH_E_1972_015_001_001_01.wav;CNRSMH_E_1972_015_001_
items/2013/09/24/CNRSMH_E_1972_015_001_001_02.wav;CNRSMH_E_1972_015_001_
items/2013/09/24/CNRSMH_E_1972_015_001_001_03.wav;CNRSMH_E_1972_015_001_
items/2013/09/24/CNRSMH_E_1972_015_001_001_04.wav;CNRSMH_E_1972_015_001_
items/2013/09/24/CNRSMH_E_1972_015_001_001_05.wav;CNRSMH_E_1972_015_001_
items/2013/09/24/CNRSMH_E_1972_015_001_001_06.wav;CNRSMH_E_1972_015_001_
items/2013/09/24/CNRSMH_E_1972_015_001_001_07.wav;CNRSMH_E_1972_015_001_
items/2013/09/24/CNRSMH_E_1972_015_001_001_08_1.wav;CNRSMH_E_1972_015_001_
items/2013/09/24/CNRSMH_E_1972_015_001_001_09.wav;CNRSMH_E_1972_015_001_
items/2013/09/24/CNRSMH_E_1972_015_001_001_10.wav;CNRSMH_E_1972_015_001_
items/2013/09/24/CNRSMH_E_1972_015_001_001_11.wav;CNRSMH_E_1972_015_001_
items/2013/09/24/CNRSMH_E_1972_015_001_001_12.wav;CNRSMH_E_1972_015_001_
items/2013/09/24/CNRSMH_E_1972_015_001_001_13.wav;CNRSMH_E_1972_015_001_
items/2013/09/24/CNRSMH_E_1972_015_002_001_01.wav;CNRSMH_E_1972_015_002_
items/2013/09/24/CNRSMH_E_1972_015_002_001_02.wav;CNRSMH_E_1972_015_002_
items/2013/09/24/CNRSMH_E_1972_015_002_001_03.wav;CNRSMH_E_1972_015_002_
items/2013/09/24/CNRSMH_E_1972_015_002_001_04.wav;CNRSMH_E_1972_015_002_
items/2013/09/24/CNRSMH_E_1972_015_002_001_05.wav;CNRSMH_E_1972_015_002_
items/2013/09/24/CNRSMH_E_1972_015_002_001_06.wav;CNRSMH_E_1972_015_002_
items/2013/09/24/CNRSMH_E_1972_015_002_001_07.wav;CNRSMH_E_1972_015_002_
items/2013/09/24/CNRSMH_E_1972_015_002_001_08.wav;CNRSMH_E_1972_015_002_
items/2013/09/24/CNRSMH_E_1972_015_002_001_09.wav;CNRSMH_E_1972_015_002_
items/2013/09/24/CNRSMH_E_1972_015_002_001_10.wav;CNRSMH_E_1972_015_002_
items/2013/09/24/CNRSMH_E_1972_015_002_001_11.wav;CNRSMH_E_1972_015_002_
items/2013/09/24/CNRSMH_E_1972_022_001_001_01_1.wav;CNRSMH_E_1972_022_001_
items/2013/09/24/CNRSMH_E_1972_022_001_001_03.wav;CNRSMH_E_1972_022_001_
items/2013/09/24/CNRSMH_E_1972_022_001_001_04.wav;CNRSMH_E_1972_022_001_
items/2013/09/24/CNRSMH_E_1972_022_001_001_05.wav;CNRSMH_E_1972_022_001_
items/2013/09/24/CNRSMH_E_1972_022_001_001_06.wav;CNRSMH_E_1972_022_001_
items/2013/09/24/CNRSMH_E_1972_022_001_001_07.wav;CNRSMH_E_1972_022_001_
items/2013/09/24/CNRSMH_E_1972_022_001_001_08.wav;CNRSMH_E_1972_022_001_
items/2013/09/24/CNRSMH_E_1972_022_001_001_09.wav;CNRSMH_E_1972_022_001_
items/2013/09/24/CNRSMH_E_1972_022_001_001_10.wav;CNRSMH_E_1972_022_001_
items/2013/09/24/CNRSMH_E_1972_022_001_001_11.wav;CNRSMH_E_1972_022_001_
items/2013/09/24/CNRSMH_E_1972_022_001_001_12.wav;CNRSMH_E_1972_022_001_
items/2013/09/24/CNRSMH_E_1972_022_001_001_13.wav;CNRSMH_E_1972_022_001_
items/2013/09/25/CNRSMH_E_1969_021_001_001_01.wav;CNRSMH_E_1969_021_001_
items/2013/09/25/CNRSMH_E_1969_021_001_001_02.wav;CNRSMH_E_1969_021_001_
items/2013/09/25/CNRSMH_E_1969_021_001_001_03.wav;CNRSMH_E_1969_021_001_
items/2013/09/25/CNRSMH_E_1969_021_001_001_04.wav;CNRSMH_E_1969_021_001_
items/2013/09/25/CNRSMH_E_1969_021_001_001_05.wav;CNRSMH_E_1969_021_001_
items/2013/09/25/CNRSMH_E_1969_021_001_001_06.wav;CNRSMH_E_1969_021_001_
items/2013/09/25/CNRSMH_E_1969_021_001_001_07.wav;CNRSMH_E_1969_021_001_
items/2013/09/25/CNRSMH_E_1969_021_001_001_08.wav;CNRSMH_E_1969_021_001_
items/2013/09/25/CNRSMH_E_1969_021_001_001_09.wav;CNRSMH_E_1969_021_001_
items/2013/09/25/CNRSMH_E_1969_021_001_001_10.wav;CNRSMH_E_1969_021_001_
items/2013/09/25/CNRSMH_E_1969_021_001_001_11.wav;CNRSMH_E_1969_021_001_
items/2013/09/25/CNRSMH_E_1969_021_001_001_12.wav;CNRSMH_E_1969_021_001_
items/2013/10/03/CNRSMH_E_1959_013_001_01.wav;CNRSMH_E_1959_013_001_
items/2013/10/03/CNRSMH_E_1959_013_001_02.wav;CNRSMH_E_1959_013_001_
items/2013/10/03/CNRSMH_E_1959_013_001_03.wav;CNRSMH_E_1959_013_001_
items/2013/10/03/CNRSMH_E_1959_013_001_04.wav;CNRSMH_E_1959_013_001_
items/2013/10/03/CNRSMH_E_1959_013_001_05.wav;CNRSMH_E_1959_013_001_
items/2013/10/03/CNRSMH_E_1959_013_001_06.wav;CNRSMH_E_1959_013_001_
items/2013/10/03/CNRSMH_E_1959_013_001_07.wav;CNRSMH_E_1959_013_001_
items/2013/10/03/CNRSMH_E_1959_013_001_08.wav;CNRSMH_E_1959_013_001_
items/2013/10/03/CNRSMH_E_1978_001_001_001_01.wav;CNRSMH_E_1978_001_001_
items/2013/10/03/CNRSMH_E_1978_001_001_001_02.wav;CNRSMH_E_1978_001_001_
items/2013/10/03/CNRSMH_E_1978_001_001_001_03.wav;CNRSMH_E_1978_001_001_
items/2013/10/03/CNRSMH_E_1978_001_001_001_04.wav;CNRSMH_E_1978_001_001_
items/2013/10/03/CNRSMH_E_1978_001_001_001_05.wav;CNRSMH_E_1978_001_001_
items/2013/10/03/CNRSMH_E_1978_001_001_001_06.wav;CNRSMH_E_1978_001_001_
items/2013/10/03/CNRSMH_E_1978_001_001_001_07.wav;CNRSMH_E_1978_001_001_
items/2013/10/03/CNRSMH_E_1978_001_001_001_08.wav;CNRSMH_E_1978_001_001_
items/2013/10/03/CNRSMH_E_1978_001_001_001_09.wav;CNRSMH_E_1978_001_001_
items/2013/10/03/CNRSMH_E_1978_001_001_001_10.wav;CNRSMH_E_1978_001_001_
items/2013/10/03/CNRSMH_E_1978_001_001_001_11.wav;CNRSMH_E_1978_001_001_
items/2013/10/03/CNRSMH_E_1978_001_001_001_13.wav;CNRSMH_E_1978_001_001_
items/2013/10/03/CNRSMH_E_1978_001_001_001_14.wav;CNRSMH_E_1978_001_001_
items/2013/10/03/CNRSMH_E_1978_001_001_001_14_1.wav;CNRSMH_E_1978_001_001_
items/2013/10/03/CNRSMH_E_1978_001_001_001_15.wav;CNRSMH_E_1978_001_001_
items/2013/10/03/CNRSMH_E_1978_001_001_001_16.wav;CNRSMH_E_1978_001_001_
items/2013/10/03/CNRSMH_E_1978_001_001_001_17.wav;CNRSMH_E_1978_001_001_
items/2013/10/03/CNRSMH_E_1978_001_001_001_19.wav;CNRSMH_E_1978_001_001_
items/2013/10/03/CNRSMH_E_1978_001_001_002_01.wav;CNRSMH_E_1978_001_001_
items/2013/10/03/CNRSMH_E_1978_001_001_002_02.wav;CNRSMH_E_1978_001_001_
items/2013/10/03/CNRSMH_E_1978_001_001_002_03.wav;CNRSMH_E_1978_001_001_
items/2013/10/03/CNRSMH_E_1978_001_001_002_04.wav;CNRSMH_E_1978_001_001_
items/2013/10/03/CNRSMH_E_1978_001_001_002_05.wav;CNRSMH_E_1978_001_001_
items/2013/10/03/CNRSMH_E_1978_001_001_002_06.wav;CNRSMH_E_1978_001_001_
items/2013/10/03/CNRSMH_E_1978_001_001_002_07.wav;CNRSMH_E_1978_001_001_
items/2013/10/03/CNRSMH_E_1978_001_001_002_08.wav;CNRSMH_E_1978_001_001_
items/2013/10/03/CNRSMH_E_1978_001_001_002_09.wav;CNRSMH_E_1978_001_001_
items/2013/10/03/CNRSMH_E_1978_001_001_002_10.wav;CNRSMH_E_1978_001_001_
items/2013/10/03/CNRSMH_E_1978_001_001_002_11.wav;CNRSMH_E_1978_001_001_
items/2013/10/03/CNRSMH_E_1978_001_001_002_12.wav;CNRSMH_E_1978_001_001_
items/2013/10/03/CNRSMH_E_1978_001_001_002_12_1.wav;CNRSMH_E_1978_001_001_
items/2013/10/03/CNRSMH_E_1978_001_001_002_13.wav;CNRSMH_E_1978_001_001_
items/2013/10/03/CNRSMH_E_1978_001_001_002_15.wav;CNRSMH_E_1978_001_001_
items/2013/10/03/CNRSMH_E_1978_001_001_002_16.wav;CNRSMH_E_1978_001_001_
items/2013/10/03/CNRSMH_E_1978_001_001_002_17.wav;CNRSMH_E_1978_001_001_
items/2013/10/03/CNRSMH_E_1978_001_001_002_18.wav;CNRSMH_E_1978_001_001_
items/2013/10/03/CNRSMH_E_1978_001_001_002_18_1.wav;CNRSMH_E_1978_001_001_
items/2013/10/03/CNRSMH_E_1978_001_001_002_19.wav;CNRSMH_E_1978_001_001_
items/2013/10/03/CNRSMH_E_1978_001_001_002_20.wav;CNRSMH_E_1978_001_001_
items/2013/10/03/CNRSMH_E_1978_001_001_002_21.wav;CNRSMH_E_1978_001_001_
items/2013/10/03/CNRSMH_E_1978_001_001_002_22.wav;CNRSMH_E_1978_001_001_
items/2013/10/11/CNRSMH_E_1978_012_001_01.aif;CNRSMH_E_1978_012_001_
items/2013/10/11/CNRSMH_E_1978_012_001_02.aif;CNRSMH_E_1978_012_001_
items/2013/11/12/CNRSMH_E_2012_008_001_18.webm;CNRSMH_E_2012_008_001_
items/2013/11/12/CNRSMH_E_2012_008_001_19.webm;CNRSMH_E_2012_008_001_
items/2013/11/12/CNRSMH_E_2012_008_001_20.webm;CNRSMH_E_2012_008_001_
items/2013/11/12/CNRSMH_E_2012_008_001_21.webm;CNRSMH_E_2012_008_001_
items/2013/11/12/CNRSMH_E_2012_008_001_22.webm;CNRSMH_E_2012_008_001_
items/2013/11/12/CNRSMH_E_2012_008_001_23.webm;CNRSMH_E_2012_008_001_
items/2013/11/12/CNRSMH_E_2012_008_001_24.webm;CNRSMH_E_2012_008_001_
items/2013/11/12/CNRSMH_E_2012_008_001_25.webm;CNRSMH_E_2012_008_001_
items/2013/11/12/CNRSMH_E_2012_008_001_26.webm;CNRSMH_E_2012_008_001_
items/2013/11/12/CNRSMH_E_2012_008_001_27.webm;CNRSMH_E_2012_008_001_
items/2013/11/12/CNRSMH_E_2012_008_001_28.webm;CNRSMH_E_2012_008_001_
items/2013/11/12/CNRSMH_E_2012_008_001_29.webm;CNRSMH_E_2012_008_001_
items/2013/11/12/CNRSMH_E_2012_008_001_30.webm;CNRSMH_E_2012_008_001_
items/2013/11/12/CNRSMH_E_2012_008_001_31.webm;CNRSMH_E_2012_008_001_
items/2013/11/12/CNRSMH_E_2012_008_001_32.webm;CNRSMH_E_2012_008_001_
items/2013/11/12/CNRSMH_E_2012_008_001_33.webm;CNRSMH_E_2012_008_001_
items/2013/11/26/CNRSMH_E_1957_016_001_00.wav;CNRSMH_E_1957_016_001_
items/2013/11/26/CNRSMH_E_1957_016_001_01.wav;CNRSMH_E_1957_016_001_
items/2013/11/26/CNRSMH_E_1957_016_001_02.wav;CNRSMH_E_1957_016_001_
items/2013/11/26/CNRSMH_E_1957_016_001_03.wav;CNRSMH_E_1957_016_001_
items/2013/11/26/CNRSMH_E_1957_016_001_04.wav;CNRSMH_E_1957_016_001_
items/2013/11/26/CNRSMH_E_1957_016_001_05.wav;CNRSMH_E_1957_016_001_
items/2013/11/26/CNRSMH_E_1957_016_001_06.wav;CNRSMH_E_1957_016_001_
items/2013/11/26/CNRSMH_E_1957_016_001_07.wav;CNRSMH_E_1957_016_001_
items/2013/11/26/CNRSMH_E_1957_016_001_08.wav;CNRSMH_E_1957_016_001_
items/2013/11/26/CNRSMH_E_1957_016_001_09.wav;CNRSMH_E_1957_016_001_
items/2013/11/26/CNRSMH_E_1957_016_001_10.wav;CNRSMH_E_1957_016_001_
items/2013/11/26/CNRSMH_E_1957_016_001_11.wav;CNRSMH_E_1957_016_001_
items/2013/11/26/CNRSMH_E_1957_016_001_12.wav;CNRSMH_E_1957_016_001_
items/2013/11/26/CNRSMH_E_1957_016_001_13.wav;CNRSMH_E_1957_016_001_
items/2013/11/26/CNRSMH_E_1957_016_002_001_00.wav;CNRSMH_E_1957_016_002_
items/2013/11/26/CNRSMH_E_1957_016_002_001_01.wav;CNRSMH_E_1957_016_002_
items/2013/11/26/CNRSMH_E_1957_016_002_001_02.wav;CNRSMH_E_1957_016_002_
items/2013/11/26/CNRSMH_E_1957_016_002_001_03.wav;CNRSMH_E_1957_016_002_
items/2013/11/26/CNRSMH_E_1957_016_002_001_04.wav;CNRSMH_E_1957_016_002_
items/2013/11/26/CNRSMH_E_1957_016_002_001_05.wav;CNRSMH_E_1957_016_002_
items/2013/11/26/CNRSMH_E_1957_016_002_001_06.wav;CNRSMH_E_1957_016_002_
items/2013/11/26/CNRSMH_E_1957_016_002_001_07.wav;CNRSMH_E_1957_016_002_
items/2013/11/26/CNRSMH_E_1957_016_002_001_08.wav;CNRSMH_E_1957_016_002_
items/2013/11/26/CNRSMH_E_1957_016_002_001_09.wav;CNRSMH_E_1957_016_002_
items/2013/11/26/CNRSMH_E_1957_016_002_001_10.wav;CNRSMH_E_1957_016_002_
items/2013/11/26/CNRSMH_E_1957_016_002_001_11.wav;CNRSMH_E_1957_016_002_
items/2013/11/26/CNRSMH_E_1964_007_001_001_01.wav;CNRSMH_E_1964_007_001_
items/2013/11/26/CNRSMH_E_1964_007_001_001_02.wav;CNRSMH_E_1964_007_001_
items/2013/11/26/CNRSMH_E_1964_007_001_001_03.wav;CNRSMH_E_1964_007_001_
items/2013/11/26/CNRSMH_E_1964_007_001_001_04.wav;CNRSMH_E_1964_007_001_
items/2013/11/26/CNRSMH_E_1964_007_001_001_05.wav;CNRSMH_E_1964_007_001_
items/2013/11/26/CNRSMH_E_1964_007_001_001_06.wav;CNRSMH_E_1964_007_001_
items/2013/11/26/CNRSMH_E_1964_007_001_001_07.wav;CNRSMH_E_1964_007_001_
items/2013/11/26/CNRSMH_E_1964_007_001_001_08.wav;CNRSMH_E_1964_007_001_
items/2013/11/26/CNRSMH_E_1964_007_001_001_09.wav;CNRSMH_E_1964_007_001_
items/2013/11/26/CNRSMH_E_1964_007_001_001_10.wav;CNRSMH_E_1964_007_001_
items/2013/11/26/CNRSMH_E_1964_007_001_001_11.wav;CNRSMH_E_1964_007_001_
items/2013/11/26/CNRSMH_E_1964_007_001_001_12.wav;CNRSMH_E_1964_007_001_
items/2013/11/26/CNRSMH_E_1964_007_001_001_13.wav;CNRSMH_E_1964_007_001_
items/2013/11/26/CNRSMH_E_1964_007_001_001_14.wav;CNRSMH_E_1964_007_001_
items/2013/11/26/CNRSMH_E_1964_007_001_001_15.wav;CNRSMH_E_1964_007_001_
items/2013/11/26/CNRSMH_E_1964_007_001_001_16.wav;CNRSMH_E_1964_007_001_
items/2013/11/26/CNRSMH_E_1964_007_001_001_17.wav;CNRSMH_E_1964_007_001_
items/2013/11/26/CNRSMH_E_1964_007_001_001_18.wav;CNRSMH_E_1964_007_001_
items/2013/11/26/CNRSMH_E_1964_007_001_001_19.wav;CNRSMH_E_1964_007_001_
items/2013/11/26/CNRSMH_E_1964_007_001_001_20.wav;CNRSMH_E_1964_007_001_
items/2013/11/26/CNRSMH_E_1964_007_001_001_21.wav;CNRSMH_E_1964_007_001_
items/2013/11/26/CNRSMH_E_1964_007_001_001_22.wav;CNRSMH_E_1964_007_001_
items/2013/11/26/CNRSMH_E_1964_007_001_001_23.wav;CNRSMH_E_1964_007_001_
items/2013/11/26/CNRSMH_E_1964_007_001_001_24.wav;CNRSMH_E_1964_007_001_
items/2013/11/26/CNRSMH_E_1964_007_001_001_25.wav;CNRSMH_E_1964_007_001_
items/2013/11/26/CNRSMH_E_1964_007_001_001_26.wav;CNRSMH_E_1964_007_001_
items/2013/11/26/CNRSMH_E_1964_007_001_001_27.wav;CNRSMH_E_1964_007_001_
items/2013/11/26/CNRSMH_E_1964_007_001_001_28.wav;CNRSMH_E_1964_007_001_
items/2013/11/26/CNRSMH_E_1964_007_001_001_29.wav;CNRSMH_E_1964_007_001_
items/2013/11/26/CNRSMH_E_2002_027_001_01.wav;CNRSMH_E_2002_027_001_
items/2013/11/26/CNRSMH_E_2002_027_001_02.wav;CNRSMH_E_2002_027_001_
items/2013/11/26/CNRSMH_E_2002_027_001_03.wav;CNRSMH_E_2002_027_001_
items/2013/11/26/CNRSMH_E_2002_027_001_04.wav;CNRSMH_E_2002_027_001_
items/2013/11/26/CNRSMH_E_2002_027_001_05.wav;CNRSMH_E_2002_027_001_
items/2013/11/26/CNRSMH_E_2002_027_001_06.wav;CNRSMH_E_2002_027_001_
items/2013/11/26/CNRSMH_E_2002_027_001_07.wav;CNRSMH_E_2002_027_001_
items/2013/11/26/CNRSMH_E_2002_027_001_08.wav;CNRSMH_E_2002_027_001_
items/2013/11/26/CNRSMH_E_2002_027_001_09.wav;CNRSMH_E_2002_027_001_
items/2013/11/26/CNRSMH_E_2002_027_001_10.wav;CNRSMH_E_2002_027_001_
items/2013/11/26/CNRSMH_E_2002_027_001_11.wav;CNRSMH_E_2002_027_001_
items/2013/11/26/CNRSMH_E_2002_027_001_12.wav;CNRSMH_E_2002_027_001_
items/2013/11/26/CNRSMH_E_2011_005_016_01.wav;CNRSMH_E_2011_005_016_
items/2013/11/26/CNRSMH_E_2011_005_016_02.wav;CNRSMH_E_2011_005_016_
items/2013/11/26/CNRSMH_E_2011_005_016_03.wav;CNRSMH_E_2011_005_016_
items/2013/11/26/CNRSMH_E_2011_005_016_04.wav;CNRSMH_E_2011_005_016_
items/2013/11/26/CNRSMH_E_2011_005_016_05.wav;CNRSMH_E_2011_005_016_
items/2013/11/26/CNRSMH_E_2011_005_016_06.wav;CNRSMH_E_2011_005_016_
items/2013/11/26/CNRSMH_E_2011_005_016_07.wav;CNRSMH_E_2011_005_016_
items/2013/11/26/CNRSMH_E_2011_005_016_08.wav;CNRSMH_E_2011_005_016_
items/2013/11/26/CNRSMH_E_2011_005_016_09.wav;CNRSMH_E_2011_005_016_
items/2013/11/26/CNRSMH_E_2011_005_016_10.wav;CNRSMH_E_2011_005_016_
items/2013/11/26/CNRSMH_E_2011_005_016_11.wav;CNRSMH_E_2011_005_016_
items/2013/11/26/CNRSMH_E_2011_005_017_01.wav;CNRSMH_E_2011_005_017_
items/2013/11/26/CNRSMH_E_2011_005_017_02.wav;CNRSMH_E_2011_005_017_
items/2013/11/26/CNRSMH_E_2011_005_017_03.wav;CNRSMH_E_2011_005_017_
items/2013/11/26/CNRSMH_E_2011_005_017_04.wav;CNRSMH_E_2011_005_017_
items/2013/11/26/CNRSMH_E_2011_005_017_05.wav;CNRSMH_E_2011_005_017_
items/2013/11/26/CNRSMH_E_2011_005_017_06.wav;CNRSMH_E_2011_005_017_
items/2013/11/26/CNRSMH_E_2011_005_017_07.wav;CNRSMH_E_2011_005_017_
items/2013/11/26/CNRSMH_E_2011_005_017_08.wav;CNRSMH_E_2011_005_017_
items/2013/11/26/CNRSMH_E_2011_005_018_01.wav;CNRSMH_E_2011_005_018_
items/2013/11/26/CNRSMH_E_2011_005_018_02.wav;CNRSMH_E_2011_005_018_
items/2013/11/26/CNRSMH_E_2011_005_018_03.wav;CNRSMH_E_2011_005_018_
items/2013/11/26/CNRSMH_E_2011_005_018_04.wav;CNRSMH_E_2011_005_018_
items/2013/11/26/CNRSMH_E_2011_005_018_05.wav;CNRSMH_E_2011_005_018_
items/2013/11/26/CNRSMH_E_2011_005_018_06.wav;CNRSMH_E_2011_005_018_
items/2013/11/26/CNRSMH_E_2011_005_018_07.wav;CNRSMH_E_2011_005_018_
items/2013/11/26/CNRSMH_E_2011_005_018_08.wav;CNRSMH_E_2011_005_018_
items/2013/11/26/CNRSMH_E_2011_005_018_09.wav;CNRSMH_E_2011_005_018_
items/2013/11/26/CNRSMH_E_2011_005_018_10.wav;CNRSMH_E_2011_005_018_
items/2013/11/26/CNRSMH_E_2011_005_019_01.wav;CNRSMH_E_2011_005_019_
items/2013/11/26/CNRSMH_E_2011_005_019_02.wav;CNRSMH_E_2011_005_019_
items/2013/11/26/CNRSMH_E_2011_005_019_03.wav;CNRSMH_E_2011_005_019_
items/2013/11/26/CNRSMH_E_2011_005_019_04.wav;CNRSMH_E_2011_005_019_
items/2013/11/26/CNRSMH_E_2011_005_019_05.wav;CNRSMH_E_2011_005_019_
items/2013/11/26/CNRSMH_E_2011_005_019_06.wav;CNRSMH_E_2011_005_019_
items/2013/11/26/CNRSMH_E_2011_005_019_07.wav;CNRSMH_E_2011_005_019_
items/2013/11/26/CNRSMH_E_2011_005_019_08.wav;CNRSMH_E_2011_005_019_
items/2013/11/26/CNRSMH_E_2011_005_019_09.wav;CNRSMH_E_2011_005_019_
items/2013/11/26/CNRSMH_E_2011_005_019_10.wav;CNRSMH_E_2011_005_019_
items/2013/11/26/CNRSMH_E_2011_005_020_01.wav;CNRSMH_E_2011_005_020_
items/2013/11/26/CNRSMH_E_2011_005_020_02.wav;CNRSMH_E_2011_005_020_
items/2013/11/26/CNRSMH_E_2011_005_020_03.wav;CNRSMH_E_2011_005_020_
items/2013/11/26/CNRSMH_E_2011_005_020_04.wav;CNRSMH_E_2011_005_020_
items/2013/11/26/CNRSMH_E_2011_005_020_05.wav;CNRSMH_E_2011_005_020_
items/2013/11/26/CNRSMH_E_2011_005_020_06.wav;CNRSMH_E_2011_005_020_
items/2013/11/26/CNRSMH_E_2011_005_020_07.wav;CNRSMH_E_2011_005_020_
items/2013/11/26/CNRSMH_E_2011_005_020_08.wav;CNRSMH_E_2011_005_020_
items/2013/11/26/CNRSMH_E_2011_005_020_09.wav;CNRSMH_E_2011_005_020_
items/2013/11/26/CNRSMH_E_2011_005_020_10.wav;CNRSMH_E_2011_005_020_
items/2013/11/26/CNRSMH_E_2011_005_021_01.wav;CNRSMH_E_2011_005_021_
items/2013/11/26/CNRSMH_E_2011_005_021_02.wav;CNRSMH_E_2011_005_021_
items/2013/11/26/CNRSMH_E_2011_005_021_03.wav;CNRSMH_E_2011_005_021_
items/2013/11/26/CNRSMH_E_2011_005_021_04.wav;CNRSMH_E_2011_005_021_
items/2013/11/26/CNRSMH_E_2011_005_021_05.wav;CNRSMH_E_2011_005_021_
items/2013/11/26/CNRSMH_E_2011_005_021_06.wav;CNRSMH_E_2011_005_021_
items/2013/11/26/CNRSMH_E_2011_005_021_07.wav;CNRSMH_E_2011_005_021_
items/2013/11/26/CNRSMH_E_2011_005_021_08.wav;CNRSMH_E_2011_005_021_
items/2013/11/26/CNRSMH_E_2011_005_021_09.wav;CNRSMH_E_2011_005_021_
items/2013/11/26/CNRSMH_E_2011_005_021_10.wav;CNRSMH_E_2011_005_021_
items/2013/11/26/CNRSMH_E_2011_005_022_01.wav;CNRSMH_E_2011_005_022_
items/2013/11/26/CNRSMH_E_2011_005_022_02.wav;CNRSMH_E_2011_005_022_
items/2013/11/26/CNRSMH_E_2011_005_022_03.wav;CNRSMH_E_2011_005_022_
items/2013/11/26/CNRSMH_E_2011_005_022_04.wav;CNRSMH_E_2011_005_022_
items/2013/11/26/CNRSMH_E_2011_005_022_05.wav;CNRSMH_E_2011_005_022_
items/2013/11/26/CNRSMH_E_2011_005_022_06.wav;CNRSMH_E_2011_005_022_
items/2013/11/26/CNRSMH_E_2011_005_022_07.wav;CNRSMH_E_2011_005_022_
items/2013/11/26/CNRSMH_E_2011_005_022_08.wav;CNRSMH_E_2011_005_022_
items/2013/11/26/CNRSMH_E_2011_005_022_09.wav;CNRSMH_E_2011_005_022_
items/2013/11/26/CNRSMH_E_2011_005_023_02.wav;CNRSMH_E_2011_005_023_
items/2013/11/26/CNRSMH_E_2011_005_023_03.wav;CNRSMH_E_2011_005_023_
items/2013/11/26/CNRSMH_E_2011_005_023_04.wav;CNRSMH_E_2011_005_023_
items/2013/11/26/CNRSMH_E_2011_005_023_05.wav;CNRSMH_E_2011_005_023_
items/2013/11/26/CNRSMH_E_2011_005_023_06.wav;CNRSMH_E_2011_005_023_
items/2013/11/26/CNRSMH_E_2011_005_023_07.wav;CNRSMH_E_2011_005_023_
items/2013/11/26/CNRSMH_E_2011_005_023_08.wav;CNRSMH_E_2011_005_023_
items/2013/11/26/CNRSMH_E_2011_005_023_09.wav;CNRSMH_E_2011_005_023_
items/2013/11/26/CNRSMH_E_2011_005_023_10.wav;CNRSMH_E_2011_005_023_
items/2013/11/26/CNRSMH_E_2011_005_024_01.wav;CNRSMH_E_2011_005_024_
items/2013/11/26/CNRSMH_E_2011_005_024_02.wav;CNRSMH_E_2011_005_024_
items/2013/11/26/CNRSMH_E_2011_005_024_03.wav;CNRSMH_E_2011_005_024_
items/2013/11/26/CNRSMH_E_2011_005_024_04.wav;CNRSMH_E_2011_005_024_
items/2013/11/26/CNRSMH_E_2011_005_024_05.wav;CNRSMH_E_2011_005_024_
items/2013/11/26/CNRSMH_E_2011_005_024_06.wav;CNRSMH_E_2011_005_024_
items/2013/11/26/CNRSMH_E_2011_005_024_07.wav;CNRSMH_E_2011_005_024_
items/2013/11/26/CNRSMH_E_2011_005_024_08.wav;CNRSMH_E_2011_005_024_
items/2013/11/26/CNRSMH_E_2011_005_024_09.wav;CNRSMH_E_2011_005_024_
items/2013/11/26/CNRSMH_E_2011_005_024_10.wav;CNRSMH_E_2011_005_024_
items/2013/11/26/CNRSMH_E_2011_005_024_11.wav;CNRSMH_E_2011_005_024_
items/2013/11/26/CNRSMH_E_2011_005_024_12.wav;CNRSMH_E_2011_005_024_
items/2013/11/26/CNRSMH_E_2011_005_026_01.wav;CNRSMH_E_2011_005_026_
items/2013/11/26/CNRSMH_E_2011_005_026_02.wav;CNRSMH_E_2011_005_026_
items/2013/11/26/CNRSMH_E_2011_005_026_03.wav;CNRSMH_E_2011_005_026_
items/2013/11/26/CNRSMH_E_2011_005_026_04.wav;CNRSMH_E_2011_005_026_
items/2013/11/26/CNRSMH_E_2011_005_026_05.wav;CNRSMH_E_2011_005_026_
items/2013/11/26/CNRSMH_E_2011_005_026_06.wav;CNRSMH_E_2011_005_026_
items/2013/11/26/CNRSMH_E_2011_005_026_07.wav;CNRSMH_E_2011_005_026_
items/2013/11/26/CNRSMH_E_2011_005_026_08.wav;CNRSMH_E_2011_005_026_
items/2013/11/26/CNRSMH_E_2011_005_026_09.wav;CNRSMH_E_2011_005_026_
items/2013/11/26/CNRSMH_E_2011_005_026_10.wav;CNRSMH_E_2011_005_026_
items/2013/11/26/CNRSMH_E_2011_005_026_11.wav;CNRSMH_E_2011_005_026_
items/2013/11/26/CNRSMH_E_2011_005_026_12.wav;CNRSMH_E_2011_005_026_
items/2013/11/26/CNRSMH_E_2011_005_026_13.wav;CNRSMH_E_2011_005_026_
items/2013/11/26/CNRSMH_E_2011_005_027_01.wav;CNRSMH_E_2011_005_027_
items/2013/11/26/CNRSMH_E_2011_005_027_02.wav;CNRSMH_E_2011_005_027_
items/2013/11/26/CNRSMH_E_2011_005_027_03.wav;CNRSMH_E_2011_005_027_
items/2013/11/26/CNRSMH_E_2011_005_027_04.wav;CNRSMH_E_2011_005_027_
items/2013/11/26/CNRSMH_E_2011_005_027_05.wav;CNRSMH_E_2011_005_027_
items/2013/11/26/CNRSMH_E_2011_005_027_06.wav;CNRSMH_E_2011_005_027_
items/2013/11/26/CNRSMH_E_2011_005_027_07.wav;CNRSMH_E_2011_005_027_
items/2013/11/26/CNRSMH_E_2011_005_027_08.wav;CNRSMH_E_2011_005_027_
items/2013/11/26/CNRSMH_E_2011_005_027_09.wav;CNRSMH_E_2011_005_027_
items/2013/11/26/CNRSMH_E_2011_005_027_10.wav;CNRSMH_E_2011_005_027_
items/2013/11/26/CNRSMH_E_2011_005_027_11.wav;CNRSMH_E_2011_005_027_
items/2013/11/26/CNRSMH_E_2011_005_027_12.wav;CNRSMH_E_2011_005_027_
items/2013/11/26/CNRSMH_E_2011_005_027_13.wav;CNRSMH_E_2011_005_027_
items/2013/11/26/CNRSMH_E_2011_005_027_14.wav;CNRSMH_E_2011_005_027_
items/2013/11/26/CNRSMH_E_2011_005_031_01.wav;CNRSMH_E_2011_005_031_
items/2013/11/26/CNRSMH_E_2011_005_031_02.wav;CNRSMH_E_2011_005_031_
items/2013/11/26/CNRSMH_E_2011_005_031_03.wav;CNRSMH_E_2011_005_031_
items/2013/11/26/CNRSMH_E_2011_005_031_04.wav;CNRSMH_E_2011_005_031_
items/2013/11/26/CNRSMH_E_2011_005_031_05.wav;CNRSMH_E_2011_005_031_
items/2013/11/26/CNRSMH_E_2011_005_031_06.wav;CNRSMH_E_2011_005_031_
items/2013/11/26/CNRSMH_E_2011_005_031_07.wav;CNRSMH_E_2011_005_031_
items/2013/11/26/CNRSMH_E_2011_005_031_08.wav;CNRSMH_E_2011_005_031_
items/2013/11/26/CNRSMH_E_2011_005_031_09.wav;CNRSMH_E_2011_005_031_
items/2013/11/26/CNRSMH_E_2011_005_031_10.wav;CNRSMH_E_2011_005_031_
items/2013/11/26/CNRSMH_E_2011_005_031_11.wav;CNRSMH_E_2011_005_031_
items/2013/11/26/CNRSMH_E_2011_005_031_12.wav;CNRSMH_E_2011_005_031_
items/2013/11/26/CNRSMH_E_2013_031_001_001_01.wav;CNRSMH_E_2013_031_001_
items/2013/11/26/CNRSMH_E_2013_031_001_001_02.wav;CNRSMH_E_2013_031_001_
items/2013/11/26/CNRSMH_E_2013_031_001_002_01.wav;CNRSMH_E_2013_031_001_
items/2013/11/26/CNRSMH_E_2013_031_001_002_02.wav;CNRSMH_E_2013_031_001_
items/2013/11/29/CNRSMH_E_1932_001_001_01.wav;CNRSMH_E_1932_001_001_
items/2013/12/10/CNRSMH_E_2013_038_001_001.wav;CNRSMH_E_2013_038_001_
items/2014/01/24/CNRSMH_E_1970_003_001_01.wav;CNRSMH_E_1970_003_001_
items/2014/01/24/CNRSMH_E_1970_003_001_02.wav;CNRSMH_E_1970_003_001_
items/2014/03/11/CNRSMH_E_2013_038_001_013.wav;CNRSMH_E_2013_038_001_
items/2014/03/12/CNRSMH_E_1984_022_001_26_1.wav;CNRSMH_E_1984_022_001_
items/2014/03/12/CNRSMH_E_1984_022_001_27_1.wav;CNRSMH_E_1984_022_001_
items/2014/03/12/CNRSMH_E_1984_022_001_28.wav;CNRSMH_E_1984_022_001_
items/2014/03/12/CNRSMH_E_1984_022_001_29.wav;CNRSMH_E_1984_022_001_
items/2014/03/12/CNRSMH_E_1984_022_001_30.wav;CNRSMH_E_1984_022_001_
items/2014/03/12/CNRSMH_E_1984_022_001_31.wav;CNRSMH_E_1984_022_001_
items/2014/03/12/CNRSMH_E_1984_022_001_32.wav;CNRSMH_E_1984_022_001_
items/2014/03/26/CNRSMH_E_2013_038_001_018.wav;CNRSMH_E_2013_038_001_
items/2014/03/26/CNRSMH_E_2013_038_001_020.wav;CNRSMH_E_2013_038_001_
items/2014/03/26/CNRSMH_E_2013_038_001_022.wav;CNRSMH_E_2013_038_001_
items/2014/03/26/CNRSMH_E_2013_038_001_026.wav;CNRSMH_E_2013_038_001_
items/2014/03/26/CNRSMH_E_2013_038_001_028.wav;CNRSMH_E_2013_038_001_
items/2014/03/26/CNRSMH_E_2013_038_001_029.wav;CNRSMH_E_2013_038_001_
items/2014/03/31/CNRSMH_E_2013_038_001_008.wav;CNRSMH_E_2013_038_001_
items/2014/05/02/CNRSMH_E_2014_032_001_001_01.wav;CNRSMH_E_2014_032_001_
items/2014/05/02/CNRSMH_E_2014_032_001_001_02.wav;CNRSMH_E_2014_032_001_
items/2014/05/02/CNRSMH_E_2014_032_001_001_03.wav;CNRSMH_E_2014_032_001_
items/2014/05/02/CNRSMH_E_2014_032_001_002_01.wav;CNRSMH_E_2014_032_001_
items/2014/05/02/CNRSMH_E_2014_032_001_002_02.wav;CNRSMH_E_2014_032_001_
items/2014/05/02/CNRSMH_E_2014_032_001_002_03.wav;CNRSMH_E_2014_032_001_
items/2014/05/05/CNRSMH_E_1974_003_001_001_01.wav;CNRSMH_E_1974_003_001_
items/2014/05/05/CNRSMH_E_1974_003_001_001_02.wav;CNRSMH_E_1974_003_001_
items/2014/05/05/CNRSMH_E_1974_003_001_001_03.wav;CNRSMH_E_1974_003_001_
items/2014/05/05/CNRSMH_E_1974_003_001_001_04.wav;CNRSMH_E_1974_003_001_
items/2014/05/05/CNRSMH_E_1974_003_001_001_05.wav;CNRSMH_E_1974_003_001_
items/2014/05/19/CNRSMH_E_1951_008_001_001_01.wav;CNRSMH_E_1951_008_001_
items/2014/05/19/CNRSMH_E_1951_008_001_001_02.wav;CNRSMH_E_1951_008_001_
items/2014/05/19/CNRSMH_E_1951_008_001_001_03.wav;CNRSMH_E_1951_008_001_
items/2014/05/19/CNRSMH_E_1951_008_001_002_01.wav;CNRSMH_E_1951_008_001_
items/2014/05/19/CNRSMH_E_1951_008_001_002_02.wav;CNRSMH_E_1951_008_001_
items/2014/05/19/CNRSMH_E_1951_008_001_003_01.wav;CNRSMH_E_1951_008_001_
items/2014/05/19/CNRSMH_E_1951_008_001_003_02.wav;CNRSMH_E_1951_008_001_
items/2014/05/19/CNRSMH_E_1951_008_001_004_01.wav;CNRSMH_E_1951_008_001_
items/2014/05/19/CNRSMH_E_1951_008_001_004_02.wav;CNRSMH_E_1951_008_001_
items/2014/05/19/CNRSMH_E_1951_008_001_005_01.wav;CNRSMH_E_1951_008_001_
items/2014/05/19/CNRSMH_E_1951_008_001_005_02.wav;CNRSMH_E_1951_008_001_
items/2014/05/19/CNRSMH_E_1951_008_001_006_01.wav;CNRSMH_E_1951_008_001_
items/2014/05/19/CNRSMH_E_1951_008_001_006_02.wav;CNRSMH_E_1951_008_001_
items/2014/05/19/CNRSMH_E_1951_008_001_007_01.wav;CNRSMH_E_1951_008_001_
items/2014/05/19/CNRSMH_E_1951_008_001_007_02.wav;CNRSMH_E_1951_008_001_
items/2014/05/19/CNRSMH_E_1951_008_001_007_03.wav;CNRSMH_E_1951_008_001_
items/2014/05/19/CNRSMH_E_1951_008_001_008_01.wav;CNRSMH_E_1951_008_001_
items/2014/05/19/CNRSMH_E_1951_008_001_008_02.wav;CNRSMH_E_1951_008_001_
items/2014/05/19/CNRSMH_E_1951_008_001_009_01.wav;CNRSMH_E_1951_008_001_
items/2014/05/19/CNRSMH_E_1951_008_001_009_02.wav;CNRSMH_E_1951_008_001_
items/2014/05/19/CNRSMH_E_1951_008_001_009_03.wav;CNRSMH_E_1951_008_001_
items/2014/05/19/CNRSMH_E_1951_008_001_009_04.wav;CNRSMH_E_1951_008_001_
items/2014/05/19/CNRSMH_E_1951_008_001_010_01.wav;CNRSMH_E_1951_008_001_
items/2014/05/19/CNRSMH_E_1951_008_001_010_02.wav;CNRSMH_E_1951_008_001_
items/2014/05/19/CNRSMH_E_1951_008_001_011_01.wav;CNRSMH_E_1951_008_001_
items/2014/05/19/CNRSMH_E_1951_008_001_011_02.wav;CNRSMH_E_1951_008_001_
items/2014/05/19/CNRSMH_E_1951_008_001_011_03.wav;CNRSMH_E_1951_008_001_
items/2014/05/19/CNRSMH_E_1951_008_001_012_01.wav;CNRSMH_E_1951_008_001_
items/2014/05/19/CNRSMH_E_1974_003_001_001_06.wav;CNRSMH_E_1974_003_001_
items/2014/05/19/CNRSMH_E_1974_003_001_001_07.wav;CNRSMH_E_1974_003_001_
items/2014/05/19/CNRSMH_E_1974_003_001_001_08.wav;CNRSMH_E_1974_003_001_
items/2014/05/19/CNRSMH_E_1974_003_001_001_09.wav;CNRSMH_E_1974_003_001_
items/2014/05/30/CNRSMH_E_1965_016_017_01.wav;CNRSMH_E_1965_016_017_
items/2014/05/30/CNRSMH_E_1965_016_017_02.wav;CNRSMH_E_1965_016_017_
items/2014/06/16/CNRSMH_E_1965_016_013_01_1.wav;CNRSMH_E_1965_016_013_
items/2014/06/16/CNRSMH_E_1965_016_013_02_1.wav;CNRSMH_E_1965_016_013_
items/2014/06/16/CNRSMH_E_1965_016_013_03.wav;CNRSMH_E_1965_016_013_
items/2014/06/16/CNRSMH_E_1965_016_013_04.wav;CNRSMH_E_1965_016_013_
items/2014/06/16/CNRSMH_E_1965_016_014_01.wav;CNRSMH_E_1965_016_014_
items/2014/06/16/CNRSMH_E_1965_016_015_01.wav;CNRSMH_E_1965_016_015_
items/2014/06/16/CNRSMH_E_1965_016_015_02.wav;CNRSMH_E_1965_016_015_
items/2014/06/16/CNRSMH_E_1965_016_016_01.wav;CNRSMH_E_1965_016_016_
items/2014/06/16/CNRSMH_E_1965_016_016_02.wav;CNRSMH_E_1965_016_016_
items/2014/07/11/CNRSMH_E_1956_010_001_001_01.wav;CNRSMH_E_1956_010_001_
items/2014/07/11/CNRSMH_E_1956_010_001_001_02.wav;CNRSMH_E_1956_010_001_
items/2014/07/11/CNRSMH_E_1956_010_001_001_03.wav;CNRSMH_E_1956_010_001_
items/2014/07/11/CNRSMH_E_1956_010_001_001_04.wav;CNRSMH_E_1956_010_001_
items/2014/07/11/CNRSMH_E_1956_010_001_001_05.wav;CNRSMH_E_1956_010_001_
items/2014/07/11/CNRSMH_E_1956_010_001_001_06.wav;CNRSMH_E_1956_010_001_
items/2014/07/11/CNRSMH_E_1956_010_001_001_07.wav;CNRSMH_E_1956_010_001_
items/2014/07/11/CNRSMH_E_1956_010_001_001_08.wav;CNRSMH_E_1956_010_001_
items/2014/07/11/CNRSMH_E_1956_010_001_001_09.wav;CNRSMH_E_1956_010_001_
items/2014/07/11/CNRSMH_E_1956_010_001_001_10.wav;CNRSMH_E_1956_010_001_
items/2014/07/11/CNRSMH_E_1956_010_001_001_11.wav;CNRSMH_E_1956_010_001_
items/2014/07/11/CNRSMH_E_1965_007_001_001_01.wav;CNRSMH_E_1965_007_001_
items/2014/07/11/CNRSMH_E_1965_007_001_001_02.wav;CNRSMH_E_1965_007_001_
items/2014/07/11/CNRSMH_E_1965_007_001_001_03.wav;CNRSMH_E_1965_007_001_
items/2014/07/11/CNRSMH_E_1965_007_001_001_04.wav;CNRSMH_E_1965_007_001_
items/2014/07/11/CNRSMH_E_1965_007_001_001_05.wav;CNRSMH_E_1965_007_001_
items/2014/07/11/CNRSMH_E_1965_007_001_001_06.wav;CNRSMH_E_1965_007_001_
items/2014/07/11/CNRSMH_E_1965_007_001_001_07.wav;CNRSMH_E_1965_007_001_
items/2014/07/11/CNRSMH_E_1965_007_001_001_08.wav;CNRSMH_E_1965_007_001_
items/2014/07/11/CNRSMH_E_1965_007_001_001_09.wav;CNRSMH_E_1965_007_001_
items/2014/07/21/CNRSMH_E_1965_007_001_001_10.wav;CNRSMH_E_1965_007_001_
items/2014/07/21/CNRSMH_E_2014_043_001_001_01.wav;CNRSMH_E_2014_043_001_
items/2014/07/21/CNRSMH_E_2014_043_001_001_02.wav;CNRSMH_E_2014_043_001_
items/2014/07/21/CNRSMH_E_2014_043_001_001_03.wav;CNRSMH_E_2014_043_001_
items/2014/07/21/CNRSMH_E_2014_043_001_001_04.wav;CNRSMH_E_2014_043_001_
items/2014/07/21/CNRSMH_E_2014_043_001_001_05.wav;CNRSMH_E_2014_043_001_
items/2014/07/21/CNRSMH_E_2014_043_001_001_06.wav;CNRSMH_E_2014_043_001_
items/2014/07/21/CNRSMH_E_2014_043_001_001_07.wav;CNRSMH_E_2014_043_001_
items/2014/07/21/CNRSMH_E_2014_043_001_001_08.wav;CNRSMH_E_2014_043_001_
items/2014/07/21/CNRSMH_E_2014_043_001_001_09.wav;CNRSMH_E_2014_043_001_
items/2014/07/21/CNRSMH_E_2014_043_001_001_10.wav;CNRSMH_E_2014_043_001_
items/2014/07/21/CNRSMH_E_2014_043_001_001_11.wav;CNRSMH_E_2014_043_001_
items/2014/07/21/CNRSMH_E_2014_043_001_001_12.wav;CNRSMH_E_2014_043_001_
items/2014/07/21/CNRSMH_E_2014_043_001_001_13.wav;CNRSMH_E_2014_043_001_
items/2014/07/21/CNRSMH_E_2014_043_001_001_14.wav;CNRSMH_E_2014_043_001_
items/2014/07/31/CNRSMH_E_1972_019_001_001_01.wav;CNRSMH_E_1972_019_001_
items/2014/07/31/CNRSMH_E_1972_019_001_001_02.wav;CNRSMH_E_1972_019_001_
items/2014/07/31/CNRSMH_E_1972_019_001_001_03.wav;CNRSMH_E_1972_019_001_
items/2014/07/31/CNRSMH_E_1972_019_001_001_04.wav;CNRSMH_E_1972_019_001_
items/2014/07/31/CNRSMH_E_1972_019_001_001_05.wav;CNRSMH_E_1972_019_001_
items/2014/07/31/CNRSMH_E_1972_019_001_001_06.wav;CNRSMH_E_1972_019_001_
items/2014/07/31/CNRSMH_E_1972_019_001_001_07.wav;CNRSMH_E_1972_019_001_
items/2014/07/31/CNRSMH_E_1972_019_001_001_08.wav;CNRSMH_E_1972_019_001_
items/2014/07/31/CNRSMH_E_1972_019_001_001_09.wav;CNRSMH_E_1972_019_001_
items/2014/07/31/CNRSMH_E_1972_019_001_001_10.wav;CNRSMH_E_1972_019_001_
items/2014/07/31/CNRSMH_E_1972_019_001_001_11.wav;CNRSMH_E_1972_019_001_
items/2014/07/31/CNRSMH_E_1972_019_001_001_12.wav;CNRSMH_E_1972_019_001_
items/2014/07/31/CNRSMH_E_1972_019_001_001_13.wav;CNRSMH_E_1972_019_001_
items/2014/07/31/CNRSMH_E_1997_020_040_01.wav;CNRSMH_E_1997_020_040_
items/2014/07/31/CNRSMH_E_1997_020_040_02.wav;CNRSMH_E_1997_020_040_
items/2014/07/31/CNRSMH_E_1997_020_040_03.wav;CNRSMH_E_1997_020_040_
items/2014/07/31/CNRSMH_E_1997_020_040_04.wav;CNRSMH_E_1997_020_040_
items/2014/07/31/CNRSMH_E_1997_020_040_05.wav;CNRSMH_E_1997_020_040_
items/2014/07/31/CNRSMH_E_1997_020_040_06.wav;CNRSMH_E_1997_020_040_
items/2014/07/31/CNRSMH_E_1997_020_040_07.wav;CNRSMH_E_1997_020_040_
items/2014/07/31/CNRSMH_E_1997_020_040_08.wav;CNRSMH_E_1997_020_040_
items/2014/07/31/CNRSMH_E_1997_020_040_09.wav;CNRSMH_E_1997_020_040_
items/2014/07/31/CNRSMH_E_1997_020_040_10.wav;CNRSMH_E_1997_020_040_
items/2014/07/31/CNRSMH_E_1997_020_040_11.wav;CNRSMH_E_1997_020_040_
items/2014/07/31/CNRSMH_E_1997_020_040_12.wav;CNRSMH_E_1997_020_040_
items/2014/07/31/CNRSMH_E_1997_020_040_13.wav;CNRSMH_E_1997_020_040_
items/2014/07/31/CNRSMH_E_1997_022_001_01.wav;CNRSMH_E_1997_022_001_
items/2014/07/31/CNRSMH_E_1997_022_001_02.wav;CNRSMH_E_1997_022_001_
items/2014/07/31/CNRSMH_E_1997_022_001_03.wav;CNRSMH_E_1997_022_001_
items/2014/07/31/CNRSMH_E_1997_022_001_04.wav;CNRSMH_E_1997_022_001_
items/2014/07/31/CNRSMH_E_1997_022_001_05.wav;CNRSMH_E_1997_022_001_
items/2014/07/31/CNRSMH_E_1997_022_001_06.wav;CNRSMH_E_1997_022_001_
items/2014/07/31/CNRSMH_E_1997_022_001_07.wav;CNRSMH_E_1997_022_001_
items/2014/07/31/CNRSMH_E_1997_022_001_08.wav;CNRSMH_E_1997_022_001_
items/2014/07/31/CNRSMH_E_1997_022_001_09.wav;CNRSMH_E_1997_022_001_
items/2014/07/31/CNRSMH_E_1997_022_001_10.wav;CNRSMH_E_1997_022_001_
items/2014/07/31/CNRSMH_E_1997_022_001_11.wav;CNRSMH_E_1997_022_001_
items/2014/07/31/CNRSMH_E_1997_022_001_12.wav;CNRSMH_E_1997_022_001_
items/2014/07/31/CNRSMH_E_2000_011_001_01.wav;CNRSMH_E_2000_011_001_
items/2014/07/31/CNRSMH_E_2000_011_001_02.wav;CNRSMH_E_2000_011_001_
items/2014/07/31/CNRSMH_E_2000_011_001_03.wav;CNRSMH_E_2000_011_001_
items/2014/07/31/CNRSMH_E_2000_011_001_04.wav;CNRSMH_E_2000_011_001_
items/2014/07/31/CNRSMH_E_2000_011_001_05.wav;CNRSMH_E_2000_011_001_
items/2014/07/31/CNRSMH_E_2000_011_001_06.wav;CNRSMH_E_2000_011_001_
items/2014/07/31/CNRSMH_E_2000_011_001_07.wav;CNRSMH_E_2000_011_001_
items/2014/07/31/CNRSMH_E_2000_011_001_08.wav;CNRSMH_E_2000_011_001_
items/2014/07/31/CNRSMH_E_2000_011_001_09.wav;CNRSMH_E_2000_011_001_
items/2014/07/31/CNRSMH_E_2000_011_001_10.wav;CNRSMH_E_2000_011_001_
items/2014/07/31/CNRSMH_E_2000_011_001_11.wav;CNRSMH_E_2000_011_001_
items/2014/07/31/CNRSMH_E_2000_011_001_12.wav;CNRSMH_E_2000_011_001_
items/2014/07/31/CNRSMH_E_2000_011_001_13.wav;CNRSMH_E_2000_011_001_
items/2014/07/31/CNRSMH_E_2005_028_001_001_01.wav;CNRSMH_E_2005_028_001_
items/2014/07/31/CNRSMH_E_2005_028_001_001_02.wav;CNRSMH_E_2005_028_001_
items/2014/07/31/CNRSMH_E_2005_028_001_001_03.wav;CNRSMH_E_2005_028_001_
items/2014/07/31/CNRSMH_E_2005_028_001_001_04.wav;CNRSMH_E_2005_028_001_
items/2014/07/31/CNRSMH_E_2005_028_001_001_05.wav;CNRSMH_E_2005_028_001_
items/2014/08/28/CNRSMH_E_2002_029_001_001_01.wav;CNRSMH_E_2002_029_001_
items/2014/08/28/CNRSMH_E_2002_029_001_001_02.wav;CNRSMH_E_2002_029_001_
items/2014/08/28/CNRSMH_E_2002_029_001_001_04.wav;CNRSMH_E_2002_029_001_
items/2014/08/28/CNRSMH_E_2002_029_001_001_05.wav;CNRSMH_E_2002_029_001_
items/2014/08/28/CNRSMH_E_2002_029_001_001_06.wav;CNRSMH_E_2002_029_001_
items/2014/08/28/CNRSMH_E_2002_029_001_001_07.wav;CNRSMH_E_2002_029_001_
items/2014/08/28/CNRSMH_E_2002_029_001_001_08.wav;CNRSMH_E_2002_029_001_
items/2014/08/28/CNRSMH_E_2002_029_001_001_09.wav;CNRSMH_E_2002_029_001_
items/2014/08/28/CNRSMH_E_2002_029_001_001_10.wav;CNRSMH_E_2002_029_001_
items/2014/08/28/CNRSMH_E_2002_029_001_001_11.wav;CNRSMH_E_2002_029_001_
items/2014/08/28/CNRSMH_E_2002_029_001_001_12.wav;CNRSMH_E_2002_029_001_
items/2014/08/28/CNRSMH_E_2002_029_001_001_13.wav;CNRSMH_E_2002_029_001_
items/2014/09/22/CNRSMH_E_1965_016_001_001_01.wav;CNRSMH_E_1965_016_001_
items/2014/09/22/CNRSMH_E_1965_016_001_001_02.wav;CNRSMH_E_1965_016_001_
items/2014/09/22/CNRSMH_E_1965_016_001_001_03.wav;CNRSMH_E_1965_016_001_
items/2014/09/22/CNRSMH_E_1965_016_001_002_01.wav;CNRSMH_E_1965_016_001_
items/2014/09/22/CNRSMH_E_1965_016_001_002_02.wav;CNRSMH_E_1965_016_001_
items/2014/09/22/CNRSMH_E_1965_016_001_002_03.wav;CNRSMH_E_1965_016_001_
items/2014/09/22/CNRSMH_E_1965_016_001_003_01.wav;CNRSMH_E_1965_016_001_
items/2014/09/22/CNRSMH_E_1965_016_001_003_02.wav;CNRSMH_E_1965_016_001_
items/2014/09/22/CNRSMH_E_1965_016_001_003_03.wav;CNRSMH_E_1965_016_001_
items/2014/09/22/CNRSMH_E_1965_016_001_003_04.wav;CNRSMH_E_1965_016_001_
items/2014/09/22/CNRSMH_E_1965_016_001_004_01.wav;CNRSMH_E_1965_016_001_
items/2014/09/22/CNRSMH_E_1965_016_001_004_02.wav;CNRSMH_E_1965_016_001_
items/2014/09/22/CNRSMH_E_1965_016_001_004_03.wav;CNRSMH_E_1965_016_001_
items/2014/09/22/CNRSMH_E_1965_016_001_004_04.wav;CNRSMH_E_1965_016_001_
items/2014/09/22/CNRSMH_E_1965_016_001_005_01.wav;CNRSMH_E_1965_016_001_
items/2014/09/22/CNRSMH_E_1965_016_001_005_02.wav;CNRSMH_E_1965_016_001_
items/2014/09/22/CNRSMH_E_1965_016_001_005_03.wav;CNRSMH_E_1965_016_001_
items/2014/09/22/CNRSMH_E_1965_016_001_005_04.wav;CNRSMH_E_1965_016_001_
items/2014/09/22/CNRSMH_E_1965_016_001_005_05.wav;CNRSMH_E_1965_016_001_
items/2014/09/22/CNRSMH_E_1965_016_001_006_01.wav;CNRSMH_E_1965_016_001_
items/2014/09/22/CNRSMH_E_1965_016_001_007_01.wav;CNRSMH_E_1965_016_001_
items/2014/09/22/CNRSMH_E_1965_016_001_007_02.wav;CNRSMH_E_1965_016_001_
items/2014/09/22/CNRSMH_E_1965_016_001_008_01.wav;CNRSMH_E_1965_016_001_
items/2014/09/22/CNRSMH_E_1965_016_001_008_02.wav;CNRSMH_E_1965_016_001_
items/2014/09/22/CNRSMH_E_1965_016_001_009_01.wav;CNRSMH_E_1965_016_001_
items/2014/09/22/CNRSMH_E_1965_016_001_009_02.wav;CNRSMH_E_1965_016_001_
items/2014/09/22/CNRSMH_E_1965_016_001_009_03.wav;CNRSMH_E_1965_016_001_
items/2014/09/22/CNRSMH_E_1965_016_001_010_01.wav;CNRSMH_E_1965_016_001_
items/2014/09/22/CNRSMH_E_1965_016_001_010_02.wav;CNRSMH_E_1965_016_001_
items/2014/09/22/CNRSMH_E_1965_016_001_010_03.wav;CNRSMH_E_1965_016_001_
items/2014/09/23/CNRSMH_E_1965_016_001_011_01.wav;CNRSMH_E_1965_016_001_
items/2014/09/23/CNRSMH_E_1965_016_001_011_02.wav;CNRSMH_E_1965_016_001_
items/2014/09/23/CNRSMH_E_1965_016_001_012_01.wav;CNRSMH_E_1965_016_001_
items/2014/09/23/CNRSMH_E_1965_016_001_012_02.wav;CNRSMH_E_1965_016_001_
items/2014/09/23/CNRSMH_E_1965_016_001_012_03.wav;CNRSMH_E_1965_016_001_
items/2014/09/23/CNRSMH_E_1965_016_001_012_04.wav;CNRSMH_E_1965_016_001_
items/2014/09/23/CNRSMH_E_1965_016_001_014_02.wav;CNRSMH_E_1965_016_001_
items/2014/09/29/CNRSMH_E_1965_016_001_006_03.wav;CNRSMH_E_1965_016_001_
items/2014/12/15/CNRSMH_E_1955_006_001_001_11.wav;CNRSMH_E_1955_006_001_
items/2015/04/28/CNRSMH_E_1987_018_001/CNRSMH_E_1987_018_001_001_01.wav;CNRSMH_E_1987_018_001_
items/2015/04/28/CNRSMH_E_1987_018_001/CNRSMH_E_1987_018_001_001_02.wav;CNRSMH_E_1987_018_001_
items/2015/04/28/CNRSMH_E_1987_018_001/CNRSMH_E_1987_018_001_001_03.wav;CNRSMH_E_1987_018_001_
items/2015/04/28/CNRSMH_E_1987_018_001/CNRSMH_E_1987_018_001_001_04.wav;CNRSMH_E_1987_018_001_
items/2015/04/28/CNRSMH_E_1987_018_001/CNRSMH_E_1987_018_001_001_05.wav;CNRSMH_E_1987_018_001_
items/2015/04/28/CNRSMH_E_1987_018_001/CNRSMH_E_1987_018_001_001_06.wav;CNRSMH_E_1987_018_001_
items/2015/04/28/CNRSMH_E_1987_018_001/CNRSMH_E_1987_018_001_001_07.wav;CNRSMH_E_1987_018_001_
items/2015/04/28/CNRSMH_E_1987_018_001/CNRSMH_E_1987_018_001_002_01.wav;CNRSMH_E_1987_018_001_
items/2015/04/28/CNRSMH_E_1987_018_001/CNRSMH_E_1987_018_001_002_02.wav;CNRSMH_E_1987_018_001_
items/2015/04/28/CNRSMH_E_1987_018_001/CNRSMH_E_1987_018_001_002_03.wav;CNRSMH_E_1987_018_001_
items/2015/04/28/CNRSMH_E_1987_018_001/CNRSMH_E_1987_018_001_002_04.wav;CNRSMH_E_1987_018_001_
items/2015/04/28/CNRSMH_E_1987_018_001/CNRSMH_E_1987_018_001_002_05.wav;CNRSMH_E_1987_018_001_
items/2015/04/28/CNRSMH_E_1987_018_001/CNRSMH_E_1987_018_001_002_06.wav;CNRSMH_E_1987_018_001_
items/2015/04/28/CNRSMH_E_1987_018_001/CNRSMH_E_1987_018_001_002_07.wav;CNRSMH_E_1987_018_001_
items/2015/04/28/CNRSMH_E_1987_018_001/CNRSMH_E_1987_018_001_002_08.wav;CNRSMH_E_1987_018_001_
items/2015/04/28/CNRSMH_E_1987_018_001/CNRSMH_E_1987_018_001_003_01.wav;CNRSMH_E_1987_018_001_
items/2015/04/28/CNRSMH_E_1987_018_001/CNRSMH_E_1987_018_001_003_02.wav;CNRSMH_E_1987_018_001_
items/2015/04/28/CNRSMH_E_1987_018_001/CNRSMH_E_1987_018_001_003_03.wav;CNRSMH_E_1987_018_001_
items/2015/04/28/CNRSMH_E_1987_018_001/CNRSMH_E_1987_018_001_003_04.wav;CNRSMH_E_1987_018_001_
items/2015/04/28/CNRSMH_E_1987_018_001/CNRSMH_E_1987_018_001_003_05.wav;CNRSMH_E_1987_018_001_
items/2015/04/28/CNRSMH_E_1987_018_001/CNRSMH_E_1987_018_001_003_06.wav;CNRSMH_E_1987_018_001_
items/2015/04/28/CNRSMH_E_1987_018_001/CNRSMH_E_1987_018_001_003_07.wav;CNRSMH_E_1987_018_001_
items/2015/04/28/CNRSMH_E_1987_018_001/CNRSMH_E_1987_018_001_003_08.wav;CNRSMH_E_1987_018_001_
items/2015/04/28/CNRSMH_E_1987_018_001/CNRSMH_E_1987_018_001_003_09.wav;CNRSMH_E_1987_018_001_
items/2015/04/28/CNRSMH_E_1994_028_001/CNRSMH_E_1994_028_001_01.wav;CNRSMH_E_1994_028_001_
items/2015/04/28/CNRSMH_E_1994_028_001/CNRSMH_E_1994_028_001_02.wav;CNRSMH_E_1994_028_001_
items/2015/04/28/CNRSMH_E_1994_028_001/CNRSMH_E_1994_028_001_03.wav;CNRSMH_E_1994_028_001_
items/2015/04/28/CNRSMH_E_1994_028_001/CNRSMH_E_1994_028_001_04.wav;CNRSMH_E_1994_028_001_
items/2015/04/28/CNRSMH_E_1994_028_001/CNRSMH_E_1994_028_001_05.wav;CNRSMH_E_1994_028_001_
items/2015/04/28/CNRSMH_E_1994_028_001/CNRSMH_E_1994_028_001_06.wav;CNRSMH_E_1994_028_001_
items/2015/04/28/CNRSMH_E_1994_028_001/CNRSMH_E_1994_028_001_07.wav;CNRSMH_E_1994_028_001_
items/2015/04/28/CNRSMH_E_1994_028_001/CNRSMH_E_1994_028_001_08.wav;CNRSMH_E_1994_028_001_
items/2015/04/28/CNRSMH_E_1994_028_001/CNRSMH_E_1994_028_001_09.wav;CNRSMH_E_1994_028_001_
items/2015/04/28/CNRSMH_E_1994_028_001/CNRSMH_E_1994_028_001_10.wav;CNRSMH_E_1994_028_001_
items/2015/04/28/CNRSMH_E_1994_028_001/CNRSMH_E_1994_028_001_11.wav;CNRSMH_E_1994_028_001_
items/2015/04/28/CNRSMH_E_1994_028_001/CNRSMH_E_1994_028_001_12.wav;CNRSMH_E_1994_028_001_
items/2015/04/28/CNRSMH_E_1994_028_001/CNRSMH_E_1994_028_001_13.wav;CNRSMH_E_1994_028_001_
items/2015/04/28/CNRSMH_E_1994_028_001/CNRSMH_E_1994_028_001_14.wav;CNRSMH_E_1994_028_001_
items/2015/04/28/CNRSMH_E_1994_028_001/CNRSMH_E_1994_028_001_15.wav;CNRSMH_E_1994_028_001_
items/2015/04/28/CNRSMH_E_1994_028_001/CNRSMH_E_1994_028_001_16.wav;CNRSMH_E_1994_028_001_
items/2015/04/28/CNRSMH_E_1994_028_001/CNRSMH_E_1994_028_001_17.wav;CNRSMH_E_1994_028_001_
items/2015/04/28/CNRSMH_E_1994_028_001/CNRSMH_E_1994_028_001_18.wav;CNRSMH_E_1994_028_001_
items/2015/04/28/CNRSMH_E_1994_028_001/CNRSMH_E_1994_028_001_19.wav;CNRSMH_E_1994_028_001_
items/2015/04/28/CNRSMH_E_1994_028_001/CNRSMH_E_1994_028_001_20.wav;CNRSMH_E_1994_028_001_
items/2015/04/28/CNRSMH_E_1994_028_001/CNRSMH_E_1994_028_001_21.wav;CNRSMH_E_1994_028_001_
items/2015/04/28/CNRSMH_E_1994_028_001/CNRSMH_E_1994_028_001_22.wav;CNRSMH_E_1994_028_001_
items/2015/04/28/CNRSMH_E_1994_028_001/CNRSMH_E_1994_028_001_23.wav;CNRSMH_E_1994_028_001_
items/2015/04/28/CNRSMH_E_1994_028_001/CNRSMH_E_1994_028_001_24.wav;CNRSMH_E_1994_028_001_
items/2015/04/28/CNRSMH_E_1994_028_001/CNRSMH_E_1994_028_001_25.wav;CNRSMH_E_1994_028_001_
items/2015/05/11/CNRSMH_E_2015_013_001_01.WAV;CNRSMH_E_2015_013_001_
items/2015/07/07/CNRSMH_E_1932_001_165_01.wav;CNRSMH_E_1932_001_165_
items/2015/07/07/CNRSMH_E_1932_001_165_02.wav;CNRSMH_E_1932_001_165_
items/2015/07/07/CNRSMH_E_1932_001_166_01.wav;CNRSMH_E_1932_001_166_
items/2015/07/07/CNRSMH_E_1932_001_166_02.wav;CNRSMH_E_1932_001_166_
items/2015/07/16/CNRSMH_E_1965_008_003_001_01.wav;CNRSMH_E_1965_008_003_
items/2015/07/16/CNRSMH_E_1971_004_001_06.wav;CNRSMH_E_1971_004_001_
items/2015/07/21/CNRSMH_E_1955_016_002_001_05.wav;CNRSMH_E_1955_016_002_
items/2015/07/21/CNRSMH_E_1955_016_002_001_15.wav;CNRSMH_E_1955_016_002_
items/2015/07/21/CNRSMH_E_1955_016_002_001_16.wav;CNRSMH_E_1955_016_002_
items/2015/07/21/CNRSMH_E_1955_016_002_001_17.wav;CNRSMH_E_1955_016_002_
items/2015/07/21/CNRSMH_E_1955_016_002_001_18.wav;CNRSMH_E_1955_016_002_
items/2015/07/21/CNRSMH_E_1955_016_002_001_19.wav;CNRSMH_E_1955_016_002_
items/2015/07/21/CNRSMH_E_1962_001_001_01.wav;CNRSMH_E_1962_001_001_
items/2015/07/21/CNRSMH_E_1962_001_001_02.wav;CNRSMH_E_1962_001_001_
items/2015/07/21/CNRSMH_E_1962_001_001_03.wav;CNRSMH_E_1962_001_001_
items/2015/07/21/CNRSMH_E_1962_001_001_04.wav;CNRSMH_E_1962_001_001_
items/2015/07/21/CNRSMH_E_1962_001_001_05.wav;CNRSMH_E_1962_001_001_
items/2015/07/21/CNRSMH_E_1962_001_001_06.wav;CNRSMH_E_1962_001_001_
items/2015/07/21/CNRSMH_E_1962_001_001_07.wav;CNRSMH_E_1962_001_001_
items/2015/07/21/CNRSMH_E_1962_001_001_08.wav;CNRSMH_E_1962_001_001_
items/2015/07/21/CNRSMH_E_1962_001_001_09.wav;CNRSMH_E_1962_001_001_
items/2015/07/21/CNRSMH_E_1962_001_001_10.wav;CNRSMH_E_1962_001_001_
items/2015/07/21/CNRSMH_E_1962_001_001_11.wav;CNRSMH_E_1962_001_001_
items/2015/07/21/CNRSMH_E_1965_008_003_001_02.wav;CNRSMH_E_1965_008_003_
items/2015/07/21/CNRSMH_E_1965_008_003_001_03.wav;CNRSMH_E_1965_008_003_
items/2015/07/21/CNRSMH_E_1965_008_003_001_04.wav;CNRSMH_E_1965_008_003_
items/2015/07/21/CNRSMH_E_1965_008_003_001_05.wav;CNRSMH_E_1965_008_003_
items/2015/07/21/CNRSMH_E_1965_008_003_001_06.wav;CNRSMH_E_1965_008_003_
items/2015/07/21/CNRSMH_E_1965_008_003_001_07.wav;CNRSMH_E_1965_008_003_
items/2015/07/21/CNRSMH_E_1965_008_003_001_08.wav;CNRSMH_E_1965_008_003_
items/2015/07/21/CNRSMH_E_1965_008_003_001_09.wav;CNRSMH_E_1965_008_003_
items/2015/07/21/CNRSMH_E_1965_008_003_001_10.wav;CNRSMH_E_1965_008_003_
items/2015/07/21/CNRSMH_E_1971_004_001_01.wav;CNRSMH_E_1971_004_001_
items/2015/07/21/CNRSMH_E_1971_004_001_05.wav;CNRSMH_E_1971_004_001_
items/2015/07/21/CNRSMH_E_1971_004_001_07.wav;CNRSMH_E_1971_004_001_
items/2015/07/21/CNRSMH_E_1971_004_001_08.wav;CNRSMH_E_1971_004_001_
items/2015/07/21/CNRSMH_E_1971_004_001_09.wav;CNRSMH_E_1971_004_001_
items/2015/07/21/CNRSMH_E_1971_004_001_10.wav;CNRSMH_E_1971_004_001_
items/2015/07/21/CNRSMH_E_2000_010_001_01.wav;CNRSMH_E_2000_010_001_
items/2015/07/21/CNRSMH_E_2000_010_001_02.wav;CNRSMH_E_2000_010_001_
items/2015/07/21/CNRSMH_E_2000_010_001_03.wav;CNRSMH_E_2000_010_001_
items/2015/07/21/CNRSMH_E_2000_010_001_04.wav;CNRSMH_E_2000_010_001_
items/2015/07/21/CNRSMH_E_2000_010_001_05.wav;CNRSMH_E_2000_010_001_
items/2015/07/21/CNRSMH_E_2000_010_001_06.wav;CNRSMH_E_2000_010_001_
items/2015/07/21/CNRSMH_E_2000_010_001_07.wav;CNRSMH_E_2000_010_001_
items/2015/07/29/CNRSMH_E_1990_014_006_10.wav;CNRSMH_E_1990_014_006_
items/2015/07/29/CNRSMH_E_1990_014_006_11.wav;CNRSMH_E_1990_014_006_
items/2015/12/10/CNRSMH_E_2015_051_001_03.wav;CNRSMH_E_2015_051_001_
items/2015/12/10/CNRSMH_E_2015_051_001_05.wav;CNRSMH_E_2015_051_001_
items/2015/12/16/CNRSMH_E_2015_051_001_02.mp4;CNRSMH_E_2015_051_001_
items/2015/12/16/CNRSMH_E_2015_051_001_04.mp4;CNRSMH_E_2015_051_001_
items/2015/12/17/CNRSMH_E_2015_051_001_01_30bJMsA.mp4;CNRSMH_E_2015_051_001_
items/2016/03/05/new/CNRSMH_E_1955_016_002/CNRSMH_E_1955_016_002_001_01.wav;CNRSMH_E_1955_016_002_
items/2016/03/05/new/CNRSMH_E_1955_016_002/CNRSMH_E_1955_016_002_001_02.wav;CNRSMH_E_1955_016_002_
items/2016/03/05/new/CNRSMH_E_1955_016_002/CNRSMH_E_1955_016_002_001_03.wav;CNRSMH_E_1955_016_002_
items/2016/03/05/new/CNRSMH_E_1955_016_002/CNRSMH_E_1955_016_002_001_04.wav;CNRSMH_E_1955_016_002_
items/2016/03/05/new/CNRSMH_E_1955_016_002/CNRSMH_E_1955_016_002_001_06.wav;CNRSMH_E_1955_016_002_
items/2016/03/05/new/CNRSMH_E_1955_016_002/CNRSMH_E_1955_016_002_001_07.wav;CNRSMH_E_1955_016_002_
items/2016/03/05/new/CNRSMH_E_1955_016_002/CNRSMH_E_1955_016_002_001_08.wav;CNRSMH_E_1955_016_002_
items/2016/03/05/new/CNRSMH_E_1955_016_002/CNRSMH_E_1955_016_002_001_09.wav;CNRSMH_E_1955_016_002_
items/2016/03/05/new/CNRSMH_E_1955_016_002/CNRSMH_E_1955_016_002_001_10.wav;CNRSMH_E_1955_016_002_
items/2016/03/05/new/CNRSMH_E_1955_016_002/CNRSMH_E_1955_016_002_001_11.wav;CNRSMH_E_1955_016_002_
items/2016/03/05/new/CNRSMH_E_1955_016_002/CNRSMH_E_1955_016_002_001_12.wav;CNRSMH_E_1955_016_002_
items/2016/03/05/new/CNRSMH_E_1955_016_002/CNRSMH_E_1955_016_002_001_13.wav;CNRSMH_E_1955_016_002_
items/2016/03/05/new/CNRSMH_E_1955_016_002/CNRSMH_E_1955_016_002_001_14.wav;CNRSMH_E_1955_016_002_
items/2016/03/05/new/CNRSMH_E_1955_016_002/CNRSMH_E_1955_016_002_001_20.wav;CNRSMH_E_1955_016_002_
items/2016/03/05/new/CNRSMH_E_1955_016_002/CNRSMH_E_1955_016_002_001_21.wav;CNRSMH_E_1955_016_002_
items/2016/03/05/new/CNRSMH_E_1955_016_002/CNRSMH_E_1955_016_002_001_22.wav;CNRSMH_E_1955_016_002_
items/2016/03/05/new/CNRSMH_E_1955_016_002/CNRSMH_E_1955_016_002_001_23.wav;CNRSMH_E_1955_016_002_
items/2016/03/05/new/CNRSMH_E_1955_016_002/CNRSMH_E_1955_016_002_001_24.wav;CNRSMH_E_1955_016_002_
items/2016/03/05/new/CNRSMH_E_1955_016_002/CNRSMH_E_1955_016_002_001_25.wav;CNRSMH_E_1955_016_002_
items/2016/03/05/new/CNRSMH_E_1955_016_002/CNRSMH_E_1955_016_002_001_26.wav;CNRSMH_E_1955_016_002_
items/2016/03/05/new/CNRSMH_E_1955_016_002/CNRSMH_E_1955_016_002_001_27.wav;CNRSMH_E_1955_016_002_
items/2016/03/05/new/CNRSMH_E_1955_016_002/CNRSMH_E_1955_016_002_001_28.wav;CNRSMH_E_1955_016_002_
items/2016/03/05/new/CNRSMH_E_1955_016_002/CNRSMH_E_1955_016_002_001_29.wav;CNRSMH_E_1955_016_002_
items/2016/03/05/new/CNRSMH_E_1955_016_002/CNRSMH_E_1955_016_002_001_30.wav;CNRSMH_E_1955_016_002_
items/2016/03/05/new/CNRSMH_E_1955_016_002/CNRSMH_E_1955_016_002_001_31.wav;CNRSMH_E_1955_016_002_
items/2016/03/05/new/CNRSMH_E_1955_016_002/CNRSMH_E_1955_016_002_001_32.wav;CNRSMH_E_1955_016_002_
items/2016/03/05/new/CNRSMH_E_1955_016_002/CNRSMH_E_1955_016_002_001_33.wav;CNRSMH_E_1955_016_002_
items/2016/03/05/new/CNRSMH_E_1955_016_002/CNRSMH_E_1955_016_002_001_34.wav;CNRSMH_E_1955_016_002_
items/2016/03/05/new/CNRSMH_E_1955_016_002/CNRSMH_E_1955_016_002_001_35.wav;CNRSMH_E_1955_016_002_
items/2016/03/05/new/CNRSMH_E_1955_016_002/CNRSMH_E_1955_016_002_001_36.wav;CNRSMH_E_1955_016_002_
items/2016/03/05/new/CNRSMH_E_1955_016_002/CNRSMH_E_1955_016_002_001_37.wav;CNRSMH_E_1955_016_002_
items/2016/03/05/new/CNRSMH_E_1955_016_002/CNRSMH_E_1955_016_002_001_38.wav;CNRSMH_E_1955_016_002_
items/2016/03/05/new/CNRSMH_E_1957_022_001/CNRSMH_E_1957_022_001_01.wav;CNRSMH_E_1957_022_001_
items/2016/03/05/new/CNRSMH_E_1957_022_001/CNRSMH_E_1957_022_001_02.wav;CNRSMH_E_1957_022_001_
items/2016/03/05/new/CNRSMH_E_1957_022_001/CNRSMH_E_1957_022_001_03.wav;CNRSMH_E_1957_022_001_
items/2016/03/05/new/CNRSMH_E_1957_022_001/CNRSMH_E_1957_022_001_04.wav;CNRSMH_E_1957_022_001_
items/2016/03/05/new/CNRSMH_E_1957_022_001/CNRSMH_E_1957_022_001_05.wav;CNRSMH_E_1957_022_001_
items/2016/03/05/new/CNRSMH_E_1957_022_001/CNRSMH_E_1957_022_001_06.wav;CNRSMH_E_1957_022_001_
items/2016/03/05/new/CNRSMH_E_1957_022_001/CNRSMH_E_1957_022_001_07.wav;CNRSMH_E_1957_022_001_
items/2016/03/05/new/CNRSMH_E_1957_022_001/CNRSMH_E_1957_022_001_08.wav;CNRSMH_E_1957_022_001_
items/2016/03/05/new/CNRSMH_E_1957_022_001/CNRSMH_E_1957_022_001_09.wav;CNRSMH_E_1957_022_001_
items/2016/03/05/new/CNRSMH_E_2000_030_001/CNRSMH_E_2000_030_001_01.wav;CNRSMH_E_2000_030_001_
items/2016/03/05/new/CNRSMH_E_2000_030_001/CNRSMH_E_2000_030_001_02.wav;CNRSMH_E_2000_030_001_
items/2016/03/05/new/CNRSMH_E_2000_030_001/CNRSMH_E_2000_030_001_03.wav;CNRSMH_E_2000_030_001_
items/2016/03/05/new/CNRSMH_E_2000_030_001/CNRSMH_E_2000_030_001_04.wav;CNRSMH_E_2000_030_001_
items/2016/03/05/new/CNRSMH_E_2000_030_001/CNRSMH_E_2000_030_001_05.wav;CNRSMH_E_2000_030_001_
items/2016/03/05/new/CNRSMH_E_2000_030_001/CNRSMH_E_2000_030_001_06.wav;CNRSMH_E_2000_030_001_
items/2016/03/05/new/CNRSMH_E_2000_030_001/CNRSMH_E_2000_030_001_07.wav;CNRSMH_E_2000_030_001_
items/2016/03/05/new/CNRSMH_E_2000_030_001/CNRSMH_E_2000_030_001_08.wav;CNRSMH_E_2000_030_001_
items/2016/03/05/new/CNRSMH_E_2000_030_001/CNRSMH_E_2000_030_001_09.wav;CNRSMH_E_2000_030_001_
items/2016/03/05/new/CNRSMH_E_2000_030_001/CNRSMH_E_2000_030_001_10.wav;CNRSMH_E_2000_030_001_
items/2016/03/05/new/CNRSMH_E_2000_030_001/CNRSMH_E_2000_030_001_11.wav;CNRSMH_E_2000_030_001_
items/2016/03/05/new/CNRSMH_E_2000_030_001/CNRSMH_E_2000_030_001_12.wav;CNRSMH_E_2000_030_001_
items/2016/03/05/new/CNRSMH_E_2000_030_001/CNRSMH_E_2000_030_001_13.wav;CNRSMH_E_2000_030_001_
items/2016/03/05/new/CNRSMH_E_2000_030_001/CNRSMH_E_2000_030_001_14.wav;CNRSMH_E_2000_030_001_
items/2016/03/05/new/CNRSMH_E_2000_030_001/CNRSMH_E_2000_030_001_15.wav;CNRSMH_E_2000_030_001_
items/2016/03/05/new/CNRSMH_E_2000_030_001/CNRSMH_E_2000_030_001_16.wav;CNRSMH_E_2000_030_001_
items/2016/03/05/new/CNRSMH_E_2003_015_001/CNRSMH_E_2003_015_001_001_01.wav;CNRSMH_E_2003_015_001_
items/2016/03/05/new/CNRSMH_E_2003_015_001/CNRSMH_E_2003_015_001_001_02.wav;CNRSMH_E_2003_015_001_
items/2016/03/05/new/CNRSMH_E_2003_015_001/CNRSMH_E_2003_015_001_001_03.wav;CNRSMH_E_2003_015_001_
items/2016/03/05/new/CNRSMH_E_2003_015_001/CNRSMH_E_2003_015_001_001_04.wav;CNRSMH_E_2003_015_001_
items/2016/03/05/new/CNRSMH_E_2003_015_001/CNRSMH_E_2003_015_001_001_05.wav;CNRSMH_E_2003_015_001_
items/2016/03/05/new/CNRSMH_E_2003_015_001/CNRSMH_E_2003_015_001_001_06.wav;CNRSMH_E_2003_015_001_
items/2016/03/05/new/CNRSMH_E_2003_015_001/CNRSMH_E_2003_015_001_001_07.wav;CNRSMH_E_2003_015_001_
items/2016/03/05/new/CNRSMH_E_2003_015_001/CNRSMH_E_2003_015_001_001_08.wav;CNRSMH_E_2003_015_001_
items/2016/03/05/new/CNRSMH_E_2003_015_001/CNRSMH_E_2003_015_001_001_09.wav;CNRSMH_E_2003_015_001_
items/2016/03/05/new/CNRSMH_E_2003_015_001/CNRSMH_E_2003_015_001_001_10.wav;CNRSMH_E_2003_015_001_
items/2016/03/05/new/CNRSMH_E_2003_015_001/CNRSMH_E_2003_015_001_001_11.wav;CNRSMH_E_2003_015_001_
items/2016/03/05/new/CNRSMH_E_2003_015_001/CNRSMH_E_2003_015_001_001_12.wav;CNRSMH_E_2003_015_001_
items/2016/03/05/new/CNRSMH_E_2003_015_001/CNRSMH_E_2003_015_001_001_13.wav;CNRSMH_E_2003_015_001_
items/2016/03/05/new/CNRSMH_E_2003_015_001/CNRSMH_E_2003_015_001_001_14.wav;CNRSMH_E_2003_015_001_
items/2016/03/05/new/CNRSMH_E_2003_015_001/CNRSMH_E_2003_015_001_001_15.wav;CNRSMH_E_2003_015_001_
items/2016/03/05/new/CNRSMH_E_2003_015_001/CNRSMH_E_2003_015_001_001_16.wav;CNRSMH_E_2003_015_001_
items/2016/03/05/new/CNRSMH_E_2003_015_001/CNRSMH_E_2003_015_001_001_17.wav;CNRSMH_E_2003_015_001_
items/2016/03/05/new/CNRSMH_E_2003_015_001/CNRSMH_E_2003_015_001_001_18.wav;CNRSMH_E_2003_015_001_
items/2016/03/05/new/CNRSMH_E_2003_015_001/CNRSMH_E_2003_015_001_001_19.wav;CNRSMH_E_2003_015_001_
items/2016/03/05/new/CNRSMH_E_2003_015_001/CNRSMH_E_2003_015_001_001_20.wav;CNRSMH_E_2003_015_001_
items/2016/03/05/new/CNRSMH_E_2003_015_001/CNRSMH_E_2003_015_001_001_21.wav;CNRSMH_E_2003_015_001_
items/2016/03/05/new/CNRSMH_E_2003_015_001/CNRSMH_E_2003_015_001_001_22.wav;CNRSMH_E_2003_015_001_
items/2016/03/05/new/CNRSMH_E_2003_015_001/CNRSMH_E_2003_015_001_001_23.wav;CNRSMH_E_2003_015_001_
items/2016/03/05/new/CNRSMH_E_2011_005_029/CNRSMH_E_2011_005_029_01.wav;CNRSMH_E_2011_005_029_
items/2016/03/05/new/CNRSMH_E_2011_005_029/CNRSMH_E_2011_005_029_02.wav;CNRSMH_E_2011_005_029_
items/2016/03/05/new/CNRSMH_E_2011_005_029/CNRSMH_E_2011_005_029_03.wav;CNRSMH_E_2011_005_029_
items/2016/03/05/new/CNRSMH_E_2011_005_029/CNRSMH_E_2011_005_029_04.wav;CNRSMH_E_2011_005_029_
items/2016/03/05/new/CNRSMH_E_2011_005_029/CNRSMH_E_2011_005_029_05.wav;CNRSMH_E_2011_005_029_
items/2016/03/05/new/CNRSMH_E_2011_005_029/CNRSMH_E_2011_005_029_06.wav;CNRSMH_E_2011_005_029_
items/2016/03/05/new/CNRSMH_E_2011_005_029/CNRSMH_E_2011_005_029_07.wav;CNRSMH_E_2011_005_029_
items/2016/03/05/new/CNRSMH_E_2011_005_029/CNRSMH_E_2011_005_029_08.wav;CNRSMH_E_2011_005_029_
items/2016/03/05/new/CNRSMH_E_2011_005_029/CNRSMH_E_2011_005_029_09.wav;CNRSMH_E_2011_005_029_
items/2016/03/05/new/CNRSMH_E_2011_005_029/CNRSMH_E_2011_005_029_10.wav;CNRSMH_E_2011_005_029_
items/2016/03/05/new/CNRSMH_E_2011_005_030/CNRSMH_E_2011_005_030_01.wav;CNRSMH_E_2011_005_030_
items/2016/03/05/new/CNRSMH_E_2011_005_030/CNRSMH_E_2011_005_030_02.wav;CNRSMH_E_2011_005_030_
items/2016/03/05/new/CNRSMH_E_2011_005_030/CNRSMH_E_2011_005_030_03.wav;CNRSMH_E_2011_005_030_
items/2016/03/05/new/CNRSMH_E_2011_005_030/CNRSMH_E_2011_005_030_04.wav;CNRSMH_E_2011_005_030_
items/2016/03/05/new/CNRSMH_E_2011_005_030/CNRSMH_E_2011_005_030_05.wav;CNRSMH_E_2011_005_030_
items/2016/03/05/new/CNRSMH_E_2011_005_030/CNRSMH_E_2011_005_030_06.wav;CNRSMH_E_2011_005_030_
items/2016/03/05/new/CNRSMH_E_2011_005_030/CNRSMH_E_2011_005_030_07.wav;CNRSMH_E_2011_005_030_
items/2016/03/05/new/CNRSMH_E_2011_005_030/CNRSMH_E_2011_005_030_08.wav;CNRSMH_E_2011_005_030_
items/2016/03/05/new/CNRSMH_E_2011_005_030/CNRSMH_E_2011_005_030_09.wav;CNRSMH_E_2011_005_030_
items/2016/03/05/new/CNRSMH_E_2011_005_030/CNRSMH_E_2011_005_030_10.wav;CNRSMH_E_2011_005_030_
items/2016/03/05/new/CNRSMH_E_2011_026_024/CNRSMH_E_2011_026_024_01.wav;CNRSMH_E_2011_026_024_
items/2016/03/05/new/CNRSMH_E_2011_026_024/CNRSMH_E_2011_026_024_02.wav;CNRSMH_E_2011_026_024_
items/2016/03/05/new/CNRSMH_E_2011_026_024/CNRSMH_E_2011_026_024_03.wav;CNRSMH_E_2011_026_024_
items/2016/03/05/new/CNRSMH_E_2011_026_024/CNRSMH_E_2011_026_024_04.wav;CNRSMH_E_2011_026_024_
items/2016/03/05/new/CNRSMH_E_2011_026_024/CNRSMH_E_2011_026_024_05.wav;CNRSMH_E_2011_026_024_
items/2016/03/05/new/CNRSMH_E_2011_026_024/CNRSMH_E_2011_026_024_06.wav;CNRSMH_E_2011_026_024_
items/2016/03/05/new/CNRSMH_E_2011_026_024/CNRSMH_E_2011_026_024_07.wav;CNRSMH_E_2011_026_024_
items/2016/03/05/new/CNRSMH_E_2011_026_024/CNRSMH_E_2011_026_024_08.wav;CNRSMH_E_2011_026_024_
items/2016/03/05/new/CNRSMH_E_2011_026_024/CNRSMH_E_2011_026_024_09.wav;CNRSMH_E_2011_026_024_
items/2016/03/05/new/CNRSMH_E_2011_026_024/CNRSMH_E_2011_026_024_10.wav;CNRSMH_E_2011_026_024_
items/2016/03/05/new/CNRSMH_E_2011_026_025/CNRSMH_E_2011_026_025_01.wav;CNRSMH_E_2011_026_025_
items/2016/03/05/new/CNRSMH_E_2011_026_025/CNRSMH_E_2011_026_025_02.wav;CNRSMH_E_2011_026_025_
items/2016/03/05/new/CNRSMH_E_2011_026_025/CNRSMH_E_2011_026_025_03.wav;CNRSMH_E_2011_026_025_
items/2016/03/05/new/CNRSMH_E_2011_026_025/CNRSMH_E_2011_026_025_04.wav;CNRSMH_E_2011_026_025_
items/2016/03/05/new/CNRSMH_E_2011_026_025/CNRSMH_E_2011_026_025_05.wav;CNRSMH_E_2011_026_025_
items/2016/03/05/new/CNRSMH_E_2011_026_025/CNRSMH_E_2011_026_025_06.wav;CNRSMH_E_2011_026_025_
items/2016/03/05/new/CNRSMH_E_2011_026_025/CNRSMH_E_2011_026_025_07.wav;CNRSMH_E_2011_026_025_
items/2016/03/05/new/CNRSMH_E_2011_026_025/CNRSMH_E_2011_026_025_08.wav;CNRSMH_E_2011_026_025_
items/2016/03/05/new/CNRSMH_E_2011_026_025/CNRSMH_E_2011_026_025_09.wav;CNRSMH_E_2011_026_025_
items/2016/03/05/new/CNRSMH_E_2011_026_025/CNRSMH_E_2011_026_025_10.wav;CNRSMH_E_2011_026_025_
items/2016/03/05/new/CNRSMH_E_2011_026_059/CNRSMH_E_2011_026_059_01.wav;CNRSMH_E_2011_026_059_
items/2016/03/05/new/CNRSMH_E_2011_026_059/CNRSMH_E_2011_026_059_02.wav;CNRSMH_E_2011_026_059_
items/2016/03/05/new/CNRSMH_E_2011_026_059/CNRSMH_E_2011_026_059_03.wav;CNRSMH_E_2011_026_059_
items/2016/03/05/new/CNRSMH_E_2011_026_059/CNRSMH_E_2011_026_059_04.wav;CNRSMH_E_2011_026_059_
items/2016/03/05/new/CNRSMH_E_2011_026_059/CNRSMH_E_2011_026_059_05.wav;CNRSMH_E_2011_026_059_
items/2016/03/05/new/CNRSMH_E_2011_026_059/CNRSMH_E_2011_026_059_06.wav;CNRSMH_E_2011_026_059_
items/2016/03/05/new/CNRSMH_E_2011_026_059/CNRSMH_E_2011_026_059_07.wav;CNRSMH_E_2011_026_059_
items/2016/03/05/new/CNRSMH_E_2011_026_059/CNRSMH_E_2011_026_059_08.wav;CNRSMH_E_2011_026_059_
items/2016/03/05/old/CNRSMH_E_2003_020_001/CNRSMH_E_2003_020_001_001_01.wav;CNRSMH_E_2003_020_001_
items/2016/03/05/old/CNRSMH_E_2003_020_001/CNRSMH_E_2003_020_001_001_02.wav;CNRSMH_E_2003_020_001_
items/2016/03/05/old/CNRSMH_E_2003_020_001/CNRSMH_E_2003_020_001_001_03.wav;CNRSMH_E_2003_020_001_
items/2016/03/05/old/CNRSMH_E_2003_020_001/CNRSMH_E_2003_020_001_001_04.wav;CNRSMH_E_2003_020_001_
items/2016/03/05/old/CNRSMH_E_2003_020_001/CNRSMH_E_2003_020_001_001_05.wav;CNRSMH_E_2003_020_001_
items/2016/03/05/old/CNRSMH_E_2003_020_001/CNRSMH_E_2003_020_001_001_06.wav;CNRSMH_E_2003_020_001_
items/2016/03/05/old/CNRSMH_E_2003_020_001/CNRSMH_E_2003_020_001_001_07.wav;CNRSMH_E_2003_020_001_
items/2016/03/05/old/CNRSMH_E_2003_020_001/CNRSMH_E_2003_020_001_001_08.wav;CNRSMH_E_2003_020_001_
items/2016/03/05/old/CNRSMH_E_2003_020_001/CNRSMH_E_2003_020_001_001_09.wav;CNRSMH_E_2003_020_001_
items/2016/03/05/old/CNRSMH_E_2003_020_001/CNRSMH_E_2003_020_001_001_10.wav;CNRSMH_E_2003_020_001_
items/2016/03/05/old/CNRSMH_E_2003_020_001/CNRSMH_E_2003_020_001_001_11.wav;CNRSMH_E_2003_020_001_
items/2016/03/05/old/CNRSMH_E_2003_020_001/CNRSMH_E_2003_020_001_001_12.wav;CNRSMH_E_2003_020_001_
items/2016/03/05/old/CNRSMH_E_2003_020_001/CNRSMH_E_2003_020_001_001_13.wav;CNRSMH_E_2003_020_001_
items/2016/03/05/old/CNRSMH_E_2003_020_001/CNRSMH_E_2003_020_001_001_14.wav;CNRSMH_E_2003_020_001_
items/2016/03/05/old/CNRSMH_E_2003_020_001/CNRSMH_E_2003_020_001_001_15.wav;CNRSMH_E_2003_020_001_
items/2016/03/05/old/CNRSMH_E_2003_020_001/CNRSMH_E_2003_020_001_001_16.wav;CNRSMH_E_2003_020_001_
items/2016/03/05/old/CNRSMH_E_2003_020_001/CNRSMH_E_2003_020_001_001_17.wav;CNRSMH_E_2003_020_001_
items/2016/03/05/old/CNRSMH_E_2003_020_001/CNRSMH_E_2003_020_001_001_18.wav;CNRSMH_E_2003_020_001_
items/2016/03/07/CNRSMH_E_2011_026_026_001.wav;CNRSMH_E_2011_026_026_
items/2016/03/07/CNRSMH_E_2011_026_026_002.wav;CNRSMH_E_2011_026_026_
items/2016/03/07/CNRSMH_E_2011_026_026_003.wav;CNRSMH_E_2011_026_026_
items/2016/03/07/CNRSMH_E_2011_026_026_004.wav;CNRSMH_E_2011_026_026_
items/2016/03/07/CNRSMH_E_2011_026_026_005.wav;CNRSMH_E_2011_026_026_
items/2016/03/07/CNRSMH_E_2011_026_026_006.wav;CNRSMH_E_2011_026_026_
items/2016/03/07/CNRSMH_E_2011_026_026_007.wav;CNRSMH_E_2011_026_026_
items/2016/03/07/CNRSMH_E_2011_026_026_008.wav;CNRSMH_E_2011_026_026_
items/2016/03/07/CNRSMH_E_2011_026_026_009.wav;CNRSMH_E_2011_026_026_
items/2016/03/07/CNRSMH_E_2011_026_026_010.wav;CNRSMH_E_2011_026_026_
items/2016/03/07/CNRSMH_E_2011_026_026_011.wav;CNRSMH_E_2011_026_026_
items/2016/03/07/CNRSMH_E_2011_026_026_012.wav;CNRSMH_E_2011_026_026_
items/2016/03/07/CNRSMH_E_2011_026_027_001.wav;CNRSMH_E_2011_026_027_
items/2016/03/07/CNRSMH_E_2011_026_027_002.wav;CNRSMH_E_2011_026_027_
items/2016/03/07/CNRSMH_E_2011_026_027_003.wav;CNRSMH_E_2011_026_027_
items/2016/03/07/CNRSMH_E_2011_026_027_004.wav;CNRSMH_E_2011_026_027_
items/2016/03/07/CNRSMH_E_2011_026_027_005.wav;CNRSMH_E_2011_026_027_
items/2016/03/07/CNRSMH_E_2011_026_027_006.wav;CNRSMH_E_2011_026_027_
items/2016/03/07/CNRSMH_E_2011_026_027_007.wav;CNRSMH_E_2011_026_027_
items/2016/03/07/CNRSMH_E_2011_026_027_008.wav;CNRSMH_E_2011_026_027_
items/2016/03/07/CNRSMH_E_2011_026_027_009.wav;CNRSMH_E_2011_026_027_
items/2016/03/07/CNRSMH_E_2011_026_027_010.wav;CNRSMH_E_2011_026_027_
items/2016/03/07/CNRSMH_E_2011_026_028_001.wav;CNRSMH_E_2011_026_028_
items/2016/03/07/CNRSMH_E_2011_026_028_002.wav;CNRSMH_E_2011_026_028_
items/2016/03/07/CNRSMH_E_2011_026_028_003.wav;CNRSMH_E_2011_026_028_
items/2016/03/07/CNRSMH_E_2011_026_028_004.wav;CNRSMH_E_2011_026_028_
items/2016/03/07/CNRSMH_E_2011_026_028_005.wav;CNRSMH_E_2011_026_028_
items/2016/03/07/CNRSMH_E_2011_026_028_006.wav;CNRSMH_E_2011_026_028_
items/2016/03/07/CNRSMH_E_2011_026_028_007.wav;CNRSMH_E_2011_026_028_
items/2016/03/07/CNRSMH_E_2011_026_028_008.wav;CNRSMH_E_2011_026_028_
items/2016/03/07/CNRSMH_E_2011_026_028_009.wav;CNRSMH_E_2011_026_028_
items/2016/03/07/CNRSMH_E_2011_026_028_010.wav;CNRSMH_E_2011_026_028_
items/2016/03/07/CNRSMH_E_2011_026_029_001.wav;CNRSMH_E_2011_026_029_
items/2016/03/07/CNRSMH_E_2011_026_029_002.wav;CNRSMH_E_2011_026_029_
items/2016/03/07/CNRSMH_E_2011_026_029_003.wav;CNRSMH_E_2011_026_029_
items/2016/03/07/CNRSMH_E_2011_026_029_004.wav;CNRSMH_E_2011_026_029_
items/2016/03/07/CNRSMH_E_2011_026_029_005.wav;CNRSMH_E_2011_026_029_
items/2016/03/07/CNRSMH_E_2011_026_029_006.wav;CNRSMH_E_2011_026_029_
items/2016/03/07/CNRSMH_E_2011_026_029_007.wav;CNRSMH_E_2011_026_029_
items/2016/03/07/CNRSMH_E_2011_026_029_008.wav;CNRSMH_E_2011_026_029_
items/2016/03/07/CNRSMH_E_2011_026_029_009.wav;CNRSMH_E_2011_026_029_
items/2016/03/07/CNRSMH_E_2011_026_029_010.wav;CNRSMH_E_2011_026_029_
items/2016/03/07/CNRSMH_E_2011_026_052_001.wav;CNRSMH_E_2011_026_052_
items/2016/03/07/CNRSMH_E_2011_026_052_002.wav;CNRSMH_E_2011_026_052_
items/2016/03/07/CNRSMH_E_2011_026_052_004.wav;CNRSMH_E_2011_026_052_
items/2016/03/07/CNRSMH_E_2011_026_052_005.wav;CNRSMH_E_2011_026_052_
items/2016/03/07/CNRSMH_E_2011_026_052_006.wav;CNRSMH_E_2011_026_052_
items/2016/03/07/CNRSMH_E_2011_026_052_007.wav;CNRSMH_E_2011_026_052_
items/2016/03/07/CNRSMH_E_2011_026_052_008.wav;CNRSMH_E_2011_026_052_
items/2016/03/07/CNRSMH_E_2011_026_052_009.wav;CNRSMH_E_2011_026_052_
items/2016/03/07/CNRSMH_E_2011_026_052_010.wav;CNRSMH_E_2011_026_052_
items/2016/03/17/CNRSMH_E_2016_001_001_01.wav;CNRSMH_E_2016_001_001_
items/2016/03/17/CNRSMH_E_2016_001_001_02.wav;CNRSMH_E_2016_001_001_
items/2016/03/17/CNRSMH_E_2016_001_001_03.wav;CNRSMH_E_2016_001_001_
items/2016/03/17/CNRSMH_E_2016_001_001_04.wav;CNRSMH_E_2016_001_001_
items/2016/03/17/CNRSMH_E_2016_001_001_05.wav;CNRSMH_E_2016_001_001_
items/2016/03/17/CNRSMH_E_2016_001_001_06.wav;CNRSMH_E_2016_001_001_
items/2016/03/17/CNRSMH_E_2016_001_001_07.wav;CNRSMH_E_2016_001_001_
items/2016/03/17/CNRSMH_E_2016_001_001_08.wav;CNRSMH_E_2016_001_001_
items/2016/03/17/CNRSMH_E_2016_001_001_09.wav;CNRSMH_E_2016_001_001_
items/2016/03/17/CNRSMH_E_2016_001_001_10.wav;CNRSMH_E_2016_001_001_
items/2016/06/20/CNRSMH_E_2016_004_015_01.wav;CNRSMH_E_2016_004_015_
items/2016/06/20/CNRSMH_E_2016_004_015_02.wav;CNRSMH_E_2016_004_015_
items/2016/06/20/CNRSMH_E_2016_004_015_03.wav;CNRSMH_E_2016_004_015_
items/2016/06/20/CNRSMH_E_2016_004_015_04.wav;CNRSMH_E_2016_004_015_
items/2016/06/20/CNRSMH_E_2016_004_015_05.wav;CNRSMH_E_2016_004_015_
items/2016/06/20/CNRSMH_E_2016_004_015_06.wav;CNRSMH_E_2016_004_015_
items/2016/06/20/CNRSMH_E_2016_004_015_07.wav;CNRSMH_E_2016_004_015_
items/2016/06/20/CNRSMH_E_2016_004_015_08.wav;CNRSMH_E_2016_004_015_
items/2016/06/20/CNRSMH_E_2016_004_015_09.wav;CNRSMH_E_2016_004_015_
items/2016/06/20/CNRSMH_E_2016_004_015_10.wav;CNRSMH_E_2016_004_015_
items/2016/06/20/CNRSMH_E_2016_004_015_11.wav;CNRSMH_E_2016_004_015_
items/2016/06/20/CNRSMH_E_2016_004_015_12.wav;CNRSMH_E_2016_004_015_
items/2016/06/20/CNRSMH_E_2016_004_015_13.wav;CNRSMH_E_2016_004_015_
items/2016/06/20/CNRSMH_E_2016_004_015_14.wav;CNRSMH_E_2016_004_015_
items/2016/06/20/CNRSMH_E_2016_004_015_15.wav;CNRSMH_E_2016_004_015_
items/2016/06/20/CNRSMH_E_2016_004_015_16.wav;CNRSMH_E_2016_004_015_
items/2016/06/20/CNRSMH_E_2016_004_015_17.wav;CNRSMH_E_2016_004_015_
items/2016/06/20/CNRSMH_E_2016_004_015_18.wav;CNRSMH_E_2016_004_015_
items/2016/06/20/CNRSMH_E_2016_004_015_19.wav;CNRSMH_E_2016_004_015_
items/2016/06/20/CNRSMH_E_2016_004_015_20.wav;CNRSMH_E_2016_004_015_
items/2016/06/20/CNRSMH_E_2016_004_015_21.wav;CNRSMH_E_2016_004_015_
items/2016/06/20/CNRSMH_E_2016_004_015_22.wav;CNRSMH_E_2016_004_015_
items/2016/06/20/CNRSMH_E_2016_004_015_23.wav;CNRSMH_E_2016_004_015_
items/2016/06/20/CNRSMH_E_2016_004_015_24.wav;CNRSMH_E_2016_004_015_
items/2016/06/20/CNRSMH_E_2016_004_015_25.wav;CNRSMH_E_2016_004_015_
items/2016/06/20/CNRSMH_E_2016_004_015_26.wav;CNRSMH_E_2016_004_015_
items/2016/06/22/CNRSMH_E_2016_004_016_01_.wav;CNRSMH_E_2016_004_016_
items/2016/06/22/CNRSMH_E_2016_004_016_02.wav;CNRSMH_E_2016_004_016_
items/2016/06/22/CNRSMH_E_2016_004_016_03.wav;CNRSMH_E_2016_004_016_
items/2016/06/22/CNRSMH_E_2016_004_016_04.wav;CNRSMH_E_2016_004_016_
items/2016/06/22/CNRSMH_E_2016_004_016_05.wav;CNRSMH_E_2016_004_016_
items/2016/06/22/CNRSMH_E_2016_004_016_06.wav;CNRSMH_E_2016_004_016_
items/2016/06/22/CNRSMH_E_2016_004_016_07.wav;CNRSMH_E_2016_004_016_
items/2016/06/22/CNRSMH_E_2016_004_016_08.wav;CNRSMH_E_2016_004_016_
items/2016/06/22/CNRSMH_E_2016_004_016_09.wav;CNRSMH_E_2016_004_016_
items/2016/06/22/CNRSMH_E_2016_004_016_10.wav;CNRSMH_E_2016_004_016_
items/2016/06/22/CNRSMH_E_2016_004_016_11.wav;CNRSMH_E_2016_004_016_
items/2016/06/22/CNRSMH_E_2016_004_016_12.wav;CNRSMH_E_2016_004_016_
items/2016/06/22/CNRSMH_E_2016_004_016_13.wav;CNRSMH_E_2016_004_016_
items/2016/06/22/CNRSMH_E_2016_004_016_14.wav;CNRSMH_E_2016_004_016_
items/2016/06/22/CNRSMH_E_2016_004_016_15.wav;CNRSMH_E_2016_004_016_
items/2016/06/22/CNRSMH_E_2016_004_016_16.wav;CNRSMH_E_2016_004_016_
items/2016/06/22/CNRSMH_E_2016_004_016_17.wav;CNRSMH_E_2016_004_016_
items/2016/06/22/CNRSMH_E_2016_004_016_18.wav;CNRSMH_E_2016_004_016_
items/2016/06/22/CNRSMH_E_2016_004_016_19.wav;CNRSMH_E_2016_004_016_
items/2016/06/22/CNRSMH_E_2016_004_016_20.wav;CNRSMH_E_2016_004_016_
items/2016/06/22/CNRSMH_E_2016_004_016_21.wav;CNRSMH_E_2016_004_016_
items/2016/06/22/CNRSMH_E_2016_004_016_22.wav;CNRSMH_E_2016_004_016_
items/2016/06/22/CNRSMH_E_2016_004_016_23.wav;CNRSMH_E_2016_004_016_
items/2016/06/22/CNRSMH_E_2016_004_016_24.wav;CNRSMH_E_2016_004_016_
items/2016/06/22/CNRSMH_E_2016_004_016_25.wav;CNRSMH_E_2016_004_016_
items/2016/06/22/CNRSMH_E_2016_004_016_26.wav;CNRSMH_E_2016_004_016_
items/2016/06/22/CNRSMH_E_2016_004_016_27.wav;CNRSMH_E_2016_004_016_
items/2016/06/22/CNRSMH_E_2016_004_016_28.wav;CNRSMH_E_2016_004_016_
items/2016/06/23/CNRSMH_E_2016_004_017_01_.wav;CNRSMH_E_2016_004_017_
items/2016/06/23/CNRSMH_E_2016_004_017_02.wav;CNRSMH_E_2016_004_017_
items/2016/06/23/CNRSMH_E_2016_004_017_03.wav;CNRSMH_E_2016_004_017_
items/2016/06/23/CNRSMH_E_2016_004_017_04.wav;CNRSMH_E_2016_004_017_
items/2016/06/23/CNRSMH_E_2016_004_017_05.wav;CNRSMH_E_2016_004_017_
items/2016/06/23/CNRSMH_E_2016_004_017_06.wav;CNRSMH_E_2016_004_017_
items/2016/06/23/CNRSMH_E_2016_004_017_07.wav;CNRSMH_E_2016_004_017_
items/2016/06/23/CNRSMH_E_2016_004_017_08.wav;CNRSMH_E_2016_004_017_
items/2016/06/23/CNRSMH_E_2016_004_017_09.wav;CNRSMH_E_2016_004_017_
items/2016/06/23/CNRSMH_E_2016_004_017_10.wav;CNRSMH_E_2016_004_017_
items/2016/06/23/CNRSMH_E_2016_004_017_11.wav;CNRSMH_E_2016_004_017_
items/2016/06/23/CNRSMH_E_2016_004_017_12.wav;CNRSMH_E_2016_004_017_
items/2016/06/23/CNRSMH_E_2016_004_017_13.wav;CNRSMH_E_2016_004_017_
items/2016/06/23/CNRSMH_E_2016_004_017_14.wav;CNRSMH_E_2016_004_017_
items/2016/06/23/CNRSMH_E_2016_004_017_15.wav;CNRSMH_E_2016_004_017_
items/2016/06/23/CNRSMH_E_2016_004_017_16.wav;CNRSMH_E_2016_004_017_
items/2016/06/23/CNRSMH_E_2016_004_017_17.wav;CNRSMH_E_2016_004_017_
items/2016/06/23/CNRSMH_E_2016_004_017_18.wav;CNRSMH_E_2016_004_017_
items/2016/06/23/CNRSMH_E_2016_004_017_19.wav;CNRSMH_E_2016_004_017_
items/2016/06/23/CNRSMH_E_2016_004_017_20.wav;CNRSMH_E_2016_004_017_
items/2016/06/23/CNRSMH_E_2016_004_017_21.wav;CNRSMH_E_2016_004_017_
items/2016/06/23/CNRSMH_E_2016_004_017_22.wav;CNRSMH_E_2016_004_017_
items/2016/06/23/CNRSMH_E_2016_004_017_23.wav;CNRSMH_E_2016_004_017_
items/2016/06/23/CNRSMH_E_2016_004_017_24.wav;CNRSMH_E_2016_004_017_
items/2016/06/27/CNRSMH_E_2016_004_018_01_.wav;CNRSMH_E_2016_004_018_
items/2016/06/27/CNRSMH_E_2016_004_018_02.wav;CNRSMH_E_2016_004_018_
items/2016/06/27/CNRSMH_E_2016_004_018_03.wav;CNRSMH_E_2016_004_018_
items/2016/06/27/CNRSMH_E_2016_004_018_04.wav;CNRSMH_E_2016_004_018_
items/2016/06/27/CNRSMH_E_2016_004_018_05.wav;CNRSMH_E_2016_004_018_
items/2016/06/27/CNRSMH_E_2016_004_018_06.wav;CNRSMH_E_2016_004_018_
items/2016/06/27/CNRSMH_E_2016_004_018_07.wav;CNRSMH_E_2016_004_018_
items/2016/06/27/CNRSMH_E_2016_004_018_08.wav;CNRSMH_E_2016_004_018_
items/2016/06/27/CNRSMH_E_2016_004_018_09.wav;CNRSMH_E_2016_004_018_
items/2016/06/27/CNRSMH_E_2016_004_018_10.wav;CNRSMH_E_2016_004_018_
items/2016/06/27/CNRSMH_E_2016_004_018_11.wav;CNRSMH_E_2016_004_018_
items/2016/06/27/CNRSMH_E_2016_004_018_12.wav;CNRSMH_E_2016_004_018_
items/2016/06/27/CNRSMH_E_2016_004_018_13.wav;CNRSMH_E_2016_004_018_
items/2016/06/27/CNRSMH_E_2016_004_018_14.wav;CNRSMH_E_2016_004_018_
items/2016/06/27/CNRSMH_E_2016_004_018_15.wav;CNRSMH_E_2016_004_018_
items/2016/06/27/CNRSMH_E_2016_004_018_16.wav;CNRSMH_E_2016_004_018_
items/2016/06/27/CNRSMH_E_2016_004_018_17.wav;CNRSMH_E_2016_004_018_
items/2016/06/27/CNRSMH_E_2016_004_018_18.wav;CNRSMH_E_2016_004_018_
items/2016/06/27/CNRSMH_E_2016_004_018_19.wav;CNRSMH_E_2016_004_018_
items/2016/06/27/CNRSMH_E_2016_004_018_20.wav;CNRSMH_E_2016_004_018_
items/2016/06/27/CNRSMH_E_2016_004_018_21.wav;CNRSMH_E_2016_004_018_
items/2016/07/11/CNRSMH_E_1952_008_003_02.wav;CNRSMH_E_1952_008_003_
items/2016/07/11/CNRSMH_E_1956_024_015_01.wav;CNRSMH_E_1956_024_015_
items/2016/07/11/CNRSMH_E_1956_024_015_02.wav;CNRSMH_E_1956_024_015_
items/2016/07/19/CNRSMH_E_1953_010_001_017_01.wav;CNRSMH_E_1953_010_001_
items/2016/07/19/CNRSMH_E_1953_010_001_017_02.wav;CNRSMH_E_1953_010_001_
items/2016/07/21/import/CNRSMH_E_1949_004_001/CNRSMH_E_1949_004_001_001_02.wav;CNRSMH_E_1949_004_001_
items/2016/07/21/import/CNRSMH_E_1949_004_001/CNRSMH_E_1949_004_001_002_01.wav;CNRSMH_E_1949_004_001_
items/2016/07/21/import/CNRSMH_E_1949_004_001/CNRSMH_E_1949_004_001_004_01.wav;CNRSMH_E_1949_004_001_
items/2016/07/21/import/CNRSMH_E_1949_004_001/CNRSMH_E_1949_004_001_004_02.wav;CNRSMH_E_1949_004_001_
items/2016/07/21/import/CNRSMH_E_1949_004_001/CNRSMH_E_1949_004_001_004_03.wav;CNRSMH_E_1949_004_001_
items/2016/07/21/import/CNRSMH_E_1949_004_001/CNRSMH_E_1949_004_001_005_01.wav;CNRSMH_E_1949_004_001_
items/2016/07/21/import/CNRSMH_E_1949_004_001/CNRSMH_E_1949_004_001_005_02.wav;CNRSMH_E_1949_004_001_
items/2016/07/21/import/CNRSMH_E_1949_004_001/CNRSMH_E_1949_004_001_005_03.wav;CNRSMH_E_1949_004_001_
items/2016/07/21/import/CNRSMH_E_1949_004_001/CNRSMH_E_1949_004_001_006_01.wav;CNRSMH_E_1949_004_001_
items/2016/07/21/import/CNRSMH_E_1949_004_001/CNRSMH_E_1949_004_001_006_03.wav;CNRSMH_E_1949_004_001_
items/2016/07/21/import/CNRSMH_E_1949_004_001/CNRSMH_E_1949_004_001_008_01.wav;CNRSMH_E_1949_004_001_
items/2016/07/21/import/CNRSMH_E_1949_004_001/CNRSMH_E_1949_004_001_008_02.wav;CNRSMH_E_1949_004_001_
items/2016/07/21/import/CNRSMH_E_1949_004_001/CNRSMH_E_1949_004_001_009_01.wav;CNRSMH_E_1949_004_001_
items/2016/07/21/import/CNRSMH_E_1949_004_001/CNRSMH_E_1949_004_001_009_02.wav;CNRSMH_E_1949_004_001_
items/2016/07/21/import/CNRSMH_E_1949_004_001/CNRSMH_E_1949_004_001_010_01.wav;CNRSMH_E_1949_004_001_
items/2016/07/21/import/CNRSMH_E_1949_004_001/CNRSMH_E_1949_004_001_010_02.wav;CNRSMH_E_1949_004_001_
items/2016/07/21/import/CNRSMH_E_1949_004_001/CNRSMH_E_1949_004_001_010_03.wav;CNRSMH_E_1949_004_001_
items/2016/07/21/import/CNRSMH_E_1949_004_001/CNRSMH_E_1949_004_001_011_01.wav;CNRSMH_E_1949_004_001_
items/2016/07/21/import/CNRSMH_E_1949_004_001/CNRSMH_E_1949_004_001_012_01.wav;CNRSMH_E_1949_004_001_
items/2016/07/21/import/CNRSMH_E_1949_004_001/CNRSMH_E_1949_004_001_013_02.wav;CNRSMH_E_1949_004_001_
items/2016/07/21/import/CNRSMH_E_1949_004_001/CNRSMH_E_1949_004_001_013_03.wav;CNRSMH_E_1949_004_001_
items/2016/07/21/import/CNRSMH_E_1949_004_001/CNRSMH_E_1949_004_001_014_01.wav;CNRSMH_E_1949_004_001_
items/2016/07/21/import/CNRSMH_E_1949_004_001/CNRSMH_E_1949_004_001_019_01.wav;CNRSMH_E_1949_004_001_
items/2016/07/21/import/CNRSMH_E_1949_004_001/CNRSMH_E_1949_004_001_020_01.wav;CNRSMH_E_1949_004_001_
items/2016/07/21/import/CNRSMH_E_1949_004_001/CNRSMH_E_1949_004_001_020_02.wav;CNRSMH_E_1949_004_001_
items/2016/07/21/import/CNRSMH_E_1949_004_001/CNRSMH_E_1949_004_001_021_01.wav;CNRSMH_E_1949_004_001_
items/2016/07/21/import/CNRSMH_E_1949_004_001/CNRSMH_E_1949_004_001_021_02.wav;CNRSMH_E_1949_004_001_
items/2016/07/21/import/CNRSMH_E_1949_004_001/CNRSMH_E_1949_004_001_030_02.wav;CNRSMH_E_1949_004_001_
items/2016/07/21/import/CNRSMH_E_1949_004_001/CNRSMH_E_1949_004_001_030_03.wav;CNRSMH_E_1949_004_001_
items/2016/07/21/import/CNRSMH_E_1949_004_001/CNRSMH_E_1949_004_001_034_04.wav;CNRSMH_E_1949_004_001_
items/2016/07/21/import/CNRSMH_E_1952_004_001/CNRSMH_E_1952_004_001_030_02.wav;CNRSMH_E_1952_004_001_
items/2016/07/21/import/CNRSMH_E_1952_004_001/CNRSMH_E_1952_004_001_030_04.wav;CNRSMH_E_1952_004_001_
items/2016/07/21/import/CNRSMH_E_1952_005_008/CNRSMH_E_1952_005_008_001_01.wav;CNRSMH_E_1952_005_008_
items/2016/07/21/import/CNRSMH_E_1952_005_008/CNRSMH_E_1952_005_008_001_02.wav;CNRSMH_E_1952_005_008_
items/2016/07/21/import/CNRSMH_E_1952_005_008/CNRSMH_E_1952_005_008_001_03.wav;CNRSMH_E_1952_005_008_
items/2016/07/21/import/CNRSMH_E_1952_005_008/CNRSMH_E_1952_005_008_001_04.wav;CNRSMH_E_1952_005_008_
items/2016/07/21/import/CNRSMH_E_1952_005_008/CNRSMH_E_1952_005_008_002_01.wav;CNRSMH_E_1952_005_008_
items/2016/07/21/import/CNRSMH_E_1952_005_008/CNRSMH_E_1952_005_008_002_02.wav;CNRSMH_E_1952_005_008_
items/2016/07/21/import/CNRSMH_E_1952_005_008/CNRSMH_E_1952_005_008_002_03.wav;CNRSMH_E_1952_005_008_
items/2016/07/21/import/CNRSMH_E_1952_005_010/CNRSMH_E_1952_005_010_001_01.wav;CNRSMH_E_1952_005_010_
items/2016/07/21/import/CNRSMH_E_1952_005_010/CNRSMH_E_1952_005_010_001_02.wav;CNRSMH_E_1952_005_010_
items/2016/07/21/import/CNRSMH_E_1952_005_010/CNRSMH_E_1952_005_010_001_03.wav;CNRSMH_E_1952_005_010_
items/2016/07/21/import/CNRSMH_E_1952_005_010/CNRSMH_E_1952_005_010_002_01.wav;CNRSMH_E_1952_005_010_
items/2016/07/21/import/CNRSMH_E_1952_005_010/CNRSMH_E_1952_005_010_002_02.wav;CNRSMH_E_1952_005_010_
items/2016/07/21/import/CNRSMH_E_1952_005_010/CNRSMH_E_1952_005_010_002_03.wav;CNRSMH_E_1952_005_010_
items/2016/07/21/import/CNRSMH_E_1952_005_010/CNRSMH_E_1952_005_010_003_01.wav;CNRSMH_E_1952_005_010_
items/2016/07/21/import/CNRSMH_E_1952_005_010/CNRSMH_E_1952_005_010_003_02.wav;CNRSMH_E_1952_005_010_
items/2016/07/21/import/CNRSMH_E_1952_005_010/CNRSMH_E_1952_005_010_004_01.wav;CNRSMH_E_1952_005_010_
items/2016/07/21/import/CNRSMH_E_1952_008_001/CNRSMH_E_1952_008_001_01.wav;CNRSMH_E_1952_008_001_
items/2016/07/21/import/CNRSMH_E_1952_008_001/CNRSMH_E_1952_008_001_02.wav;CNRSMH_E_1952_008_001_
items/2016/07/21/import/CNRSMH_E_1952_008_002/CNRSMH_E_1952_008_002_01.wav;CNRSMH_E_1952_008_002_
items/2016/07/21/import/CNRSMH_E_1952_008_002/CNRSMH_E_1952_008_002_02.wav;CNRSMH_E_1952_008_002_
items/2016/07/21/import/CNRSMH_E_1952_008_004/CNRSMH_E_1952_008_004_01.wav;CNRSMH_E_1952_008_004_
items/2016/07/21/import/CNRSMH_E_1952_008_004/CNRSMH_E_1952_008_004_02.wav;CNRSMH_E_1952_008_004_
items/2016/07/21/import/CNRSMH_E_1952_008_005/CNRSMH_E_1952_008_005_01.wav;CNRSMH_E_1952_008_005_
items/2016/07/21/import/CNRSMH_E_1952_008_005/CNRSMH_E_1952_008_005_02.wav;CNRSMH_E_1952_008_005_
items/2016/07/21/import/CNRSMH_E_1952_008_006/CNRSMH_E_1952_008_006_01.wav;CNRSMH_E_1952_008_006_
items/2016/07/21/import/CNRSMH_E_1952_008_006/CNRSMH_E_1952_008_006_02.wav;CNRSMH_E_1952_008_006_
items/2016/07/21/import/CNRSMH_E_1952_008_007/CNRSMH_E_1952_008_007_01.wav;CNRSMH_E_1952_008_007_
items/2016/07/21/import/CNRSMH_E_1952_008_007/CNRSMH_E_1952_008_007_02.wav;CNRSMH_E_1952_008_007_
items/2016/07/21/import/CNRSMH_E_1952_008_008/CNRSMH_E_1952_008_008_01.wav;CNRSMH_E_1952_008_008_
items/2016/07/21/import/CNRSMH_E_1952_008_008/CNRSMH_E_1952_008_008_02.wav;CNRSMH_E_1952_008_008_
items/2016/07/21/import/CNRSMH_E_1952_008_009/CNRSMH_E_1952_008_009_01.wav;CNRSMH_E_1952_008_009_
items/2016/07/21/import/CNRSMH_E_1952_008_009/CNRSMH_E_1952_008_009_02.wav;CNRSMH_E_1952_008_009_
items/2016/07/21/import/CNRSMH_E_1952_008_010/CNRSMH_E_1952_008_010_01.wav;CNRSMH_E_1952_008_010_
items/2016/07/21/import/CNRSMH_E_1952_008_010/CNRSMH_E_1952_008_010_02.wav;CNRSMH_E_1952_008_010_
items/2016/07/21/import/CNRSMH_E_1952_008_011/CNRSMH_E_1952_008_011_01.wav;CNRSMH_E_1952_008_011_
items/2016/07/21/import/CNRSMH_E_1952_008_011/CNRSMH_E_1952_008_011_02.wav;CNRSMH_E_1952_008_011_
items/2016/07/21/import/CNRSMH_E_1952_008_012/CNRSMH_E_1952_008_012_01.wav;CNRSMH_E_1952_008_012_
items/2016/07/21/import/CNRSMH_E_1952_008_012/CNRSMH_E_1952_008_012_02.wav;CNRSMH_E_1952_008_012_
items/2016/07/21/import/CNRSMH_E_1952_008_013/CNRSMH_E_1952_008_013_01.wav;CNRSMH_E_1952_008_013_
items/2016/07/21/import/CNRSMH_E_1952_008_013/CNRSMH_E_1952_008_013_02.wav;CNRSMH_E_1952_008_013_
items/2016/07/21/import/CNRSMH_E_1952_008_014/CNRSMH_E_1952_008_014_01.wav;CNRSMH_E_1952_008_014_
items/2016/07/21/import/CNRSMH_E_1952_008_014/CNRSMH_E_1952_008_014_02.wav;CNRSMH_E_1952_008_014_
items/2016/07/21/import/CNRSMH_E_1952_008_015/CNRSMH_E_1952_008_015_01.wav;CNRSMH_E_1952_008_015_
items/2016/07/21/import/CNRSMH_E_1952_008_015/CNRSMH_E_1952_008_015_02.wav;CNRSMH_E_1952_008_015_
items/2016/07/21/import/CNRSMH_E_1952_008_016/CNRSMH_E_1952_008_016_01.wav;CNRSMH_E_1952_008_016_
items/2016/07/21/import/CNRSMH_E_1952_008_016/CNRSMH_E_1952_008_016_02.wav;CNRSMH_E_1952_008_016_
items/2016/07/21/import/CNRSMH_E_1952_008_017/CNRSMH_E_1952_008_017_01.wav;CNRSMH_E_1952_008_017_
items/2016/07/21/import/CNRSMH_E_1952_008_017/CNRSMH_E_1952_008_017_02.wav;CNRSMH_E_1952_008_017_
items/2016/07/21/import/CNRSMH_E_1952_008_018/CNRSMH_E_1952_008_018_01.wav;CNRSMH_E_1952_008_018_
items/2016/07/21/import/CNRSMH_E_1952_008_018/CNRSMH_E_1952_008_018_02.wav;CNRSMH_E_1952_008_018_
items/2016/07/21/import/CNRSMH_E_1952_008_019/CNRSMH_E_1952_008_019_01.wav;CNRSMH_E_1952_008_019_
items/2016/07/21/import/CNRSMH_E_1952_008_019/CNRSMH_E_1952_008_019_02.wav;CNRSMH_E_1952_008_019_
items/2016/07/21/import/CNRSMH_E_1952_008_020/CNRSMH_E_1952_008_020_01.wav;CNRSMH_E_1952_008_020_
items/2016/07/21/import/CNRSMH_E_1952_008_020/CNRSMH_E_1952_008_020_02.wav;CNRSMH_E_1952_008_020_
items/2016/07/21/import/CNRSMH_E_1952_008_021/CNRSMH_E_1952_008_021_01.wav;CNRSMH_E_1952_008_021_
items/2016/07/21/import/CNRSMH_E_1952_008_021/CNRSMH_E_1952_008_021_02.wav;CNRSMH_E_1952_008_021_
items/2016/07/21/import/CNRSMH_E_1952_008_022/CNRSMH_E_1952_008_022_01.wav;CNRSMH_E_1952_008_022_
items/2016/07/21/import/CNRSMH_E_1952_008_022/CNRSMH_E_1952_008_022_02.wav;CNRSMH_E_1952_008_022_
items/2016/07/21/import/CNRSMH_E_1952_008_023/CNRSMH_E_1952_008_023_01.wav;CNRSMH_E_1952_008_023_
items/2016/07/21/import/CNRSMH_E_1952_008_023/CNRSMH_E_1952_008_023_02.wav;CNRSMH_E_1952_008_023_
items/2016/07/21/import/CNRSMH_E_1952_008_024/CNRSMH_E_1952_008_024_01.wav;CNRSMH_E_1952_008_024_
items/2016/07/21/import/CNRSMH_E_1952_008_024/CNRSMH_E_1952_008_024_02.wav;CNRSMH_E_1952_008_024_
items/2016/07/21/import/CNRSMH_E_1952_008_025/CNRSMH_E_1952_008_025_01.wav;CNRSMH_E_1952_008_025_
items/2016/07/21/import/CNRSMH_E_1952_008_025/CNRSMH_E_1952_008_025_02.wav;CNRSMH_E_1952_008_025_
items/2016/07/21/import/CNRSMH_E_1952_008_026/CNRSMH_E_1952_008_026_01.wav;CNRSMH_E_1952_008_026_
items/2016/07/21/import/CNRSMH_E_1952_008_026/CNRSMH_E_1952_008_026_02.wav;CNRSMH_E_1952_008_026_
items/2016/07/21/import/CNRSMH_E_1952_008_027/CNRSMH_E_1952_008_027_01.wav;CNRSMH_E_1952_008_027_
items/2016/07/21/import/CNRSMH_E_1952_008_027/CNRSMH_E_1952_008_027_02.wav;CNRSMH_E_1952_008_027_
items/2016/07/21/import/CNRSMH_E_1952_008_028/CNRSMH_E_1952_008_028_01.wav;CNRSMH_E_1952_008_028_
items/2016/07/21/import/CNRSMH_E_1952_008_028/CNRSMH_E_1952_008_028_02.wav;CNRSMH_E_1952_008_028_
items/2016/07/21/import/CNRSMH_E_1952_008_029/CNRSMH_E_1952_008_029_01.wav;CNRSMH_E_1952_008_029_
items/2016/07/21/import/CNRSMH_E_1952_008_029/CNRSMH_E_1952_008_029_02.wav;CNRSMH_E_1952_008_029_
items/2016/07/21/import/CNRSMH_E_1952_008_030/CNRSMH_E_1952_008_030_01.wav;CNRSMH_E_1952_008_030_
items/2016/07/21/import/CNRSMH_E_1952_008_030/CNRSMH_E_1952_008_030_02.wav;CNRSMH_E_1952_008_030_
items/2016/07/21/import/CNRSMH_E_1956_017_004/CNRSMH_E_1956_017_004_001_02.wav;CNRSMH_E_1956_017_004_
items/2016/07/21/import/CNRSMH_E_1956_017_004/CNRSMH_E_1956_017_004_002_01.wav;CNRSMH_E_1956_017_004_
items/2016/07/21/import/CNRSMH_E_1956_017_004/CNRSMH_E_1956_017_004_002_02.wav;CNRSMH_E_1956_017_004_
items/2016/07/21/import/CNRSMH_E_1956_017_004/CNRSMH_E_1956_017_004_003_01.wav;CNRSMH_E_1956_017_004_
items/2016/07/21/import/CNRSMH_E_1956_017_004/CNRSMH_E_1956_017_004_003_02.wav;CNRSMH_E_1956_017_004_
items/2016/07/21/import/CNRSMH_E_1956_017_004/CNRSMH_E_1956_017_004_004_01.wav;CNRSMH_E_1956_017_004_
items/2016/07/21/import/CNRSMH_E_1956_017_004/CNRSMH_E_1956_017_004_004_02.wav;CNRSMH_E_1956_017_004_
items/2016/07/21/import/CNRSMH_E_1956_017_008/CNRSMH_E_1956_017_008_001_01.wav;CNRSMH_E_1956_017_008_
items/2016/07/21/import/CNRSMH_E_1956_017_008/CNRSMH_E_1956_017_008_001_02.wav;CNRSMH_E_1956_017_008_
items/2016/07/21/import/CNRSMH_E_1956_017_008/CNRSMH_E_1956_017_008_002_01.wav;CNRSMH_E_1956_017_008_
items/2016/07/21/import/CNRSMH_E_1956_017_008/CNRSMH_E_1956_017_008_002_02.wav;CNRSMH_E_1956_017_008_
items/2016/07/21/import/CNRSMH_E_1956_017_008/CNRSMH_E_1956_017_008_003_01.wav;CNRSMH_E_1956_017_008_
items/2016/07/21/import/CNRSMH_E_1956_017_008/CNRSMH_E_1956_017_008_003_02.wav;CNRSMH_E_1956_017_008_
items/2016/07/21/import/CNRSMH_E_1956_017_008/CNRSMH_E_1956_017_008_004_01.wav;CNRSMH_E_1956_017_008_
items/2016/07/21/import/CNRSMH_E_1956_017_008/CNRSMH_E_1956_017_008_004_02.wav;CNRSMH_E_1956_017_008_
items/2016/07/21/import/CNRSMH_E_1956_017_013/CNRSMH_E_1956_017_013_001_01.wav;CNRSMH_E_1956_017_013_
items/2016/07/21/import/CNRSMH_E_1956_017_013/CNRSMH_E_1956_017_013_001_02.wav;CNRSMH_E_1956_017_013_
items/2016/07/21/import/CNRSMH_E_1956_017_013/CNRSMH_E_1956_017_013_002_01.wav;CNRSMH_E_1956_017_013_
items/2016/07/21/import/CNRSMH_E_1956_017_013/CNRSMH_E_1956_017_013_002_02.wav;CNRSMH_E_1956_017_013_
items/2016/07/21/import/CNRSMH_E_1956_017_013/CNRSMH_E_1956_017_013_003_01.wav;CNRSMH_E_1956_017_013_
items/2016/07/21/import/CNRSMH_E_1956_017_013/CNRSMH_E_1956_017_013_003_02.wav;CNRSMH_E_1956_017_013_
items/2016/07/21/import/CNRSMH_E_1956_024_010/CNRSMH_E_1956_024_010_001_01.wav;CNRSMH_E_1956_024_010_
items/2016/07/21/import/CNRSMH_E_1956_024_010/CNRSMH_E_1956_024_010_001_02.wav;CNRSMH_E_1956_024_010_
items/2016/07/21/import/CNRSMH_E_1956_024_010/CNRSMH_E_1956_024_010_002_01.wav;CNRSMH_E_1956_024_010_
items/2016/07/21/import/CNRSMH_E_1956_024_010/CNRSMH_E_1956_024_010_002_02.wav;CNRSMH_E_1956_024_010_
items/2016/07/21/import/CNRSMH_E_1957_001_010/CNRSMH_E_1957_001_010_001_01.wav;CNRSMH_E_1957_001_010_
items/2016/07/21/import/CNRSMH_E_1957_001_010/CNRSMH_E_1957_001_010_001_02.wav;CNRSMH_E_1957_001_010_
items/2016/07/21/import/CNRSMH_E_1957_001_010/CNRSMH_E_1957_001_010_002_01.wav;CNRSMH_E_1957_001_010_
items/2016/07/21/import/CNRSMH_E_1957_001_010/CNRSMH_E_1957_001_010_002_02.wav;CNRSMH_E_1957_001_010_
items/2016/07/21/import/CNRSMH_E_1964_011_001/CNRSMH_E_1964_011_001_000.wav;CNRSMH_E_1964_011_001_
items/2016/07/21/import/CNRSMH_E_1964_011_001/CNRSMH_E_1964_011_001_001.wav;CNRSMH_E_1964_011_001_
items/2016/07/21/import/CNRSMH_E_1964_011_001/CNRSMH_E_1964_011_001_002.wav;CNRSMH_E_1964_011_001_
items/2016/07/21/import/CNRSMH_E_1964_011_001/CNRSMH_E_1964_011_001_003.wav;CNRSMH_E_1964_011_001_
items/2016/07/21/import/CNRSMH_E_1964_011_001/CNRSMH_E_1964_011_001_004.wav;CNRSMH_E_1964_011_001_
items/2016/07/21/import/CNRSMH_E_1964_011_001/CNRSMH_E_1964_011_001_005.wav;CNRSMH_E_1964_011_001_
items/2016/07/21/import/CNRSMH_E_1964_011_001/CNRSMH_E_1964_011_001_006.wav;CNRSMH_E_1964_011_001_
items/2016/07/21/import/CNRSMH_E_1964_011_001/CNRSMH_E_1964_011_001_007.wav;CNRSMH_E_1964_011_001_
items/2016/07/21/import/CNRSMH_E_1964_011_001/CNRSMH_E_1964_011_001_008.wav;CNRSMH_E_1964_011_001_
items/2016/07/21/import/CNRSMH_E_1964_011_001/CNRSMH_E_1964_011_001_009.wav;CNRSMH_E_1964_011_001_
items/2016/07/21/import/CNRSMH_E_1964_011_001/CNRSMH_E_1964_011_001_010.wav;CNRSMH_E_1964_011_001_
items/2016/07/21/import/CNRSMH_E_1964_011_001/CNRSMH_E_1964_011_001_011.wav;CNRSMH_E_1964_011_001_
items/2016/07/21/import/CNRSMH_E_1964_011_001/CNRSMH_E_1964_011_001_012.wav;CNRSMH_E_1964_011_001_
items/2016/07/21/import/CNRSMH_E_1964_011_001/CNRSMH_E_1964_011_001_013.wav;CNRSMH_E_1964_011_001_
items/2016/07/21/import/CNRSMH_E_1964_011_001/CNRSMH_E_1964_011_001_014.wav;CNRSMH_E_1964_011_001_
items/2016/07/21/import/CNRSMH_E_1964_011_001/CNRSMH_E_1964_011_001_015.wav;CNRSMH_E_1964_011_001_
items/2016/07/21/import/CNRSMH_E_1964_011_001/CNRSMH_E_1964_011_001_016.wav;CNRSMH_E_1964_011_001_
items/2016/07/21/import/CNRSMH_E_1964_011_001/CNRSMH_E_1964_011_001_017.wav;CNRSMH_E_1964_011_001_
items/2016/07/21/import/CNRSMH_E_1964_011_001/CNRSMH_E_1964_011_001_018.wav;CNRSMH_E_1964_011_001_
items/2016/07/21/import/CNRSMH_E_1964_011_001/CNRSMH_E_1964_011_001_019.wav;CNRSMH_E_1964_011_001_
items/2016/07/21/import/CNRSMH_E_1964_011_001/CNRSMH_E_1964_011_001_020.wav;CNRSMH_E_1964_011_001_
items/2016/07/21/import/CNRSMH_E_1964_011_001/CNRSMH_E_1964_011_001_043.wav;CNRSMH_E_1964_011_001_
items/2016/07/21/import/CNRSMH_E_1964_011_001/CNRSMH_E_1964_011_002_000.wav;CNRSMH_E_1964_011_002_
items/2016/07/21/import/CNRSMH_E_1964_011_001/CNRSMH_E_1964_011_002_001.wav;CNRSMH_E_1964_011_002_
items/2016/07/21/import/CNRSMH_E_1964_011_001/CNRSMH_E_1964_011_002_002.wav;CNRSMH_E_1964_011_002_
items/2016/07/21/import/CNRSMH_E_1964_011_001/CNRSMH_E_1964_011_002_003.wav;CNRSMH_E_1964_011_002_
items/2016/07/21/import/CNRSMH_E_1964_011_001/CNRSMH_E_1964_011_002_004.wav;CNRSMH_E_1964_011_002_
items/2016/07/21/import/CNRSMH_E_1964_011_001/CNRSMH_E_1964_011_002_005.wav;CNRSMH_E_1964_011_002_
items/2016/07/21/import/CNRSMH_E_1964_011_001/CNRSMH_E_1964_011_002_006.wav;CNRSMH_E_1964_011_002_
items/2016/07/21/import/CNRSMH_E_1964_011_001/CNRSMH_E_1964_011_002_007.wav;CNRSMH_E_1964_011_002_
items/2016/07/21/import/CNRSMH_E_1964_011_001/CNRSMH_E_1964_011_002_008.wav;CNRSMH_E_1964_011_002_
items/2016/07/21/import/CNRSMH_E_1964_011_001/CNRSMH_E_1964_011_002_009.wav;CNRSMH_E_1964_011_002_
items/2016/07/21/import/CNRSMH_E_1964_011_001/CNRSMH_E_1964_011_002_010.wav;CNRSMH_E_1964_011_002_
items/2016/07/21/import/CNRSMH_E_1964_011_001/CNRSMH_E_1964_011_002_011.wav;CNRSMH_E_1964_011_002_
items/2016/07/21/import/CNRSMH_E_1964_011_001/CNRSMH_E_1964_011_002_012.wav;CNRSMH_E_1964_011_002_
items/2016/07/21/import/CNRSMH_E_1964_011_001/CNRSMH_E_1964_011_002_013.wav;CNRSMH_E_1964_011_002_
items/2016/07/21/import/CNRSMH_E_1964_011_001/CNRSMH_E_1964_011_002_014.wav;CNRSMH_E_1964_011_002_
items/2016/07/21/import/CNRSMH_E_1964_011_001/CNRSMH_E_1964_011_002_015.wav;CNRSMH_E_1964_011_002_
items/2016/07/21/import/CNRSMH_E_1964_011_001/CNRSMH_E_1964_011_002_016.wav;CNRSMH_E_1964_011_002_
items/2016/07/21/import/CNRSMH_E_1964_011_001/CNRSMH_E_1964_011_002_017.wav;CNRSMH_E_1964_011_002_
items/2016/07/21/import/CNRSMH_E_1964_011_001/CNRSMH_E_1964_011_002_018.wav;CNRSMH_E_1964_011_002_
items/2016/07/21/import/CNRSMH_E_1964_011_001/CNRSMH_E_1964_011_002_019.wav;CNRSMH_E_1964_011_002_
items/2016/07/21/import/CNRSMH_E_1964_011_001/CNRSMH_E_1964_011_002_020.wav;CNRSMH_E_1964_011_002_
items/2016/07/21/import/CNRSMH_E_1964_011_001/CNRSMH_E_1964_011_002_021.wav;CNRSMH_E_1964_011_002_
items/2016/07/21/import/CNRSMH_E_1964_011_001/CNRSMH_E_1964_011_002_022.wav;CNRSMH_E_1964_011_002_
items/2016/07/21/import/CNRSMH_E_1964_011_001/CNRSMH_E_1964_011_002_023.wav;CNRSMH_E_1964_011_002_
items/2016/07/21/import/CNRSMH_E_1964_011_001/CNRSMH_E_1964_011_002_024.wav;CNRSMH_E_1964_011_002_
items/2016/07/21/import/CNRSMH_E_1964_011_001/CNRSMH_E_1964_011_002_025.wav;CNRSMH_E_1964_011_002_
items/2016/07/21/import/CNRSMH_E_1964_011_001/CNRSMH_E_1964_011_002_026.wav;CNRSMH_E_1964_011_002_
items/2016/07/21/import/CNRSMH_E_1964_011_001/CNRSMH_E_1964_011_002_027.wav;CNRSMH_E_1964_011_002_
items/2016/07/21/import/CNRSMH_E_1964_011_001/CNRSMH_E_1964_011_002_028.wav;CNRSMH_E_1964_011_002_
items/2016/07/21/import/CNRSMH_E_1964_011_001/CNRSMH_E_1964_011_002_029.wav;CNRSMH_E_1964_011_002_
items/2016/07/21/import/CNRSMH_E_1964_011_001/CNRSMH_E_1964_011_002_030.wav;CNRSMH_E_1964_011_002_
items/2016/07/21/import/CNRSMH_E_1964_011_001/CNRSMH_E_1964_011_002_031.wav;CNRSMH_E_1964_011_002_
items/2016/07/21/import/CNRSMH_E_1964_011_001/CNRSMH_E_1964_011_002_032.wav;CNRSMH_E_1964_011_002_
items/2016/07/21/import/CNRSMH_E_1964_011_001/CNRSMH_E_1964_011_002_033.wav;CNRSMH_E_1964_011_002_
items/2016/07/21/import/CNRSMH_E_1964_011_001/CNRSMH_E_1964_011_002_034.wav;CNRSMH_E_1964_011_002_
items/2016/07/21/import/CNRSMH_E_1964_011_001/CNRSMH_E_1964_011_002_035.wav;CNRSMH_E_1964_011_002_
items/2016/07/21/import/CNRSMH_E_1964_011_001/CNRSMH_E_1964_011_002_036.wav;CNRSMH_E_1964_011_002_
items/2016/07/21/import/CNRSMH_E_1964_011_001/CNRSMH_E_1964_011_002_037.wav;CNRSMH_E_1964_011_002_
items/2016/07/21/import/CNRSMH_E_1964_011_001/CNRSMH_E_1964_011_002_038.wav;CNRSMH_E_1964_011_002_
items/2016/07/21/import/CNRSMH_E_1964_011_001/CNRSMH_E_1964_011_002_039.wav;CNRSMH_E_1964_011_002_
items/2016/07/21/import/CNRSMH_E_1964_011_001/CNRSMH_E_1964_011_002_040.wav;CNRSMH_E_1964_011_002_
items/2016/07/21/import/CNRSMH_E_1964_011_001/CNRSMH_E_1964_011_002_041.wav;CNRSMH_E_1964_011_002_
items/2016/07/21/import/CNRSMH_E_1964_011_001/CNRSMH_E_1964_011_003_000.wav;CNRSMH_E_1964_011_003_
items/2016/07/21/import/CNRSMH_E_1964_011_001/CNRSMH_E_1964_011_003_001.wav;CNRSMH_E_1964_011_003_
items/2016/07/21/import/CNRSMH_E_1964_011_001/CNRSMH_E_1964_011_003_002.wav;CNRSMH_E_1964_011_003_
items/2016/07/21/import/CNRSMH_E_1964_011_001/CNRSMH_E_1964_011_003_003.wav;CNRSMH_E_1964_011_003_
items/2016/07/21/import/CNRSMH_E_1964_011_001/CNRSMH_E_1964_011_003_004.wav;CNRSMH_E_1964_011_003_
items/2016/07/21/import/CNRSMH_E_1964_011_001/CNRSMH_E_1964_011_003_005.wav;CNRSMH_E_1964_011_003_
items/2016/07/21/import/CNRSMH_E_1964_011_001/CNRSMH_E_1964_011_003_006.wav;CNRSMH_E_1964_011_003_
items/2016/07/21/import/CNRSMH_E_1964_011_001/CNRSMH_E_1964_011_003_007.wav;CNRSMH_E_1964_011_003_
items/2016/07/21/import/CNRSMH_E_1964_011_001/CNRSMH_E_1964_011_003_008.wav;CNRSMH_E_1964_011_003_
items/2016/07/21/import/CNRSMH_E_1964_011_001/CNRSMH_E_1964_011_003_009.wav;CNRSMH_E_1964_011_003_
items/2016/07/21/import/CNRSMH_E_1964_011_001/CNRSMH_E_1964_011_003_010.wav;CNRSMH_E_1964_011_003_
items/2016/07/21/import/CNRSMH_E_1964_011_001/CNRSMH_E_1964_011_003_011.wav;CNRSMH_E_1964_011_003_
items/2016/07/21/import/CNRSMH_E_1964_011_001/CNRSMH_E_1964_011_003_012.wav;CNRSMH_E_1964_011_003_
items/2016/07/21/import/CNRSMH_E_1964_011_001/CNRSMH_E_1964_011_003_013.wav;CNRSMH_E_1964_011_003_
items/2016/07/21/import/CNRSMH_E_1964_011_001/CNRSMH_E_1964_011_003_014.wav;CNRSMH_E_1964_011_003_
items/2016/07/21/import/CNRSMH_E_1964_011_001/CNRSMH_E_1964_011_003_015.wav;CNRSMH_E_1964_011_003_
items/2016/07/21/import/CNRSMH_E_1964_011_001/CNRSMH_E_1964_011_003_016.wav;CNRSMH_E_1964_011_003_
items/2016/07/21/import/CNRSMH_E_1964_011_001/CNRSMH_E_1964_011_003_017.wav;CNRSMH_E_1964_011_003_
items/2016/07/21/import/CNRSMH_E_1964_011_001/CNRSMH_E_1964_011_003_018.wav;CNRSMH_E_1964_011_003_
items/2016/07/21/import/CNRSMH_E_1964_011_001/CNRSMH_E_1964_011_003_019.wav;CNRSMH_E_1964_011_003_
items/2016/07/21/import/CNRSMH_E_1964_011_001/CNRSMH_E_1964_011_003_020.wav;CNRSMH_E_1964_011_003_
items/2016/07/21/import/CNRSMH_E_1964_011_001/CNRSMH_E_1964_011_003_021.wav;CNRSMH_E_1964_011_003_
items/2016/07/21/import/CNRSMH_E_1964_011_001/CNRSMH_E_1964_011_003_022.wav;CNRSMH_E_1964_011_003_
items/2016/07/21/import/CNRSMH_E_1964_011_001/CNRSMH_E_1964_011_003_023.wav;CNRSMH_E_1964_011_003_
items/2016/07/21/import/CNRSMH_E_1964_011_001/CNRSMH_E_1964_011_003_024.wav;CNRSMH_E_1964_011_003_
items/2016/07/21/import/CNRSMH_E_1964_011_001/CNRSMH_E_1964_011_003_025.wav;CNRSMH_E_1964_011_003_
items/2016/07/21/import/CNRSMH_E_1964_011_001/CNRSMH_E_1964_011_003_026.wav;CNRSMH_E_1964_011_003_
items/2016/07/21/import/CNRSMH_E_1964_011_001/CNRSMH_E_1964_011_003_027.wav;CNRSMH_E_1964_011_003_
items/2016/07/21/import/CNRSMH_E_1964_011_001/CNRSMH_E_1964_011_003_028.wav;CNRSMH_E_1964_011_003_
items/2016/07/21/import/CNRSMH_E_1964_011_001/CNRSMH_E_1964_011_003_029.wav;CNRSMH_E_1964_011_003_
items/2016/07/21/import/CNRSMH_E_1964_011_001/CNRSMH_E_1964_011_003_030.wav;CNRSMH_E_1964_011_003_
items/2016/07/21/import/CNRSMH_E_1964_011_001/CNRSMH_E_1964_011_003_031.wav;CNRSMH_E_1964_011_003_
items/2016/07/21/import/CNRSMH_E_1964_011_001/CNRSMH_E_1964_011_003_032.wav;CNRSMH_E_1964_011_003_
items/2016/07/21/import/CNRSMH_E_1964_011_001/CNRSMH_E_1964_011_003_033.wav;CNRSMH_E_1964_011_003_
items/2016/07/21/import/CNRSMH_E_1964_011_001/CNRSMH_E_1964_011_003_034.wav;CNRSMH_E_1964_011_003_
items/2016/07/21/import/CNRSMH_E_1964_011_001/CNRSMH_E_1964_011_003_035.wav;CNRSMH_E_1964_011_003_
items/2016/07/21/import/CNRSMH_E_1964_011_001/CNRSMH_E_1964_011_003_036.wav;CNRSMH_E_1964_011_003_
items/2016/07/21/import/CNRSMH_E_1964_011_001/CNRSMH_E_1964_011_003_037.wav;CNRSMH_E_1964_011_003_
items/2016/07/21/import/CNRSMH_E_1964_011_001/CNRSMH_E_1964_011_003_038.wav;CNRSMH_E_1964_011_003_
items/2016/07/21/import/CNRSMH_E_1964_011_001/CNRSMH_E_1964_011_003_039.wav;CNRSMH_E_1964_011_003_
items/2016/07/21/import/CNRSMH_E_1964_011_001/CNRSMH_E_1964_011_003_040.wav;CNRSMH_E_1964_011_003_
items/2016/07/21/import/CNRSMH_E_1964_011_001/CNRSMH_E_1964_011_003_041.wav;CNRSMH_E_1964_011_003_
items/2016/07/21/import/CNRSMH_E_1964_011_001/CNRSMH_E_1964_011_004_000.wav;CNRSMH_E_1964_011_004_
items/2016/07/21/import/CNRSMH_E_1964_011_001/CNRSMH_E_1964_011_004_001.wav;CNRSMH_E_1964_011_004_
items/2016/07/21/import/CNRSMH_E_1964_011_001/CNRSMH_E_1964_011_004_002.wav;CNRSMH_E_1964_011_004_
items/2016/07/21/import/CNRSMH_E_1964_011_001/CNRSMH_E_1964_011_004_003.wav;CNRSMH_E_1964_011_004_
items/2016/07/21/import/CNRSMH_E_1964_011_001/CNRSMH_E_1964_011_004_004.wav;CNRSMH_E_1964_011_004_
items/2016/07/21/import/CNRSMH_E_1964_011_001/CNRSMH_E_1964_011_004_005.wav;CNRSMH_E_1964_011_004_
items/2016/07/21/import/CNRSMH_E_1964_011_001/CNRSMH_E_1964_011_004_006.wav;CNRSMH_E_1964_011_004_
items/2016/07/21/import/CNRSMH_E_1964_011_001/CNRSMH_E_1964_011_004_007.wav;CNRSMH_E_1964_011_004_
items/2016/07/21/import/CNRSMH_E_1964_011_001/CNRSMH_E_1964_011_004_008.wav;CNRSMH_E_1964_011_004_
items/2016/07/21/import/CNRSMH_E_1964_011_001/CNRSMH_E_1964_011_004_009.wav;CNRSMH_E_1964_011_004_
items/2016/07/21/import/CNRSMH_E_1964_011_001/CNRSMH_E_1964_011_004_010.wav;CNRSMH_E_1964_011_004_
items/2016/07/21/import/CNRSMH_E_1964_011_001/CNRSMH_E_1964_011_004_011.wav;CNRSMH_E_1964_011_004_
items/2016/07/21/import/CNRSMH_E_1964_011_001/CNRSMH_E_1964_011_004_012.wav;CNRSMH_E_1964_011_004_
items/2016/07/21/import/CNRSMH_E_1964_011_001/CNRSMH_E_1964_011_004_013.wav;CNRSMH_E_1964_011_004_
items/2016/07/21/import/CNRSMH_E_1964_011_001/CNRSMH_E_1964_011_004_014.wav;CNRSMH_E_1964_011_004_
items/2016/07/21/import/CNRSMH_E_1964_011_001/CNRSMH_E_1964_011_004_015.wav;CNRSMH_E_1964_011_004_
items/2016/07/21/import/CNRSMH_E_1964_011_001/CNRSMH_E_1964_011_004_016.wav;CNRSMH_E_1964_011_004_
items/2016/07/21/import/CNRSMH_E_1964_011_001/CNRSMH_E_1964_011_004_017.wav;CNRSMH_E_1964_011_004_
items/2016/07/21/import/CNRSMH_E_1964_011_001/CNRSMH_E_1964_011_004_018.wav;CNRSMH_E_1964_011_004_
items/2016/07/21/import/CNRSMH_E_1964_011_001/CNRSMH_E_1964_011_004_019.wav;CNRSMH_E_1964_011_004_
items/2016/07/21/import/CNRSMH_E_1964_011_001/CNRSMH_E_1964_011_004_020.wav;CNRSMH_E_1964_011_004_
items/2016/07/21/import/CNRSMH_E_1964_011_001/CNRSMH_E_1964_011_004_021.wav;CNRSMH_E_1964_011_004_
items/2016/07/21/import/CNRSMH_E_1964_011_001/CNRSMH_E_1964_011_004_022.wav;CNRSMH_E_1964_011_004_
items/2016/07/21/import/CNRSMH_E_1964_011_001/CNRSMH_E_1964_011_004_023.wav;CNRSMH_E_1964_011_004_
items/2016/07/21/import/CNRSMH_E_1964_011_001/CNRSMH_E_1964_011_004_024.wav;CNRSMH_E_1964_011_004_
items/2016/07/21/import/CNRSMH_E_1964_011_001/CNRSMH_E_1964_011_004_025.wav;CNRSMH_E_1964_011_004_
items/2016/07/21/import/CNRSMH_E_1964_011_001/CNRSMH_E_1964_011_004_026.wav;CNRSMH_E_1964_011_004_
items/2016/07/21/import/CNRSMH_E_1964_011_001/CNRSMH_E_1964_011_004_027.wav;CNRSMH_E_1964_011_004_
items/2016/07/21/import/CNRSMH_E_1964_011_001/CNRSMH_E_1964_011_004_028.wav;CNRSMH_E_1964_011_004_
items/2016/07/21/import/CNRSMH_E_1964_011_001/CNRSMH_E_1964_011_004_029.wav;CNRSMH_E_1964_011_004_
items/2016/07/21/import/CNRSMH_E_1964_011_001/CNRSMH_E_1964_011_004_030.wav;CNRSMH_E_1964_011_004_
items/2016/07/21/import/CNRSMH_E_1964_011_001/CNRSMH_E_1964_011_004_031.wav;CNRSMH_E_1964_011_004_
items/2016/07/21/import/CNRSMH_E_1964_011_001/CNRSMH_E_1964_011_004_032.wav;CNRSMH_E_1964_011_004_
items/2016/07/21/import/CNRSMH_E_1964_011_001/CNRSMH_E_1964_011_004_033.wav;CNRSMH_E_1964_011_004_
items/2016/07/21/import/CNRSMH_E_1964_011_001/CNRSMH_E_1964_011_004_034.wav;CNRSMH_E_1964_011_004_
items/2016/07/21/import/CNRSMH_E_1964_011_001/CNRSMH_E_1964_011_004_035.wav;CNRSMH_E_1964_011_004_
items/2016/07/21/import/CNRSMH_E_1964_011_001/CNRSMH_E_1964_011_004_036.wav;CNRSMH_E_1964_011_004_
items/2016/07/21/import/CNRSMH_E_1964_011_001/CNRSMH_E_1964_011_004_037.wav;CNRSMH_E_1964_011_004_
items/2016/07/21/import/CNRSMH_E_1964_011_001/CNRSMH_E_1964_011_004_038.wav;CNRSMH_E_1964_011_004_
items/2016/07/21/import/CNRSMH_E_1964_011_001/CNRSMH_E_1964_011_004_039.wav;CNRSMH_E_1964_011_004_
items/2016/07/21/import/CNRSMH_E_1964_011_001/CNRSMH_E_1964_011_004_040.wav;CNRSMH_E_1964_011_004_
items/2016/07/21/import/CNRSMH_E_1964_011_001/CNRSMH_E_1964_011_004_041.wav;CNRSMH_E_1964_011_004_
items/2016/07/21/import/CNRSMH_E_1964_011_001/CNRSMH_E_1964_011_005_000.wav;CNRSMH_E_1964_011_005_
items/2016/07/21/import/CNRSMH_E_1964_011_001/CNRSMH_E_1964_011_005_001.wav;CNRSMH_E_1964_011_005_
items/2016/07/21/import/CNRSMH_E_1964_011_001/CNRSMH_E_1964_011_005_002.wav;CNRSMH_E_1964_011_005_
items/2016/07/21/import/CNRSMH_E_1964_011_001/CNRSMH_E_1964_011_005_003.wav;CNRSMH_E_1964_011_005_
items/2016/07/21/import/CNRSMH_E_1964_011_001/CNRSMH_E_1964_011_005_004.wav;CNRSMH_E_1964_011_005_
items/2016/07/21/import/CNRSMH_E_1964_011_001/CNRSMH_E_1964_011_005_005.wav;CNRSMH_E_1964_011_005_
items/2016/07/21/import/CNRSMH_E_1964_011_001/CNRSMH_E_1964_011_005_006.wav;CNRSMH_E_1964_011_005_
items/2016/07/21/import/CNRSMH_E_1964_011_001/CNRSMH_E_1964_011_005_007.wav;CNRSMH_E_1964_011_005_
items/2016/07/21/import/CNRSMH_E_1964_011_001/CNRSMH_E_1964_011_005_008.wav;CNRSMH_E_1964_011_005_
items/2016/07/21/import/CNRSMH_E_1964_011_001/CNRSMH_E_1964_011_005_009.wav;CNRSMH_E_1964_011_005_
items/2016/07/21/import/CNRSMH_E_1964_011_001/CNRSMH_E_1964_011_005_010.wav;CNRSMH_E_1964_011_005_
items/2016/07/21/import/CNRSMH_E_1964_011_001/CNRSMH_E_1964_011_005_011.wav;CNRSMH_E_1964_011_005_
items/2016/07/21/import/CNRSMH_E_1964_011_001/CNRSMH_E_1964_011_005_012.wav;CNRSMH_E_1964_011_005_
items/2016/07/21/import/CNRSMH_E_1964_011_001/CNRSMH_E_1964_011_005_013.wav;CNRSMH_E_1964_011_005_
items/2016/07/21/import/CNRSMH_E_1964_011_001/CNRSMH_E_1964_011_005_014.wav;CNRSMH_E_1964_011_005_
items/2016/07/21/import/CNRSMH_E_1964_011_001/CNRSMH_E_1964_011_005_015.wav;CNRSMH_E_1964_011_005_
items/2016/07/21/import/CNRSMH_E_1964_011_001/CNRSMH_E_1964_011_005_016.wav;CNRSMH_E_1964_011_005_
items/2016/07/21/import/CNRSMH_E_1964_011_001/CNRSMH_E_1964_011_005_017.wav;CNRSMH_E_1964_011_005_
items/2016/07/21/import/CNRSMH_E_1964_011_001/CNRSMH_E_1964_011_005_018.wav;CNRSMH_E_1964_011_005_
items/2016/07/21/import/CNRSMH_E_1964_011_001/CNRSMH_E_1964_011_005_019.wav;CNRSMH_E_1964_011_005_
items/2016/07/21/import/CNRSMH_E_1964_011_001/CNRSMH_E_1964_011_005_020.wav;CNRSMH_E_1964_011_005_
items/2016/07/21/import/CNRSMH_E_1964_011_001/CNRSMH_E_1964_011_005_021.wav;CNRSMH_E_1964_011_005_
items/2016/07/21/import/CNRSMH_E_1964_011_001/CNRSMH_E_1964_011_005_022.wav;CNRSMH_E_1964_011_005_
items/2016/07/21/import/CNRSMH_E_1964_011_001/CNRSMH_E_1964_011_005_023.wav;CNRSMH_E_1964_011_005_
items/2016/07/21/import/CNRSMH_E_1964_011_001/CNRSMH_E_1964_011_005_024.wav;CNRSMH_E_1964_011_005_
items/2016/07/21/import/CNRSMH_E_1964_011_001/CNRSMH_E_1964_011_005_025.wav;CNRSMH_E_1964_011_005_
items/2016/07/21/import/CNRSMH_E_1964_011_001/CNRSMH_E_1964_011_005_026.wav;CNRSMH_E_1964_011_005_
items/2016/07/21/import/CNRSMH_E_1964_011_001/CNRSMH_E_1964_011_005_027.wav;CNRSMH_E_1964_011_005_
items/2016/07/21/import/CNRSMH_E_1964_011_001/CNRSMH_E_1964_011_005_028.wav;CNRSMH_E_1964_011_005_
items/2016/07/21/import/CNRSMH_E_1964_011_001/CNRSMH_E_1964_011_005_029.wav;CNRSMH_E_1964_011_005_
items/2016/07/21/import/CNRSMH_E_1964_011_001/CNRSMH_E_1964_011_005_030.wav;CNRSMH_E_1964_011_005_
items/2016/07/21/import/CNRSMH_E_1964_011_001/CNRSMH_E_1964_011_005_031.wav;CNRSMH_E_1964_011_005_
items/2016/07/21/import/CNRSMH_E_1964_011_001/CNRSMH_E_1964_011_005_032.wav;CNRSMH_E_1964_011_005_
items/2016/07/21/import/CNRSMH_E_1964_011_001/CNRSMH_E_1964_011_005_033.wav;CNRSMH_E_1964_011_005_
items/2016/07/21/import/CNRSMH_E_1964_011_001/CNRSMH_E_1964_011_005_034.wav;CNRSMH_E_1964_011_005_
items/2016/07/21/import/CNRSMH_E_1964_011_001/CNRSMH_E_1964_011_005_035.wav;CNRSMH_E_1964_011_005_
items/2016/07/21/import/CNRSMH_E_1964_011_001/CNRSMH_E_1964_011_005_036.wav;CNRSMH_E_1964_011_005_
items/2016/07/21/import/CNRSMH_E_1964_011_001/CNRSMH_E_1964_011_005_037.wav;CNRSMH_E_1964_011_005_
items/2016/07/21/import/CNRSMH_E_1964_011_001/CNRSMH_E_1964_011_005_038.wav;CNRSMH_E_1964_011_005_
items/2016/07/21/import/CNRSMH_E_1964_011_001/CNRSMH_E_1964_011_005_039.wav;CNRSMH_E_1964_011_005_
items/2016/07/21/import/CNRSMH_E_1964_011_001/CNRSMH_E_1964_011_005_040.wav;CNRSMH_E_1964_011_005_
items/2016/07/21/import/CNRSMH_E_1964_011_001/CNRSMH_E_1964_011_005_041.wav;CNRSMH_E_1964_011_005_
items/2016/07/21/import/CNRSMH_E_1969_029_001/CNRSMH_E_1969_029_001_000.wav;CNRSMH_E_1969_029_001_
items/2016/07/21/import/CNRSMH_E_1969_029_001/CNRSMH_E_1969_029_001_001.wav;CNRSMH_E_1969_029_001_
items/2016/07/21/import/CNRSMH_E_1969_029_001/CNRSMH_E_1969_029_001_002.wav;CNRSMH_E_1969_029_001_
items/2016/07/21/import/CNRSMH_E_1969_029_001/CNRSMH_E_1969_029_001_003.wav;CNRSMH_E_1969_029_001_
items/2016/07/21/import/CNRSMH_E_1969_029_001/CNRSMH_E_1969_029_001_004.wav;CNRSMH_E_1969_029_001_
items/2016/07/21/import/CNRSMH_E_1969_029_001/CNRSMH_E_1969_029_001_005.wav;CNRSMH_E_1969_029_001_
items/2016/07/21/import/CNRSMH_E_1969_029_001/CNRSMH_E_1969_029_001_006.wav;CNRSMH_E_1969_029_001_
items/2016/07/21/import/CNRSMH_E_1969_029_001/CNRSMH_E_1969_029_001_007.wav;CNRSMH_E_1969_029_001_
items/2016/07/21/import/CNRSMH_E_1969_029_001/CNRSMH_E_1969_029_001_008.wav;CNRSMH_E_1969_029_001_
items/2016/07/21/import/CNRSMH_E_1969_029_001/CNRSMH_E_1969_029_001_009.wav;CNRSMH_E_1969_029_001_
items/2016/07/21/import/CNRSMH_E_1969_029_001/CNRSMH_E_1969_029_001_010.wav;CNRSMH_E_1969_029_001_
items/2016/07/21/import/CNRSMH_E_1969_029_001/CNRSMH_E_1969_029_001_011.wav;CNRSMH_E_1969_029_001_
items/2016/07/21/import/CNRSMH_E_1969_029_001/CNRSMH_E_1969_029_001_012.wav;CNRSMH_E_1969_029_001_
items/2016/07/21/import/CNRSMH_E_1969_029_001/CNRSMH_E_1969_029_001_013.wav;CNRSMH_E_1969_029_001_
items/2016/07/21/import/CNRSMH_E_1969_029_001/CNRSMH_E_1969_029_001_014.wav;CNRSMH_E_1969_029_001_
items/2016/07/21/import/CNRSMH_E_1969_029_001/CNRSMH_E_1969_029_001_015.wav;CNRSMH_E_1969_029_001_
items/2016/07/21/import/CNRSMH_E_1969_029_001/CNRSMH_E_1969_029_001_016.wav;CNRSMH_E_1969_029_001_
items/2016/07/21/import/CNRSMH_E_1969_029_001/CNRSMH_E_1969_029_001_017.wav;CNRSMH_E_1969_029_001_
items/2016/07/21/import/CNRSMH_E_1969_029_001/CNRSMH_E_1969_029_001_018.wav;CNRSMH_E_1969_029_001_
items/2016/07/21/import/CNRSMH_E_1969_029_001/CNRSMH_E_1969_029_001_019.wav;CNRSMH_E_1969_029_001_
items/2016/07/21/import/CNRSMH_E_1969_029_001/CNRSMH_E_1969_029_001_020.wav;CNRSMH_E_1969_029_001_
items/2016/07/21/import/CNRSMH_E_1969_029_001/CNRSMH_E_1969_029_001_021.wav;CNRSMH_E_1969_029_001_
items/2016/07/21/import/CNRSMH_E_1969_029_001/CNRSMH_E_1969_029_001_022.wav;CNRSMH_E_1969_029_001_
items/2016/07/21/import/CNRSMH_E_1969_029_001/CNRSMH_E_1969_029_001_023.wav;CNRSMH_E_1969_029_001_
items/2016/07/21/import/CNRSMH_E_1969_029_001/CNRSMH_E_1969_029_001_024.wav;CNRSMH_E_1969_029_001_
items/2016/07/21/import/CNRSMH_E_1969_029_001/CNRSMH_E_1969_029_001_025.wav;CNRSMH_E_1969_029_001_
items/2016/07/21/import/CNRSMH_E_1969_029_001/CNRSMH_E_1969_029_001_026.wav;CNRSMH_E_1969_029_001_
items/2016/07/21/import/CNRSMH_E_1969_029_001/CNRSMH_E_1969_029_001_027.wav;CNRSMH_E_1969_029_001_
items/2016/07/21/import/CNRSMH_E_1969_029_001/CNRSMH_E_1969_029_001_028.wav;CNRSMH_E_1969_029_001_
items/2016/07/21/import/CNRSMH_E_1969_029_001/CNRSMH_E_1969_029_001_029.wav;CNRSMH_E_1969_029_001_
items/2016/07/21/import/CNRSMH_E_1969_029_001/CNRSMH_E_1969_029_001_030.wav;CNRSMH_E_1969_029_001_
items/2016/07/21/import/CNRSMH_E_1969_029_001/CNRSMH_E_1969_029_001_031.wav;CNRSMH_E_1969_029_001_
items/2016/07/21/import/CNRSMH_E_1969_029_001/CNRSMH_E_1969_029_001_032.wav;CNRSMH_E_1969_029_001_
items/2016/07/21/import/CNRSMH_E_1969_029_001/CNRSMH_E_1969_029_001_033.wav;CNRSMH_E_1969_029_001_
items/2016/07/21/import/CNRSMH_E_1969_029_001/CNRSMH_E_1969_029_001_034.wav;CNRSMH_E_1969_029_001_
items/2016/07/21/import/CNRSMH_E_1969_029_001/CNRSMH_E_1969_029_001_035.wav;CNRSMH_E_1969_029_001_
items/2016/07/21/import/CNRSMH_E_1969_029_001/CNRSMH_E_1969_029_001_036.wav;CNRSMH_E_1969_029_001_
items/2016/07/21/import/CNRSMH_E_1969_029_001/CNRSMH_E_1969_029_001_037.wav;CNRSMH_E_1969_029_001_
items/2016/07/21/import/CNRSMH_E_1969_029_001/CNRSMH_E_1969_029_002_000.wav;CNRSMH_E_1969_029_002_
items/2016/07/21/import/CNRSMH_E_1969_029_001/CNRSMH_E_1969_029_002_001.wav;CNRSMH_E_1969_029_002_
items/2016/07/21/import/CNRSMH_E_1969_029_001/CNRSMH_E_1969_029_002_002.wav;CNRSMH_E_1969_029_002_
items/2016/07/21/import/CNRSMH_E_1969_029_001/CNRSMH_E_1969_029_002_003.wav;CNRSMH_E_1969_029_002_
items/2016/07/21/import/CNRSMH_E_1969_029_001/CNRSMH_E_1969_029_002_004.wav;CNRSMH_E_1969_029_002_
items/2016/07/21/import/CNRSMH_E_1969_029_001/CNRSMH_E_1969_029_002_005.wav;CNRSMH_E_1969_029_002_
items/2016/07/21/import/CNRSMH_E_1969_029_001/CNRSMH_E_1969_029_002_006.wav;CNRSMH_E_1969_029_002_
items/2016/07/21/import/CNRSMH_E_1969_029_001/CNRSMH_E_1969_029_002_007.wav;CNRSMH_E_1969_029_002_
items/2016/07/21/import/CNRSMH_E_1969_029_001/CNRSMH_E_1969_029_002_008.wav;CNRSMH_E_1969_029_002_
items/2016/07/21/import/CNRSMH_E_1969_029_001/CNRSMH_E_1969_029_002_009.wav;CNRSMH_E_1969_029_002_
items/2016/07/21/import/CNRSMH_E_1969_029_001/CNRSMH_E_1969_029_002_010.wav;CNRSMH_E_1969_029_002_
items/2016/07/21/import/CNRSMH_E_1969_029_001/CNRSMH_E_1969_029_002_011.wav;CNRSMH_E_1969_029_002_
items/2016/07/21/import/CNRSMH_E_1969_029_001/CNRSMH_E_1969_029_002_012.wav;CNRSMH_E_1969_029_002_
items/2016/07/21/import/CNRSMH_E_1969_029_001/CNRSMH_E_1969_029_002_013.wav;CNRSMH_E_1969_029_002_
items/2016/07/21/import/CNRSMH_E_1969_029_001/CNRSMH_E_1969_029_002_014.wav;CNRSMH_E_1969_029_002_
items/2016/07/21/import/CNRSMH_E_1969_029_001/CNRSMH_E_1969_029_002_015.wav;CNRSMH_E_1969_029_002_
items/2016/07/21/import/CNRSMH_E_1969_029_001/CNRSMH_E_1969_029_002_016.wav;CNRSMH_E_1969_029_002_
items/2016/07/21/import/CNRSMH_E_1969_029_001/CNRSMH_E_1969_029_002_017.wav;CNRSMH_E_1969_029_002_
items/2016/07/21/import/CNRSMH_E_1969_029_001/CNRSMH_E_1969_029_002_018.wav;CNRSMH_E_1969_029_002_
items/2016/07/21/import/CNRSMH_E_1969_029_001/CNRSMH_E_1969_029_002_019.wav;CNRSMH_E_1969_029_002_
items/2016/07/21/import/CNRSMH_E_1969_029_001/CNRSMH_E_1969_029_002_020.wav;CNRSMH_E_1969_029_002_
items/2016/07/21/import/CNRSMH_E_1969_029_001/CNRSMH_E_1969_029_002_021.wav;CNRSMH_E_1969_029_002_
items/2016/07/21/import/CNRSMH_E_1969_029_001/CNRSMH_E_1969_029_002_022.wav;CNRSMH_E_1969_029_002_
items/2016/07/21/import/CNRSMH_E_1969_029_001/CNRSMH_E_1969_029_002_023.wav;CNRSMH_E_1969_029_002_
items/2016/07/21/import/CNRSMH_E_1969_029_001/CNRSMH_E_1969_029_002_024.wav;CNRSMH_E_1969_029_002_
items/2016/07/21/import/CNRSMH_E_1969_029_001/CNRSMH_E_1969_029_002_025.wav;CNRSMH_E_1969_029_002_
items/2016/07/21/import/CNRSMH_E_1969_029_001/CNRSMH_E_1969_029_002_026.wav;CNRSMH_E_1969_029_002_
items/2016/07/21/import/CNRSMH_E_1969_029_001/CNRSMH_E_1969_029_002_027.wav;CNRSMH_E_1969_029_002_
items/2016/07/21/import/CNRSMH_E_1969_029_001/CNRSMH_E_1969_029_002_028.wav;CNRSMH_E_1969_029_002_
items/2016/07/21/import/CNRSMH_E_1969_029_001/CNRSMH_E_1969_029_002_029.wav;CNRSMH_E_1969_029_002_
items/2016/07/21/import/CNRSMH_E_1969_029_001/CNRSMH_E_1969_029_002_030.wav;CNRSMH_E_1969_029_002_
items/2016/07/21/import/CNRSMH_E_1969_029_001/CNRSMH_E_1969_029_002_031.wav;CNRSMH_E_1969_029_002_
items/2016/07/21/import/CNRSMH_E_1969_029_001/CNRSMH_E_1969_029_002_032.wav;CNRSMH_E_1969_029_002_
items/2016/07/21/import/CNRSMH_E_1969_029_001/CNRSMH_E_1969_029_002_033.wav;CNRSMH_E_1969_029_002_
items/2016/07/21/import/CNRSMH_E_1969_029_001/CNRSMH_E_1969_029_002_034.wav;CNRSMH_E_1969_029_002_
items/2016/07/21/import/CNRSMH_E_1969_029_001/CNRSMH_E_1969_029_002_035.wav;CNRSMH_E_1969_029_002_
items/2016/07/21/import/CNRSMH_E_1969_029_001/CNRSMH_E_1969_029_002_036.wav;CNRSMH_E_1969_029_002_
items/2016/07/21/import/CNRSMH_E_1969_029_001/CNRSMH_E_1969_029_002_037.wav;CNRSMH_E_1969_029_002_
items/2016/07/21/import/CNRSMH_E_1969_029_001/CNRSMH_E_1969_029_003_000.wav;CNRSMH_E_1969_029_003_
items/2016/07/21/import/CNRSMH_E_1969_029_001/CNRSMH_E_1969_029_003_001.wav;CNRSMH_E_1969_029_003_
items/2016/07/21/import/CNRSMH_E_1969_029_001/CNRSMH_E_1969_029_003_002.wav;CNRSMH_E_1969_029_003_
items/2016/07/21/import/CNRSMH_E_1969_029_001/CNRSMH_E_1969_029_003_003.wav;CNRSMH_E_1969_029_003_
items/2016/07/21/import/CNRSMH_E_1969_029_001/CNRSMH_E_1969_029_003_004.wav;CNRSMH_E_1969_029_003_
items/2016/07/21/import/CNRSMH_E_1969_029_001/CNRSMH_E_1969_029_003_005.wav;CNRSMH_E_1969_029_003_
items/2016/07/21/import/CNRSMH_E_1969_029_001/CNRSMH_E_1969_029_003_006.wav;CNRSMH_E_1969_029_003_
items/2016/07/21/import/CNRSMH_E_1969_029_001/CNRSMH_E_1969_029_003_007.wav;CNRSMH_E_1969_029_003_
items/2016/07/21/import/CNRSMH_E_1969_029_001/CNRSMH_E_1969_029_003_008.wav;CNRSMH_E_1969_029_003_
items/2016/07/21/import/CNRSMH_E_1969_029_001/CNRSMH_E_1969_029_003_009.wav;CNRSMH_E_1969_029_003_
items/2016/07/21/import/CNRSMH_E_1969_029_001/CNRSMH_E_1969_029_003_010.wav;CNRSMH_E_1969_029_003_
items/2016/07/21/import/CNRSMH_E_1969_029_001/CNRSMH_E_1969_029_003_011.wav;CNRSMH_E_1969_029_003_
items/2016/07/21/import/CNRSMH_E_1969_029_001/CNRSMH_E_1969_029_003_012.wav;CNRSMH_E_1969_029_003_
items/2016/07/21/import/CNRSMH_E_1969_029_001/CNRSMH_E_1969_029_003_013.wav;CNRSMH_E_1969_029_003_
items/2016/07/21/import/CNRSMH_E_1969_029_001/CNRSMH_E_1969_029_003_014.wav;CNRSMH_E_1969_029_003_
items/2016/07/21/import/CNRSMH_E_1969_029_001/CNRSMH_E_1969_029_003_015.wav;CNRSMH_E_1969_029_003_
items/2016/07/21/import/CNRSMH_E_1969_029_001/CNRSMH_E_1969_029_003_016.wav;CNRSMH_E_1969_029_003_
items/2016/07/21/import/CNRSMH_E_1969_029_001/CNRSMH_E_1969_029_003_017.wav;CNRSMH_E_1969_029_003_
items/2016/07/21/import/CNRSMH_E_1969_029_001/CNRSMH_E_1969_029_003_018.wav;CNRSMH_E_1969_029_003_
items/2016/07/21/import/CNRSMH_E_1969_029_001/CNRSMH_E_1969_029_003_019.wav;CNRSMH_E_1969_029_003_
items/2016/07/21/import/CNRSMH_E_1969_029_001/CNRSMH_E_1969_029_003_020.wav;CNRSMH_E_1969_029_003_
items/2016/07/21/import/CNRSMH_E_1969_029_001/CNRSMH_E_1969_029_003_021.wav;CNRSMH_E_1969_029_003_
items/2016/07/21/import/CNRSMH_E_1969_029_001/CNRSMH_E_1969_029_003_022.wav;CNRSMH_E_1969_029_003_
items/2016/07/21/import/CNRSMH_E_1969_029_001/CNRSMH_E_1969_029_003_023.wav;CNRSMH_E_1969_029_003_
items/2016/07/21/import/CNRSMH_E_1969_029_001/CNRSMH_E_1969_029_003_024.wav;CNRSMH_E_1969_029_003_
items/2016/07/21/import/CNRSMH_E_1969_029_001/CNRSMH_E_1969_029_003_025.wav;CNRSMH_E_1969_029_003_
items/2016/07/21/import/CNRSMH_E_1969_029_001/CNRSMH_E_1969_029_003_026.wav;CNRSMH_E_1969_029_003_
items/2016/07/21/import/CNRSMH_E_1969_029_001/CNRSMH_E_1969_029_003_027.wav;CNRSMH_E_1969_029_003_
items/2016/07/21/import/CNRSMH_E_1969_029_001/CNRSMH_E_1969_029_003_028.wav;CNRSMH_E_1969_029_003_
items/2016/07/21/import/CNRSMH_E_1969_029_001/CNRSMH_E_1969_029_003_029.wav;CNRSMH_E_1969_029_003_
items/2016/07/21/import/CNRSMH_E_1969_029_001/CNRSMH_E_1969_029_003_030.wav;CNRSMH_E_1969_029_003_
items/2016/07/21/import/CNRSMH_E_1969_029_001/CNRSMH_E_1969_029_003_031.wav;CNRSMH_E_1969_029_003_
items/2016/07/21/import/CNRSMH_E_1969_029_001/CNRSMH_E_1969_029_003_032.wav;CNRSMH_E_1969_029_003_
items/2016/07/21/import/CNRSMH_E_1969_029_001/CNRSMH_E_1969_029_003_033.wav;CNRSMH_E_1969_029_003_
items/2016/07/21/import/CNRSMH_E_1969_029_001/CNRSMH_E_1969_029_003_034.wav;CNRSMH_E_1969_029_003_
items/2016/07/21/import/CNRSMH_E_1969_029_001/CNRSMH_E_1969_029_003_035.wav;CNRSMH_E_1969_029_003_
items/2016/07/21/import/CNRSMH_E_1969_029_001/CNRSMH_E_1969_029_003_036.wav;CNRSMH_E_1969_029_003_
items/2016/07/21/import/CNRSMH_E_1969_029_001/CNRSMH_E_1969_029_003_037.wav;CNRSMH_E_1969_029_003_
items/2016/07/21/import/CNRSMH_E_1969_029_001/CNRSMH_E_1969_029_005_000.wav;CNRSMH_E_1969_029_005_
items/2016/07/21/import/CNRSMH_E_1969_029_001/CNRSMH_E_1969_029_005_001.wav;CNRSMH_E_1969_029_005_
items/2016/07/21/import/CNRSMH_E_1969_029_001/CNRSMH_E_1969_029_005_002.wav;CNRSMH_E_1969_029_005_
items/2016/07/21/import/CNRSMH_E_1969_029_001/CNRSMH_E_1969_029_005_003.wav;CNRSMH_E_1969_029_005_
items/2016/07/21/import/CNRSMH_E_1969_029_001/CNRSMH_E_1969_029_005_004.wav;CNRSMH_E_1969_029_005_
items/2016/07/21/import/CNRSMH_E_1969_029_001/CNRSMH_E_1969_029_005_005.wav;CNRSMH_E_1969_029_005_
items/2016/07/21/import/CNRSMH_E_1969_029_001/CNRSMH_E_1969_029_005_006.wav;CNRSMH_E_1969_029_005_
items/2016/07/21/import/CNRSMH_E_1969_029_001/CNRSMH_E_1969_029_005_007.wav;CNRSMH_E_1969_029_005_
items/2016/07/21/import/CNRSMH_E_1969_029_001/CNRSMH_E_1969_029_005_008.wav;CNRSMH_E_1969_029_005_
items/2016/07/21/import/CNRSMH_E_1969_029_001/CNRSMH_E_1969_029_005_009.wav;CNRSMH_E_1969_029_005_
items/2016/07/21/import/CNRSMH_E_1969_029_001/CNRSMH_E_1969_029_005_010.wav;CNRSMH_E_1969_029_005_
items/2016/07/21/import/CNRSMH_E_1969_029_001/CNRSMH_E_1969_029_005_011.wav;CNRSMH_E_1969_029_005_
items/2016/07/21/import/CNRSMH_E_1969_029_001/CNRSMH_E_1969_029_005_012.wav;CNRSMH_E_1969_029_005_
items/2016/07/21/import/CNRSMH_E_1969_029_001/CNRSMH_E_1969_029_005_013.wav;CNRSMH_E_1969_029_005_
items/2016/07/21/import/CNRSMH_E_1969_029_001/CNRSMH_E_1969_029_005_014.wav;CNRSMH_E_1969_029_005_
items/2016/07/21/import/CNRSMH_E_1969_029_001/CNRSMH_E_1969_029_005_015.wav;CNRSMH_E_1969_029_005_
items/2016/07/21/import/CNRSMH_E_1969_029_001/CNRSMH_E_1969_029_005_016.wav;CNRSMH_E_1969_029_005_
items/2016/07/21/import/CNRSMH_E_1969_029_001/CNRSMH_E_1969_029_005_017.wav;CNRSMH_E_1969_029_005_
items/2016/07/21/import/CNRSMH_E_1969_029_001/CNRSMH_E_1969_029_005_018.wav;CNRSMH_E_1969_029_005_
items/2016/07/21/import/CNRSMH_E_1969_029_001/CNRSMH_E_1969_029_005_019.wav;CNRSMH_E_1969_029_005_
items/2016/07/21/import/CNRSMH_E_1969_029_001/CNRSMH_E_1969_029_005_020.wav;CNRSMH_E_1969_029_005_
items/2016/07/21/import/CNRSMH_E_1969_029_001/CNRSMH_E_1969_029_005_021.wav;CNRSMH_E_1969_029_005_
items/2016/07/21/import/CNRSMH_E_1969_029_001/CNRSMH_E_1969_029_005_022.wav;CNRSMH_E_1969_029_005_
items/2016/07/21/import/CNRSMH_E_1969_029_001/CNRSMH_E_1969_029_005_023.wav;CNRSMH_E_1969_029_005_
items/2016/07/21/import/CNRSMH_E_1969_029_001/CNRSMH_E_1969_029_005_024.wav;CNRSMH_E_1969_029_005_
items/2016/07/21/import/CNRSMH_E_1969_029_001/CNRSMH_E_1969_029_005_025.wav;CNRSMH_E_1969_029_005_
items/2016/07/21/import/CNRSMH_E_1969_029_001/CNRSMH_E_1969_029_005_026.wav;CNRSMH_E_1969_029_005_
items/2016/07/21/import/CNRSMH_E_1969_029_001/CNRSMH_E_1969_029_005_027.wav;CNRSMH_E_1969_029_005_
items/2016/07/21/import/CNRSMH_E_1969_029_001/CNRSMH_E_1969_029_005_028.wav;CNRSMH_E_1969_029_005_
items/2016/07/21/import/CNRSMH_E_1969_029_001/CNRSMH_E_1969_029_005_029.wav;CNRSMH_E_1969_029_005_
items/2016/07/21/import/CNRSMH_E_1969_029_001/CNRSMH_E_1969_029_005_030.wav;CNRSMH_E_1969_029_005_
items/2016/07/21/import/CNRSMH_E_1969_029_001/CNRSMH_E_1969_029_005_031.wav;CNRSMH_E_1969_029_005_
items/2016/07/21/import/CNRSMH_E_1969_029_001/CNRSMH_E_1969_029_005_032.wav;CNRSMH_E_1969_029_005_
items/2016/07/21/import/CNRSMH_E_1969_029_001/CNRSMH_E_1969_029_005_033.wav;CNRSMH_E_1969_029_005_
items/2016/07/21/import/CNRSMH_E_1969_029_001/CNRSMH_E_1969_029_005_034.wav;CNRSMH_E_1969_029_005_
items/2016/07/21/import/CNRSMH_E_1969_029_001/CNRSMH_E_1969_029_005_035.wav;CNRSMH_E_1969_029_005_
items/2016/07/21/import/CNRSMH_E_1969_029_001/CNRSMH_E_1969_029_005_036.wav;CNRSMH_E_1969_029_005_
items/2016/07/21/import/CNRSMH_E_1969_029_001/CNRSMH_E_1969_029_005_037.wav;CNRSMH_E_1969_029_005_
items/2016/07/21/import/CNRSMH_E_1969_029_001/CNRSMH_E_1969_029_005_038.wav;CNRSMH_E_1969_029_005_
items/2016/07/21/import/CNRSMH_E_1969_029_001/CNRSMH_E_1969_029_006_000.wav;CNRSMH_E_1969_029_006_
items/2016/07/21/import/CNRSMH_E_1969_029_001/CNRSMH_E_1969_029_006_001.wav;CNRSMH_E_1969_029_006_
items/2016/07/21/import/CNRSMH_E_1969_029_001/CNRSMH_E_1969_029_006_002.wav;CNRSMH_E_1969_029_006_
items/2016/07/21/import/CNRSMH_E_1969_029_001/CNRSMH_E_1969_029_006_003.wav;CNRSMH_E_1969_029_006_
items/2016/07/21/import/CNRSMH_E_1969_029_001/CNRSMH_E_1969_029_006_004.wav;CNRSMH_E_1969_029_006_
items/2016/07/21/import/CNRSMH_E_1969_029_001/CNRSMH_E_1969_029_006_005.wav;CNRSMH_E_1969_029_006_
items/2016/07/21/import/CNRSMH_E_1969_029_001/CNRSMH_E_1969_029_006_006.wav;CNRSMH_E_1969_029_006_
items/2016/07/21/import/CNRSMH_E_1969_029_001/CNRSMH_E_1969_029_006_007.wav;CNRSMH_E_1969_029_006_
items/2016/07/21/import/CNRSMH_E_1969_029_001/CNRSMH_E_1969_029_006_008.wav;CNRSMH_E_1969_029_006_
items/2016/07/21/import/CNRSMH_E_1969_029_001/CNRSMH_E_1969_029_006_009.wav;CNRSMH_E_1969_029_006_
items/2016/07/21/import/CNRSMH_E_1969_029_001/CNRSMH_E_1969_029_006_010.wav;CNRSMH_E_1969_029_006_
items/2016/07/21/import/CNRSMH_E_1969_029_001/CNRSMH_E_1969_029_006_011.wav;CNRSMH_E_1969_029_006_
items/2016/07/21/import/CNRSMH_E_1969_029_001/CNRSMH_E_1969_029_006_012.wav;CNRSMH_E_1969_029_006_
items/2016/07/21/import/CNRSMH_E_1969_029_001/CNRSMH_E_1969_029_006_013.wav;CNRSMH_E_1969_029_006_
items/2016/07/21/import/CNRSMH_E_1969_029_001/CNRSMH_E_1969_029_006_014.wav;CNRSMH_E_1969_029_006_
items/2016/07/21/import/CNRSMH_E_1969_029_001/CNRSMH_E_1969_029_006_015.wav;CNRSMH_E_1969_029_006_
items/2016/07/21/import/CNRSMH_E_1969_029_001/CNRSMH_E_1969_029_006_016.wav;CNRSMH_E_1969_029_006_
items/2016/07/21/import/CNRSMH_E_1969_029_001/CNRSMH_E_1969_029_006_017.wav;CNRSMH_E_1969_029_006_
items/2016/07/21/import/CNRSMH_E_1969_029_001/CNRSMH_E_1969_029_006_018.wav;CNRSMH_E_1969_029_006_
items/2016/07/21/import/CNRSMH_E_1969_029_001/CNRSMH_E_1969_029_006_019.wav;CNRSMH_E_1969_029_006_
items/2016/07/21/import/CNRSMH_E_1969_029_001/CNRSMH_E_1969_029_006_020.wav;CNRSMH_E_1969_029_006_
items/2016/07/21/import/CNRSMH_E_1969_029_001/CNRSMH_E_1969_029_006_021.wav;CNRSMH_E_1969_029_006_
items/2016/07/21/import/CNRSMH_E_1969_029_001/CNRSMH_E_1969_029_006_022.wav;CNRSMH_E_1969_029_006_
items/2016/07/21/import/CNRSMH_E_1969_029_001/CNRSMH_E_1969_029_006_023.wav;CNRSMH_E_1969_029_006_
items/2016/07/21/import/CNRSMH_E_1969_029_001/CNRSMH_E_1969_029_006_024.wav;CNRSMH_E_1969_029_006_
items/2016/07/21/import/CNRSMH_E_1969_029_001/CNRSMH_E_1969_029_006_025.wav;CNRSMH_E_1969_029_006_
items/2016/07/21/import/CNRSMH_E_1969_029_001/CNRSMH_E_1969_029_006_026.wav;CNRSMH_E_1969_029_006_
items/2016/07/21/import/CNRSMH_E_1969_029_001/CNRSMH_E_1969_029_006_027.wav;CNRSMH_E_1969_029_006_
items/2016/07/21/import/CNRSMH_E_1969_029_001/CNRSMH_E_1969_029_006_028.wav;CNRSMH_E_1969_029_006_
items/2016/07/21/import/CNRSMH_E_1969_029_001/CNRSMH_E_1969_029_006_029.wav;CNRSMH_E_1969_029_006_
items/2016/07/21/import/CNRSMH_E_1969_029_001/CNRSMH_E_1969_029_006_030.wav;CNRSMH_E_1969_029_006_
items/2016/07/21/import/CNRSMH_E_1969_029_001/CNRSMH_E_1969_029_006_031.wav;CNRSMH_E_1969_029_006_
items/2016/07/21/import/CNRSMH_E_1969_029_001/CNRSMH_E_1969_029_006_032.wav;CNRSMH_E_1969_029_006_
items/2016/07/21/import/CNRSMH_E_1969_029_001/CNRSMH_E_1969_029_006_033.wav;CNRSMH_E_1969_029_006_
items/2016/07/21/import/CNRSMH_E_1969_029_001/CNRSMH_E_1969_029_006_034.wav;CNRSMH_E_1969_029_006_
items/2016/07/21/import/CNRSMH_E_1969_029_001/CNRSMH_E_1969_029_006_035.wav;CNRSMH_E_1969_029_006_
items/2016/07/21/import/CNRSMH_E_1969_029_001/CNRSMH_E_1969_029_006_036.wav;CNRSMH_E_1969_029_006_
items/2016/07/21/import/CNRSMH_E_1969_029_001/CNRSMH_E_1969_029_006_037.wav;CNRSMH_E_1969_029_006_
items/2016/07/21/import/CNRSMH_E_1969_029_001/CNRSMH_E_1969_029_006_038.wav;CNRSMH_E_1969_029_006_
items/2016/07/21/import/CNRSMH_E_2003_015_002/CNRSMH_E_2003_015_002_001_01.wav;CNRSMH_E_2003_015_002_
items/2016/07/21/import/CNRSMH_E_2003_015_002/CNRSMH_E_2003_015_002_001_02.wav;CNRSMH_E_2003_015_002_
items/2016/07/21/import/CNRSMH_E_2003_015_002/CNRSMH_E_2003_015_002_001_03.wav;CNRSMH_E_2003_015_002_
items/2016/07/21/import/CNRSMH_E_2003_015_002/CNRSMH_E_2003_015_002_001_04.wav;CNRSMH_E_2003_015_002_
items/2016/07/21/import/CNRSMH_E_2003_015_002/CNRSMH_E_2003_015_002_001_05.wav;CNRSMH_E_2003_015_002_
items/2016/07/21/import/CNRSMH_E_2003_015_002/CNRSMH_E_2003_015_002_001_06.wav;CNRSMH_E_2003_015_002_
items/2016/07/21/import/CNRSMH_E_2003_015_002/CNRSMH_E_2003_015_002_001_07.wav;CNRSMH_E_2003_015_002_
items/2016/07/21/import/CNRSMH_E_2003_015_002/CNRSMH_E_2003_015_002_001_08.wav;CNRSMH_E_2003_015_002_
items/2016/07/21/import/CNRSMH_E_2003_015_002/CNRSMH_E_2003_015_002_001_09.wav;CNRSMH_E_2003_015_002_
items/2016/07/21/import/CNRSMH_E_2003_015_002/CNRSMH_E_2003_015_002_001_10.wav;CNRSMH_E_2003_015_002_
items/2016/07/21/import/CNRSMH_E_2003_015_002/CNRSMH_E_2003_015_002_001_11.wav;CNRSMH_E_2003_015_002_
items/2016/07/21/import/CNRSMH_E_2003_015_002/CNRSMH_E_2003_015_002_001_12.wav;CNRSMH_E_2003_015_002_
items/2016/07/21/import/CNRSMH_E_2003_015_002/CNRSMH_E_2003_015_002_001_13.wav;CNRSMH_E_2003_015_002_
items/2016/07/21/import/CNRSMH_E_2003_015_002/CNRSMH_E_2003_015_002_001_14.wav;CNRSMH_E_2003_015_002_
items/2016/07/21/import/CNRSMH_E_2003_015_002/CNRSMH_E_2003_015_002_001_15.wav;CNRSMH_E_2003_015_002_
items/2016/07/21/import/CNRSMH_E_2003_015_002/CNRSMH_E_2003_015_002_001_16.wav;CNRSMH_E_2003_015_002_
items/2016/07/21/import/CNRSMH_E_2003_015_002/CNRSMH_E_2003_015_002_001_17.wav;CNRSMH_E_2003_015_002_
items/2016/07/21/import/CNRSMH_E_2003_015_002/CNRSMH_E_2003_015_002_001_18.wav;CNRSMH_E_2003_015_002_
items/2016/07/21/import/CNRSMH_E_2003_015_002/CNRSMH_E_2003_015_002_001_19.wav;CNRSMH_E_2003_015_002_
items/2016/07/21/import/CNRSMH_E_2003_015_002/CNRSMH_E_2003_015_002_001_20.wav;CNRSMH_E_2003_015_002_
items/2016/07/21/import/CNRSMH_E_2003_015_002/CNRSMH_E_2003_015_002_001_21.wav;CNRSMH_E_2003_015_002_
items/2016/07/21/import/CNRSMH_E_2003_015_002/CNRSMH_E_2003_015_002_001_22.wav;CNRSMH_E_2003_015_002_
items/2016/07/21/import/CNRSMH_E_2003_015_002/CNRSMH_E_2003_015_002_001_23.wav;CNRSMH_E_2003_015_002_
items/2016/07/21/import/CNRSMH_E_2003_015_002/CNRSMH_E_2003_015_002_001_24.wav;CNRSMH_E_2003_015_002_
items/2016/07/21/import/CNRSMH_E_2003_015_003/CNRSMH_E_2003_015_003_001_01.wav;CNRSMH_E_2003_015_003_
items/2016/07/21/import/CNRSMH_E_2003_015_003/CNRSMH_E_2003_015_003_001_02.wav;CNRSMH_E_2003_015_003_
items/2016/07/21/import/CNRSMH_E_2003_015_003/CNRSMH_E_2003_015_003_001_03.wav;CNRSMH_E_2003_015_003_
items/2016/07/21/import/CNRSMH_E_2003_015_003/CNRSMH_E_2003_015_003_001_04.wav;CNRSMH_E_2003_015_003_
items/2016/07/21/import/CNRSMH_E_2003_015_003/CNRSMH_E_2003_015_003_001_05.wav;CNRSMH_E_2003_015_003_
items/2016/07/21/import/CNRSMH_E_2003_015_003/CNRSMH_E_2003_015_003_001_06.wav;CNRSMH_E_2003_015_003_
items/2016/07/21/import/CNRSMH_E_2003_015_003/CNRSMH_E_2003_015_003_001_07.wav;CNRSMH_E_2003_015_003_
items/2016/07/21/import/CNRSMH_E_2003_015_003/CNRSMH_E_2003_015_003_001_08.wav;CNRSMH_E_2003_015_003_
items/2016/07/21/import/CNRSMH_E_2003_015_003/CNRSMH_E_2003_015_003_001_09.wav;CNRSMH_E_2003_015_003_
items/2016/07/21/import/CNRSMH_E_2003_015_003/CNRSMH_E_2003_015_003_001_10.wav;CNRSMH_E_2003_015_003_
items/2016/07/21/import/CNRSMH_E_2003_015_003/CNRSMH_E_2003_015_003_001_11.wav;CNRSMH_E_2003_015_003_
items/2016/07/21/import/CNRSMH_E_2003_015_003/CNRSMH_E_2003_015_003_001_12.wav;CNRSMH_E_2003_015_003_
items/2016/07/21/import/CNRSMH_E_2003_015_003/CNRSMH_E_2003_015_003_001_13.wav;CNRSMH_E_2003_015_003_
items/2016/07/21/import/CNRSMH_E_2003_015_003/CNRSMH_E_2003_015_003_001_14.wav;CNRSMH_E_2003_015_003_
items/2016/07/21/import/CNRSMH_E_2003_015_003/CNRSMH_E_2003_015_003_001_15.wav;CNRSMH_E_2003_015_003_
items/2016/07/21/import/CNRSMH_E_2003_015_003/CNRSMH_E_2003_015_003_001_16.wav;CNRSMH_E_2003_015_003_
items/2016/07/21/import/CNRSMH_E_2003_015_003/CNRSMH_E_2003_015_003_001_17.wav;CNRSMH_E_2003_015_003_
items/2016/07/21/import/CNRSMH_E_2012_016_001/CNRSMH_E_2012_016_001_001_01.wav;CNRSMH_E_2012_016_001_
items/2016/07/21/import/CNRSMH_E_2012_016_001/CNRSMH_E_2012_016_001_001_02.wav;CNRSMH_E_2012_016_001_
items/2016/07/21/import/CNRSMH_E_2012_016_001/CNRSMH_E_2012_016_001_001_03.wav;CNRSMH_E_2012_016_001_
items/2016/07/21/import/CNRSMH_E_2012_016_001/CNRSMH_E_2012_016_001_001_04.wav;CNRSMH_E_2012_016_001_
items/2016/07/21/import/CNRSMH_E_2012_016_001/CNRSMH_E_2012_016_001_001_05.wav;CNRSMH_E_2012_016_001_
items/2016/07/21/import/CNRSMH_E_2012_016_001/CNRSMH_E_2012_016_001_001_06.wav;CNRSMH_E_2012_016_001_
items/2016/07/21/import/CNRSMH_E_2012_016_001/CNRSMH_E_2012_016_001_001_07.wav;CNRSMH_E_2012_016_001_
items/2016/07/21/import/CNRSMH_E_2012_016_001/CNRSMH_E_2012_016_001_001_08.wav;CNRSMH_E_2012_016_001_
items/2016/07/21/import/CNRSMH_E_2012_016_001/CNRSMH_E_2012_016_001_001_09.wav;CNRSMH_E_2012_016_001_
items/2016/07/21/import/CNRSMH_E_2012_016_001/CNRSMH_E_2012_016_001_001_10.wav;CNRSMH_E_2012_016_001_
items/2016/07/21/import/CNRSMH_E_2012_016_001/CNRSMH_E_2012_016_001_002_01.wav;CNRSMH_E_2012_016_001_
items/2016/07/21/import/CNRSMH_E_2012_016_001/CNRSMH_E_2012_016_001_002_02.wav;CNRSMH_E_2012_016_001_
items/2016/07/21/import/CNRSMH_E_2012_016_001/CNRSMH_E_2012_016_001_002_03.wav;CNRSMH_E_2012_016_001_
items/2016/07/21/import/CNRSMH_E_2012_016_001/CNRSMH_E_2012_016_001_002_04.wav;CNRSMH_E_2012_016_001_
items/2016/07/21/import/CNRSMH_E_2012_016_001/CNRSMH_E_2012_016_001_002_05.wav;CNRSMH_E_2012_016_001_
items/2016/07/21/import/CNRSMH_E_2012_016_001/CNRSMH_E_2012_016_001_002_06.wav;CNRSMH_E_2012_016_001_
items/2016/07/21/import/CNRSMH_E_2012_016_001/CNRSMH_E_2012_016_001_002_07.wav;CNRSMH_E_2012_016_001_
items/2016/07/21/import/CNRSMH_E_2012_016_001/CNRSMH_E_2012_016_001_002_08.wav;CNRSMH_E_2012_016_001_
items/2016/07/21/import/CNRSMH_E_2012_016_001/CNRSMH_E_2012_016_001_002_09.wav;CNRSMH_E_2012_016_001_
items/2016/07/21/import/CNRSMH_E_2012_016_001/CNRSMH_E_2012_016_001_002_10.wav;CNRSMH_E_2012_016_001_
items/2016/07/21/import/CNRSMH_E_2012_016_001/CNRSMH_E_2012_016_001_002_11.wav;CNRSMH_E_2012_016_001_
items/2016/07/21/import/CNRSMH_E_2012_016_001/CNRSMH_E_2012_016_001_003_01.wav;CNRSMH_E_2012_016_001_
items/2016/07/21/import/CNRSMH_E_2012_016_001/CNRSMH_E_2012_016_001_003_02.wav;CNRSMH_E_2012_016_001_
items/2016/07/21/import/CNRSMH_E_2012_016_001/CNRSMH_E_2012_016_001_003_03.wav;CNRSMH_E_2012_016_001_
items/2016/07/21/import/CNRSMH_E_2012_016_001/CNRSMH_E_2012_016_001_003_04.wav;CNRSMH_E_2012_016_001_
items/2016/07/21/import/CNRSMH_E_2012_016_001/CNRSMH_E_2012_016_001_003_05.wav;CNRSMH_E_2012_016_001_
items/2016/07/21/import/CNRSMH_E_2012_016_001/CNRSMH_E_2012_016_001_003_06.wav;CNRSMH_E_2012_016_001_
items/2016/07/21/import/CNRSMH_E_2012_016_001/CNRSMH_E_2012_016_001_003_07.wav;CNRSMH_E_2012_016_001_
items/2016/07/21/import/CNRSMH_E_2012_016_001/CNRSMH_E_2012_016_001_003_08.wav;CNRSMH_E_2012_016_001_
items/2016/07/21/import/CNRSMH_E_2012_016_001/CNRSMH_E_2012_016_001_003_09.wav;CNRSMH_E_2012_016_001_
items/2016/07/21/import/CNRSMH_E_2012_016_001/CNRSMH_E_2012_016_001_003_10.wav;CNRSMH_E_2012_016_001_
items/2016/07/21/import/CNRSMH_E_2012_016_001/CNRSMH_E_2012_016_001_003_11.wav;CNRSMH_E_2012_016_001_
items/2016/07/21/import/CNRSMH_E_2012_016_001/CNRSMH_E_2012_016_001_003_12.wav;CNRSMH_E_2012_016_001_
items/2016/07/21/import/CNRSMH_E_2012_016_001/CNRSMH_E_2012_016_001_004_01.wav;CNRSMH_E_2012_016_001_
items/2016/07/21/import/CNRSMH_E_2012_016_001/CNRSMH_E_2012_016_001_004_02.wav;CNRSMH_E_2012_016_001_
items/2016/07/21/import/CNRSMH_E_2012_016_001/CNRSMH_E_2012_016_001_004_03.wav;CNRSMH_E_2012_016_001_
items/2016/07/21/import/CNRSMH_E_2012_016_001/CNRSMH_E_2012_016_001_004_04.wav;CNRSMH_E_2012_016_001_
items/2016/07/21/import/CNRSMH_E_2012_016_001/CNRSMH_E_2012_016_001_004_05.wav;CNRSMH_E_2012_016_001_
items/2016/07/21/import/CNRSMH_E_2012_016_001/CNRSMH_E_2012_016_001_004_06.wav;CNRSMH_E_2012_016_001_
items/2016/07/21/import/CNRSMH_E_2012_016_001/CNRSMH_E_2012_016_001_004_07.wav;CNRSMH_E_2012_016_001_
items/2016/07/21/import/CNRSMH_E_2012_016_001/CNRSMH_E_2012_016_001_004_08.wav;CNRSMH_E_2012_016_001_
items/2016/07/26/CNRSMH_E_2016_018_001_01.wav;CNRSMH_E_2016_018_001_
items/2016/07/26/CNRSMH_E_2016_018_001_02.wav;CNRSMH_E_2016_018_001_
items/2016/07/27/CNRSMH_E_1964_011_001_021.wav;CNRSMH_E_1964_011_001_
items/2016/07/27/CNRSMH_E_1964_011_001_022.wav;CNRSMH_E_1964_011_001_
items/2016/07/27/CNRSMH_E_1964_011_001_023.wav;CNRSMH_E_1964_011_001_
items/2016/07/27/CNRSMH_E_1964_011_001_024.wav;CNRSMH_E_1964_011_001_
items/2016/07/27/CNRSMH_E_1964_011_001_025.wav;CNRSMH_E_1964_011_001_
items/2016/07/27/CNRSMH_E_1964_011_001_026.wav;CNRSMH_E_1964_011_001_
items/2016/07/27/CNRSMH_E_1964_011_001_027.wav;CNRSMH_E_1964_011_001_
items/2016/07/27/CNRSMH_E_1964_011_001_028.wav;CNRSMH_E_1964_011_001_
items/2016/07/27/CNRSMH_E_1964_011_001_029.wav;CNRSMH_E_1964_011_001_
items/2016/07/27/CNRSMH_E_1964_011_001_030.wav;CNRSMH_E_1964_011_001_
items/2016/07/27/CNRSMH_E_1964_011_001_031.wav;CNRSMH_E_1964_011_001_
items/2016/07/27/CNRSMH_E_1964_011_001_032.wav;CNRSMH_E_1964_011_001_
items/2016/07/27/CNRSMH_E_1964_011_001_033.wav;CNRSMH_E_1964_011_001_
items/2016/07/27/CNRSMH_E_1964_011_001_034.wav;CNRSMH_E_1964_011_001_
items/2016/07/27/CNRSMH_E_1964_011_001_035.wav;CNRSMH_E_1964_011_001_
items/2016/07/27/CNRSMH_E_1964_011_001_036.wav;CNRSMH_E_1964_011_001_
items/2016/07/27/CNRSMH_E_1964_011_001_037.wav;CNRSMH_E_1964_011_001_
items/2016/07/27/CNRSMH_E_1964_011_001_038.wav;CNRSMH_E_1964_011_001_
items/2016/07/27/CNRSMH_E_1964_011_001_039.wav;CNRSMH_E_1964_011_001_
items/2016/07/27/CNRSMH_E_1964_011_001_040.wav;CNRSMH_E_1964_011_001_
items/2016/07/28/CNRSMH_E_1955_001_001_016_01.wav;CNRSMH_E_1955_001_001_
items/2016/07/28/CNRSMH_E_1955_001_001_016_02.wav;CNRSMH_E_1955_001_001_
items/2016/09/01/CNRSMH_E_1948_002_044_01.wav;CNRSMH_E_1948_002_044_
items/2016/09/01/CNRSMH_E_1948_002_044_02.wav;CNRSMH_E_1948_002_044_
items/2016/09/01/CNRSMH_E_1953_014_001_01.wav;CNRSMH_E_1953_014_001_
items/2016/09/01/CNRSMH_E_1953_014_001_02.wav;CNRSMH_E_1953_014_001_
items/2016/09/01/CNRSMH_E_1953_014_002_01.wav;CNRSMH_E_1953_014_002_
items/2016/09/01/CNRSMH_E_1953_014_002_02.wav;CNRSMH_E_1953_014_002_
items/2016/09/01/CNRSMH_E_1956_024_013_01.wav;CNRSMH_E_1956_024_013_
items/2016/09/01/CNRSMH_E_1956_024_013_02.wav;CNRSMH_E_1956_024_013_
items/2016/09/06/CNRSMH_E_1948_002_001_01.wav;CNRSMH_E_1948_002_001_
items/2016/09/06/CNRSMH_E_1948_002_001_02.wav;CNRSMH_E_1948_002_001_
items/2016/09/06/CNRSMH_E_1948_002_002_01.wav;CNRSMH_E_1948_002_002_
items/2016/09/06/CNRSMH_E_1948_002_002_02.wav;CNRSMH_E_1948_002_002_
items/2016/09/21/CNRSMH_E_1950_007_001_001_01.wav;CNRSMH_E_1950_007_001_
items/2016/09/21/CNRSMH_E_1950_007_001_001_02.wav;CNRSMH_E_1950_007_001_
items/2016/09/21/CNRSMH_E_1950_007_001_002_01.wav;CNRSMH_E_1950_007_001_
items/2016/09/21/CNRSMH_E_1950_007_001_002_02.wav;CNRSMH_E_1950_007_001_
items/2016/09/21/CNRSMH_E_1950_007_001_003_01.wav;CNRSMH_E_1950_007_001_
items/2016/09/21/CNRSMH_E_1950_007_001_003_02.wav;CNRSMH_E_1950_007_001_
items/2016/09/21/CNRSMH_E_1950_007_001_004_01.wav;CNRSMH_E_1950_007_001_
items/2016/09/21/CNRSMH_E_1950_007_001_004_01_pvRlfHL.wav;CNRSMH_E_1950_007_001_
items/2016/09/21/CNRSMH_E_1956_007_001_001_01.wav;CNRSMH_E_1956_007_001_
items/2016/09/21/CNRSMH_E_1956_007_001_001_02.wav;CNRSMH_E_1956_007_001_
items/2016/09/21/CNRSMH_E_1956_007_001_001_03.wav;CNRSMH_E_1956_007_001_
items/2016/09/21/CNRSMH_E_1956_007_001_001_04.wav;CNRSMH_E_1956_007_001_
items/2016/09/21/CNRSMH_E_1956_007_001_001_05.wav;CNRSMH_E_1956_007_001_
items/2016/09/21/CNRSMH_E_1956_018_001_001_01.wav;CNRSMH_E_1956_018_001_
items/2016/09/21/CNRSMH_E_1956_018_001_001_02.wav;CNRSMH_E_1956_018_001_
items/2016/09/21/CNRSMH_E_1956_018_001_001_03.wav;CNRSMH_E_1956_018_001_
items/2016/09/21/CNRSMH_E_1956_018_001_001_04.wav;CNRSMH_E_1956_018_001_
items/2016/09/21/CNRSMH_E_1956_018_001_001_05.wav;CNRSMH_E_1956_018_001_
items/2016/09/21/CNRSMH_E_1956_018_001_001_06.wav;CNRSMH_E_1956_018_001_
items/2016/09/21/CNRSMH_E_1956_018_001_001_07.wav;CNRSMH_E_1956_018_001_
items/2016/09/21/CNRSMH_E_1956_018_001_001_08.wav;CNRSMH_E_1956_018_001_
items/2016/09/21/CNRSMH_E_1956_018_001_001_09.wav;CNRSMH_E_1956_018_001_
items/2016/09/21/CNRSMH_E_1956_018_001_001_10.wav;CNRSMH_E_1956_018_001_
items/2016/09/21/CNRSMH_E_1956_018_001_001_11.wav;CNRSMH_E_1956_018_001_
items/2016/09/21/CNRSMH_E_1956_018_001_001_12.wav;CNRSMH_E_1956_018_001_
items/2016/09/21/CNRSMH_E_1956_018_001_001_13.wav;CNRSMH_E_1956_018_001_
items/2016/09/21/CNRSMH_E_1956_018_001_001_14.wav;CNRSMH_E_1956_018_001_
items/2016/09/22/CNRSMH_E_2016_004_101_01.wav;CNRSMH_E_2016_004_101_
items/2016/10/07/CNRSMH_E_2017_001_001_004_01.mp4;CNRSMH_E_2017_001_001_
items/2016/10/07/CNRSMH_E_2017_001_001_004_02.mp4;CNRSMH_E_2017_001_001_
items/2016/10/20/CNRSMH_E_2016_003_001_001.wav;CNRSMH_E_2016_003_001_
items/2016/11/10/CNRSMH_E_1952_006_001_009_01.wav;CNRSMH_E_1952_006_001_
items/2016/11/24/CNRSMH_E_1949_004_001/CNRSMH_E_1949_004_001_018_01.wav;CNRSMH_E_1949_004_001_
items/2016/11/24/CNRSMH_E_1949_004_001/CNRSMH_E_1949_004_001_018_02.wav;CNRSMH_E_1949_004_001_
items/2016/11/24/CNRSMH_E_1949_004_001/CNRSMH_E_1949_004_001_022_01.wav;CNRSMH_E_1949_004_001_
items/2016/11/24/CNRSMH_E_1949_004_001/CNRSMH_E_1949_004_001_022_02.wav;CNRSMH_E_1949_004_001_
items/2016/11/24/CNRSMH_E_1949_004_001/CNRSMH_E_1949_004_001_023_01.wav;CNRSMH_E_1949_004_001_
items/2016/11/24/CNRSMH_E_1949_004_001/CNRSMH_E_1949_004_001_023_02.wav;CNRSMH_E_1949_004_001_
items/2016/11/24/CNRSMH_E_1949_004_001/CNRSMH_E_1949_004_001_024_01.wav;CNRSMH_E_1949_004_001_
items/2016/11/24/CNRSMH_E_1949_004_001/CNRSMH_E_1949_004_001_024_02.wav;CNRSMH_E_1949_004_001_
items/2016/11/24/CNRSMH_E_1949_004_001/CNRSMH_E_1949_004_001_026_01.wav;CNRSMH_E_1949_004_001_
items/2016/11/24/CNRSMH_E_1949_004_001/CNRSMH_E_1949_004_001_026_02.wav;CNRSMH_E_1949_004_001_
items/2016/11/24/CNRSMH_E_1949_004_001/CNRSMH_E_1949_004_001_027_01.wav;CNRSMH_E_1949_004_001_
items/2016/11/24/CNRSMH_E_1949_004_001/CNRSMH_E_1949_004_001_027_02.wav;CNRSMH_E_1949_004_001_
items/2016/11/24/CNRSMH_E_1949_004_001/CNRSMH_E_1949_004_001_028_01.wav;CNRSMH_E_1949_004_001_
items/2016/11/24/CNRSMH_E_1949_004_001/CNRSMH_E_1949_004_001_028_02.wav;CNRSMH_E_1949_004_001_
items/2016/11/24/CNRSMH_E_1949_004_001/CNRSMH_E_1949_004_001_028_03.wav;CNRSMH_E_1949_004_001_
items/2016/11/24/CNRSMH_E_1949_004_001/CNRSMH_E_1949_004_001_028_04.wav;CNRSMH_E_1949_004_001_
items/2016/11/24/CNRSMH_E_1949_004_001/CNRSMH_E_1949_004_001_028_05.wav;CNRSMH_E_1949_004_001_
items/2016/11/24/CNRSMH_E_1949_004_001/CNRSMH_E_1949_004_001_029_01.wav;CNRSMH_E_1949_004_001_
items/2016/11/24/CNRSMH_E_1949_004_001/CNRSMH_E_1949_004_001_029_02.wav;CNRSMH_E_1949_004_001_
items/2016/11/24/CNRSMH_E_1949_004_001/CNRSMH_E_1949_004_001_029_03.wav;CNRSMH_E_1949_004_001_
items/2016/11/24/CNRSMH_E_1949_004_001/CNRSMH_E_1949_004_001_029_04.wav;CNRSMH_E_1949_004_001_
items/2016/11/24/CNRSMH_E_1949_004_001/CNRSMH_E_1949_004_001_030_01.wav;CNRSMH_E_1949_004_001_
items/2016/11/24/CNRSMH_E_1949_004_001/CNRSMH_E_1949_004_001_031_01.wav;CNRSMH_E_1949_004_001_
items/2016/11/24/CNRSMH_E_1949_004_001/CNRSMH_E_1949_004_001_031_02.wav;CNRSMH_E_1949_004_001_
items/2016/11/24/CNRSMH_E_1949_004_001/CNRSMH_E_1949_004_001_032_01.wav;CNRSMH_E_1949_004_001_
items/2016/11/24/CNRSMH_E_1949_004_001/CNRSMH_E_1949_004_001_032_02.wav;CNRSMH_E_1949_004_001_
items/2016/11/24/CNRSMH_E_1949_004_001/CNRSMH_E_1949_004_001_032_03.wav;CNRSMH_E_1949_004_001_
items/2016/11/24/CNRSMH_E_1949_004_001/CNRSMH_E_1949_004_001_032_04.wav;CNRSMH_E_1949_004_001_
items/2016/11/24/CNRSMH_E_1949_004_001/CNRSMH_E_1949_004_001_033_01.wav;CNRSMH_E_1949_004_001_
items/2016/11/24/CNRSMH_E_1949_004_001/CNRSMH_E_1949_004_001_033_02.wav;CNRSMH_E_1949_004_001_
items/2016/11/24/CNRSMH_E_1949_004_001/CNRSMH_E_1949_004_001_033_03.wav;CNRSMH_E_1949_004_001_
items/2016/11/24/CNRSMH_E_1949_004_001/CNRSMH_E_1949_004_001_034_01.wav;CNRSMH_E_1949_004_001_
items/2016/11/24/CNRSMH_E_1949_004_001/CNRSMH_E_1949_004_001_034_02.wav;CNRSMH_E_1949_004_001_
items/2016/11/24/CNRSMH_E_1949_004_001/CNRSMH_E_1949_004_001_034_03.wav;CNRSMH_E_1949_004_001_
items/2016/11/24/CNRSMH_E_1952_007_002/CNRSMH_E_1952_007_002_001_01.wav;CNRSMH_E_1952_007_002_
items/2016/11/24/CNRSMH_E_1952_007_002/CNRSMH_E_1952_007_002_001_02.wav;CNRSMH_E_1952_007_002_
items/2016/11/24/CNRSMH_E_1952_007_002/CNRSMH_E_1952_007_002_001_03.wav;CNRSMH_E_1952_007_002_
items/2016/11/24/CNRSMH_E_1952_007_002/CNRSMH_E_1952_007_002_002_01.wav;CNRSMH_E_1952_007_002_
items/2016/11/24/CNRSMH_E_1952_007_002/CNRSMH_E_1952_007_002_002_02.wav;CNRSMH_E_1952_007_002_
items/2016/11/24/CNRSMH_E_1952_007_002/CNRSMH_E_1952_007_002_003_01.wav;CNRSMH_E_1952_007_002_
items/2016/11/24/CNRSMH_E_1952_007_002/CNRSMH_E_1952_007_002_003_02.wav;CNRSMH_E_1952_007_002_
items/2016/11/24/CNRSMH_E_1952_007_007/CNRSMH_E_1952_007_007_001_01.wav;CNRSMH_E_1952_007_007_
items/2016/11/24/CNRSMH_E_1952_007_007/CNRSMH_E_1952_007_007_001_02.wav;CNRSMH_E_1952_007_007_
items/2016/11/24/CNRSMH_E_1952_007_007/CNRSMH_E_1952_007_007_002_01.wav;CNRSMH_E_1952_007_007_
items/2016/11/24/CNRSMH_E_1952_007_007/CNRSMH_E_1952_007_007_002_02.wav;CNRSMH_E_1952_007_007_
items/2016/11/24/CNRSMH_E_1952_007_009/CNRSMH_E_1952_007_009_001_01.wav;CNRSMH_E_1952_007_009_
items/2016/11/24/CNRSMH_E_1952_007_009/CNRSMH_E_1952_007_009_001_02.wav;CNRSMH_E_1952_007_009_
items/2016/11/24/CNRSMH_E_1952_007_009/CNRSMH_E_1952_007_009_002_01.wav;CNRSMH_E_1952_007_009_
items/2016/11/24/CNRSMH_E_1952_007_009/CNRSMH_E_1952_007_009_002_02.wav;CNRSMH_E_1952_007_009_
items/2016/11/24/CNRSMH_E_1952_007_009/CNRSMH_E_1952_007_009_003_01.wav;CNRSMH_E_1952_007_009_
items/2016/11/24/CNRSMH_E_1952_007_009/CNRSMH_E_1952_007_009_003_02.wav;CNRSMH_E_1952_007_009_
items/2016/11/24/CNRSMH_E_1953_010_001/CNRSMH_E_1953_010_001_009_01.wav;CNRSMH_E_1953_010_001_
items/2016/11/24/CNRSMH_E_1953_010_001/CNRSMH_E_1953_010_001_009_02.wav;CNRSMH_E_1953_010_001_
items/2016/11/24/CNRSMH_E_1953_010_001/CNRSMH_E_1953_010_001_010_01.wav;CNRSMH_E_1953_010_001_
items/2016/11/24/CNRSMH_E_1953_010_001/CNRSMH_E_1953_010_001_010_02.wav;CNRSMH_E_1953_010_001_
items/2016/11/24/CNRSMH_E_1953_010_001/CNRSMH_E_1953_010_001_012_01.wav;CNRSMH_E_1953_010_001_
items/2016/11/24/CNRSMH_E_1953_010_001/CNRSMH_E_1953_010_001_012_02.wav;CNRSMH_E_1953_010_001_
items/2016/11/24/CNRSMH_E_1957_001_005/CNRSMH_E_1957_001_005_001_01.wav;CNRSMH_E_1957_001_005_
items/2016/11/24/CNRSMH_E_1957_001_005/CNRSMH_E_1957_001_005_001_02.wav;CNRSMH_E_1957_001_005_
items/2016/11/24/CNRSMH_E_1957_001_005/CNRSMH_E_1957_001_005_002_01.wav;CNRSMH_E_1957_001_005_
items/2016/11/24/CNRSMH_E_1957_001_005/CNRSMH_E_1957_001_005_002_02.wav;CNRSMH_E_1957_001_005_
items/2016/11/24/CNRSMH_E_1957_001_005/CNRSMH_E_1957_001_005_003_01.wav;CNRSMH_E_1957_001_005_
items/2016/11/24/CNRSMH_E_1957_001_005/CNRSMH_E_1957_001_005_003_02.wav;CNRSMH_E_1957_001_005_
items/2016/11/24/CNRSMH_E_1957_001_005/CNRSMH_E_1957_001_005_004_01.wav;CNRSMH_E_1957_001_005_
items/2016/11/24/CNRSMH_E_1957_001_005/CNRSMH_E_1957_001_005_004_02.wav;CNRSMH_E_1957_001_005_
items/2016/11/24/CNRSMH_E_1957_001_005/CNRSMH_E_1957_001_005_005_01.wav;CNRSMH_E_1957_001_005_
items/2016/11/24/CNRSMH_E_1957_001_005/CNRSMH_E_1957_001_005_005_02.wav;CNRSMH_E_1957_001_005_
items/2016/11/24/CNRSMH_E_1971_017_001/CNRSMH_E_1971_017_001_001_01.wav;CNRSMH_E_1971_017_001_
items/2016/11/24/CNRSMH_E_1971_017_001/CNRSMH_E_1971_017_001_001_02.wav;CNRSMH_E_1971_017_001_
items/2016/11/24/CNRSMH_E_1971_017_001/CNRSMH_E_1971_017_001_001_03.wav;CNRSMH_E_1971_017_001_
items/2016/11/24/CNRSMH_E_1971_017_001/CNRSMH_E_1971_017_001_001_04.wav;CNRSMH_E_1971_017_001_
items/2016/11/24/CNRSMH_E_1971_017_001/CNRSMH_E_1971_017_001_001_05.wav;CNRSMH_E_1971_017_001_
items/2016/11/24/CNRSMH_E_1971_017_001/CNRSMH_E_1971_017_001_001_06.wav;CNRSMH_E_1971_017_001_
items/2016/11/24/CNRSMH_E_1971_017_001/CNRSMH_E_1971_017_001_001_07.wav;CNRSMH_E_1971_017_001_
items/2016/11/24/CNRSMH_E_1971_017_001/CNRSMH_E_1971_017_001_001_08.wav;CNRSMH_E_1971_017_001_
items/2016/11/24/CNRSMH_E_1971_017_001/CNRSMH_E_1971_017_001_002_01.wav;CNRSMH_E_1971_017_001_
items/2016/11/24/CNRSMH_E_1971_017_001/CNRSMH_E_1971_017_001_002_02.wav;CNRSMH_E_1971_017_001_
items/2016/11/24/CNRSMH_E_1971_017_001/CNRSMH_E_1971_017_001_002_03.wav;CNRSMH_E_1971_017_001_
items/2016/11/24/CNRSMH_E_1971_017_001/CNRSMH_E_1971_017_001_002_04.wav;CNRSMH_E_1971_017_001_
items/2016/11/24/CNRSMH_E_1971_017_001/CNRSMH_E_1971_017_001_002_05.wav;CNRSMH_E_1971_017_001_
items/2016/11/24/CNRSMH_E_1971_017_001/CNRSMH_E_1971_017_001_002_06.wav;CNRSMH_E_1971_017_001_
items/2016/11/24/CNRSMH_E_1971_017_001/CNRSMH_E_1971_017_001_002_07.wav;CNRSMH_E_1971_017_001_
items/2016/11/24/CNRSMH_E_1971_017_001/CNRSMH_E_1971_017_001_002_08.wav;CNRSMH_E_1971_017_001_
items/2016/11/24/CNRSMH_E_1971_017_001/CNRSMH_E_1971_017_001_002_09.wav;CNRSMH_E_1971_017_001_
items/2016/11/24/CNRSMH_E_1971_017_001/CNRSMH_E_1971_017_001_003_01.wav;CNRSMH_E_1971_017_001_
items/2016/11/24/CNRSMH_E_1971_017_001/CNRSMH_E_1971_017_001_003_02.wav;CNRSMH_E_1971_017_001_
items/2016/11/24/CNRSMH_E_1971_017_001/CNRSMH_E_1971_017_001_003_03.wav;CNRSMH_E_1971_017_001_
items/2016/11/24/CNRSMH_E_1971_017_001/CNRSMH_E_1971_017_001_003_04.wav;CNRSMH_E_1971_017_001_
items/2016/11/24/CNRSMH_E_1971_017_001/CNRSMH_E_1971_017_001_003_05.wav;CNRSMH_E_1971_017_001_
items/2016/11/24/CNRSMH_E_1971_017_001/CNRSMH_E_1971_017_001_003_06.wav;CNRSMH_E_1971_017_001_
items/2016/11/24/CNRSMH_E_1971_017_001/CNRSMH_E_1971_017_001_003_07.wav;CNRSMH_E_1971_017_001_
items/2016/11/24/CNRSMH_E_1971_017_001/CNRSMH_E_1971_017_001_004_01.wav;CNRSMH_E_1971_017_001_
items/2016/11/24/CNRSMH_E_1971_017_001/CNRSMH_E_1971_017_001_004_02.wav;CNRSMH_E_1971_017_001_
items/2016/11/24/CNRSMH_E_1971_017_001/CNRSMH_E_1971_017_001_004_03.wav;CNRSMH_E_1971_017_001_
items/2016/11/24/CNRSMH_E_1971_017_001/CNRSMH_E_1971_017_001_004_04.wav;CNRSMH_E_1971_017_001_
items/2016/11/24/CNRSMH_E_1971_017_001/CNRSMH_E_1971_017_001_004_05.wav;CNRSMH_E_1971_017_001_
items/2016/11/24/CNRSMH_E_1971_017_001/CNRSMH_E_1971_017_001_004_06.wav;CNRSMH_E_1971_017_001_
items/2016/11/24/CNRSMH_E_1971_017_001/CNRSMH_E_1971_017_001_004_07.wav;CNRSMH_E_1971_017_001_
items/2016/11/24/CNRSMH_E_1971_017_001/CNRSMH_E_1971_017_001_004_08.wav;CNRSMH_E_1971_017_001_
items/2016/11/24/CNRSMH_E_1971_017_001/CNRSMH_E_1971_017_001_005_01.wav;CNRSMH_E_1971_017_001_
items/2016/11/24/CNRSMH_E_1971_017_001/CNRSMH_E_1971_017_001_005_02.wav;CNRSMH_E_1971_017_001_
items/2016/11/24/CNRSMH_E_1971_017_001/CNRSMH_E_1971_017_001_005_03.wav;CNRSMH_E_1971_017_001_
items/2016/11/24/CNRSMH_E_1971_017_001/CNRSMH_E_1971_017_001_005_04.wav;CNRSMH_E_1971_017_001_
items/2016/11/24/CNRSMH_E_1971_017_001/CNRSMH_E_1971_017_001_005_05.wav;CNRSMH_E_1971_017_001_
items/2016/11/24/CNRSMH_E_1971_017_001/CNRSMH_E_1971_017_001_005_06.wav;CNRSMH_E_1971_017_001_
items/2016/11/24/CNRSMH_E_1971_017_001/CNRSMH_E_1971_017_001_005_07.wav;CNRSMH_E_1971_017_001_
items/2016/11/24/CNRSMH_E_1971_017_001/CNRSMH_E_1971_017_001_005_08.wav;CNRSMH_E_1971_017_001_
items/2016/11/24/CNRSMH_E_1971_017_001/CNRSMH_E_1971_017_001_005_09.wav;CNRSMH_E_1971_017_001_
items/2016/11/24/CNRSMH_E_1971_017_001/CNRSMH_E_1971_017_001_005_10.wav;CNRSMH_E_1971_017_001_
items/2016/11/24/CNRSMH_E_1988_022_001/CNRSMH_E_1988_022_001_001_01.wav;CNRSMH_E_1988_022_001_
items/2016/11/24/CNRSMH_E_1988_022_001/CNRSMH_E_1988_022_001_001_02.wav;CNRSMH_E_1988_022_001_
items/2016/11/24/CNRSMH_E_1988_022_001/CNRSMH_E_1988_022_001_001_03.wav;CNRSMH_E_1988_022_001_
items/2016/11/24/CNRSMH_E_1988_022_001/CNRSMH_E_1988_022_001_001_04.wav;CNRSMH_E_1988_022_001_
items/2016/11/24/CNRSMH_E_1988_022_001/CNRSMH_E_1988_022_001_001_05.wav;CNRSMH_E_1988_022_001_
items/2016/11/24/CNRSMH_E_1988_022_001/CNRSMH_E_1988_022_001_001_06.wav;CNRSMH_E_1988_022_001_
items/2016/11/24/CNRSMH_E_1988_022_001/CNRSMH_E_1988_022_001_001_07.wav;CNRSMH_E_1988_022_001_
items/2016/11/24/CNRSMH_E_1988_022_001/CNRSMH_E_1988_022_001_001_08.wav;CNRSMH_E_1988_022_001_
items/2016/11/24/CNRSMH_E_1988_022_001/CNRSMH_E_1988_022_001_001_09.wav;CNRSMH_E_1988_022_001_
items/2016/11/24/CNRSMH_E_1988_022_001/CNRSMH_E_1988_022_001_001_10.wav;CNRSMH_E_1988_022_001_
items/2016/11/24/CNRSMH_E_2015_146_001/CNRSMH_E_2015_146_001_01.wav;CNRSMH_E_2015_146_001_
items/2016/11/24/CNRSMH_E_2015_146_001/CNRSMH_E_2015_146_001_02.wav;CNRSMH_E_2015_146_001_
items/2016/11/24/CNRSMH_E_2015_146_001/CNRSMH_E_2015_146_001_03.wav;CNRSMH_E_2015_146_001_
items/2016/11/24/CNRSMH_E_2015_146_001/CNRSMH_E_2015_146_001_04.wav;CNRSMH_E_2015_146_001_
items/2016/11/24/CNRSMH_E_2015_146_001/CNRSMH_E_2015_146_002_01.wav;CNRSMH_E_2015_146_002_
items/2016/11/24/CNRSMH_E_2015_146_001/CNRSMH_E_2015_146_002_02.wav;CNRSMH_E_2015_146_002_
items/2016/11/24/CNRSMH_E_2015_146_001/CNRSMH_E_2015_146_002_03.wav;CNRSMH_E_2015_146_002_
items/2016/11/24/CNRSMH_E_2015_146_001/CNRSMH_E_2015_146_002_04.wav;CNRSMH_E_2015_146_002_
items/2016/11/24/CNRSMH_E_2015_146_001/CNRSMH_E_2015_146_002_05.wav;CNRSMH_E_2015_146_002_
items/2016/11/24/CNRSMH_E_2015_146_001/CNRSMH_E_2015_146_002_06.wav;CNRSMH_E_2015_146_002_
items/2016/11/24/CNRSMH_E_2015_146_001/CNRSMH_E_2015_146_002_07.wav;CNRSMH_E_2015_146_002_
items/2016/11/24/CNRSMH_E_2015_146_001/CNRSMH_E_2015_146_002_08.wav;CNRSMH_E_2015_146_002_
items/2016/11/24/CNRSMH_E_2015_146_001/CNRSMH_E_2015_146_002_09.wav;CNRSMH_E_2015_146_002_
items/2016/11/24/CNRSMH_E_2015_146_001/CNRSMH_E_2015_146_002_10.wav;CNRSMH_E_2015_146_002_
items/2016/11/24/CNRSMH_E_2015_146_001/CNRSMH_E_2015_146_002_11.wav;CNRSMH_E_2015_146_002_
items/2016/11/24/CNRSMH_E_2015_146_001/CNRSMH_E_2015_146_002_12.wav;CNRSMH_E_2015_146_002_
items/2016/11/24/CNRSMH_E_2015_146_001/CNRSMH_E_2015_146_002_13.wav;CNRSMH_E_2015_146_002_
items/2016/11/24/CNRSMH_E_2015_146_001/CNRSMH_E_2015_146_002_14.wav;CNRSMH_E_2015_146_002_
items/2016/11/24/CNRSMH_E_2015_146_001/CNRSMH_E_2015_146_002_15.wav;CNRSMH_E_2015_146_002_
items/2016/11/24/CNRSMH_E_2015_146_001/CNRSMH_E_2015_146_002_16.wav;CNRSMH_E_2015_146_002_
items/2016/11/24/CNRSMH_E_2015_146_001/CNRSMH_E_2015_146_002_17.wav;CNRSMH_E_2015_146_002_
items/2016/11/24/CNRSMH_E_2015_146_001/CNRSMH_E_2015_146_002_18.wav;CNRSMH_E_2015_146_002_
items/2016/11/24/CNRSMH_E_2015_146_001/CNRSMH_E_2015_146_002_19.wav;CNRSMH_E_2015_146_002_
items/2016/11/24/CNRSMH_E_2015_146_001/CNRSMH_E_2015_146_002_20.wav;CNRSMH_E_2015_146_002_
items/2016/11/24/CNRSMH_E_2015_146_001/CNRSMH_E_2015_146_002_21.wav;CNRSMH_E_2015_146_002_
items/2016/11/24/CNRSMH_E_2015_146_001/CNRSMH_E_2015_146_002_22.wav;CNRSMH_E_2015_146_002_
items/2016/11/24/CNRSMH_E_2015_146_001/CNRSMH_E_2015_146_003_01.wav;CNRSMH_E_2015_146_003_
items/2016/11/24/CNRSMH_E_2015_146_001/CNRSMH_E_2015_146_003_02.wav;CNRSMH_E_2015_146_003_
items/2016/11/24/CNRSMH_E_2015_146_001/CNRSMH_E_2015_146_003_03.wav;CNRSMH_E_2015_146_003_
items/2016/11/24/CNRSMH_E_2015_146_001/CNRSMH_E_2015_146_003_04.wav;CNRSMH_E_2015_146_003_
items/2016/11/24/CNRSMH_E_2015_146_001/CNRSMH_E_2015_146_003_05.wav;CNRSMH_E_2015_146_003_
items/2016/11/24/CNRSMH_E_2015_146_001/CNRSMH_E_2015_146_003_06.wav;CNRSMH_E_2015_146_003_
items/2016/11/24/CNRSMH_E_2015_146_001/CNRSMH_E_2015_146_003_07.wav;CNRSMH_E_2015_146_003_
items/2016/11/24/CNRSMH_E_2015_146_001/CNRSMH_E_2015_146_003_08.wav;CNRSMH_E_2015_146_003_
items/2016/11/24/CNRSMH_E_2015_146_001/CNRSMH_E_2015_146_003_09.wav;CNRSMH_E_2015_146_003_
items/2016/11/24/CNRSMH_E_2015_146_001/CNRSMH_E_2015_146_003_10.wav;CNRSMH_E_2015_146_003_
items/2016/11/24/CNRSMH_E_2015_146_001/CNRSMH_E_2015_146_003_11.wav;CNRSMH_E_2015_146_003_
items/2016/11/24/CNRSMH_E_2015_146_001/CNRSMH_E_2015_146_003_12.wav;CNRSMH_E_2015_146_003_
items/2016/11/24/CNRSMH_E_2015_146_001/CNRSMH_E_2015_146_003_13.wav;CNRSMH_E_2015_146_003_
items/2016/11/24/CNRSMH_E_2015_146_001/CNRSMH_E_2015_146_003_14.wav;CNRSMH_E_2015_146_003_
items/2016/11/24/CNRSMH_E_2015_146_001/CNRSMH_E_2015_146_004_01.wav;CNRSMH_E_2015_146_004_
items/2016/11/24/CNRSMH_E_2015_146_001/CNRSMH_E_2015_146_004_02.wav;CNRSMH_E_2015_146_004_
items/2016/11/24/CNRSMH_E_2015_146_001/CNRSMH_E_2015_146_005_01.wav;CNRSMH_E_2015_146_005_
items/2016/11/24/CNRSMH_E_2015_146_001/CNRSMH_E_2015_146_005_02.wav;CNRSMH_E_2015_146_005_
items/2016/11/24/CNRSMH_E_2015_146_001/CNRSMH_E_2015_146_005_03.wav;CNRSMH_E_2015_146_005_
items/2016/11/24/CNRSMH_E_2015_146_001/CNRSMH_E_2015_146_005_04.wav;CNRSMH_E_2015_146_005_
items/2016/11/24/CNRSMH_E_2015_146_001/CNRSMH_E_2015_146_005_05.wav;CNRSMH_E_2015_146_005_
items/2016/11/24/CNRSMH_E_2015_146_001/CNRSMH_E_2015_146_005_06.wav;CNRSMH_E_2015_146_005_
items/2016/11/24/CNRSMH_E_2015_146_001/CNRSMH_E_2015_146_005_07.wav;CNRSMH_E_2015_146_005_
items/2016/11/24/CNRSMH_E_2015_146_001/CNRSMH_E_2015_146_005_08.wav;CNRSMH_E_2015_146_005_
items/2016/11/24/CNRSMH_E_2015_146_001/CNRSMH_E_2015_146_005_09.wav;CNRSMH_E_2015_146_005_
items/2016/11/24/CNRSMH_E_2016_004_001/CNRSMH_E_2016_004_001_001_001.wav;CNRSMH_E_2016_004_001_
items/2016/11/24/CNRSMH_E_2016_004_001/CNRSMH_E_2016_004_001_001_002.wav;CNRSMH_E_2016_004_001_
items/2016/11/24/CNRSMH_E_2016_004_001/CNRSMH_E_2016_004_001_001_003.wav;CNRSMH_E_2016_004_001_
items/2016/11/24/CNRSMH_E_2016_004_001/CNRSMH_E_2016_004_001_001_004.wav;CNRSMH_E_2016_004_001_
items/2016/11/24/CNRSMH_E_2016_004_001/CNRSMH_E_2016_004_001_001_005.wav;CNRSMH_E_2016_004_001_
items/2016/11/24/CNRSMH_E_2016_004_001/CNRSMH_E_2016_004_001_001_006.wav;CNRSMH_E_2016_004_001_
items/2016/11/24/CNRSMH_E_2016_004_001/CNRSMH_E_2016_004_001_001_007.wav;CNRSMH_E_2016_004_001_
items/2016/11/24/CNRSMH_E_2016_004_002/CNRSMH_E_2016_004_002_001_001.wav;CNRSMH_E_2016_004_002_
items/2016/11/24/CNRSMH_E_2016_004_002/CNRSMH_E_2016_004_002_001_002.wav;CNRSMH_E_2016_004_002_
items/2016/11/24/CNRSMH_E_2016_004_002/CNRSMH_E_2016_004_002_001_003.wav;CNRSMH_E_2016_004_002_
items/2016/11/24/CNRSMH_E_2016_004_002/CNRSMH_E_2016_004_002_001_004.wav;CNRSMH_E_2016_004_002_
items/2016/11/24/CNRSMH_E_2016_004_002/CNRSMH_E_2016_004_002_001_005.wav;CNRSMH_E_2016_004_002_
items/2016/11/24/CNRSMH_E_2016_004_002/CNRSMH_E_2016_004_002_001_006.wav;CNRSMH_E_2016_004_002_
items/2016/11/24/CNRSMH_E_2016_004_002/CNRSMH_E_2016_004_002_001_007.wav;CNRSMH_E_2016_004_002_
items/2016/11/24/CNRSMH_E_2016_004_002/CNRSMH_E_2016_004_002_001_008.wav;CNRSMH_E_2016_004_002_
items/2016/11/24/CNRSMH_E_2016_004_002/CNRSMH_E_2016_004_002_002_001.wav;CNRSMH_E_2016_004_002_
items/2016/11/24/CNRSMH_E_2016_004_002/CNRSMH_E_2016_004_002_002_002.wav;CNRSMH_E_2016_004_002_
items/2016/11/24/CNRSMH_E_2016_004_002/CNRSMH_E_2016_004_002_002_003.wav;CNRSMH_E_2016_004_002_
items/2016/11/24/CNRSMH_E_2016_004_002/CNRSMH_E_2016_004_002_002_004.wav;CNRSMH_E_2016_004_002_
items/2016/11/24/CNRSMH_E_2016_004_002/CNRSMH_E_2016_004_002_002_005.wav;CNRSMH_E_2016_004_002_
items/2016/11/24/CNRSMH_E_2016_004_002/CNRSMH_E_2016_004_002_002_006.wav;CNRSMH_E_2016_004_002_
items/2016/11/24/CNRSMH_E_2016_004_002/CNRSMH_E_2016_004_002_002_007.wav;CNRSMH_E_2016_004_002_
items/2016/11/24/CNRSMH_E_2016_004_002/CNRSMH_E_2016_004_002_002_008.wav;CNRSMH_E_2016_004_002_
items/2016/11/24/CNRSMH_E_2016_004_003/CNRSMH_E_2016_004_003_001_001.wav;CNRSMH_E_2016_004_003_
items/2016/11/24/CNRSMH_E_2016_004_003/CNRSMH_E_2016_004_003_001_002.wav;CNRSMH_E_2016_004_003_
items/2016/11/24/CNRSMH_E_2016_004_003/CNRSMH_E_2016_004_003_001_003.wav;CNRSMH_E_2016_004_003_
items/2016/11/24/CNRSMH_E_2016_004_003/CNRSMH_E_2016_004_003_001_004.wav;CNRSMH_E_2016_004_003_
items/2016/11/24/CNRSMH_E_2016_004_003/CNRSMH_E_2016_004_003_001_005.wav;CNRSMH_E_2016_004_003_
items/2016/11/24/CNRSMH_E_2016_004_003/CNRSMH_E_2016_004_003_001_006.wav;CNRSMH_E_2016_004_003_
items/2016/11/24/CNRSMH_E_2016_004_003/CNRSMH_E_2016_004_003_001_007.wav;CNRSMH_E_2016_004_003_
items/2016/11/24/CNRSMH_E_2016_004_003/CNRSMH_E_2016_004_003_001_008.wav;CNRSMH_E_2016_004_003_
items/2016/11/24/CNRSMH_E_2016_004_003/CNRSMH_E_2016_004_003_001_009.wav;CNRSMH_E_2016_004_003_
items/2016/11/24/CNRSMH_E_2016_004_003/CNRSMH_E_2016_004_003_002_001.wav;CNRSMH_E_2016_004_003_
items/2016/11/24/CNRSMH_E_2016_004_003/CNRSMH_E_2016_004_003_002_002.wav;CNRSMH_E_2016_004_003_
items/2016/11/24/CNRSMH_E_2016_004_003/CNRSMH_E_2016_004_003_002_003.wav;CNRSMH_E_2016_004_003_
items/2016/11/24/CNRSMH_E_2016_004_003/CNRSMH_E_2016_004_003_002_004.wav;CNRSMH_E_2016_004_003_
items/2016/11/24/CNRSMH_E_2016_004_003/CNRSMH_E_2016_004_003_002_005.wav;CNRSMH_E_2016_004_003_
items/2016/11/24/CNRSMH_E_2016_004_003/CNRSMH_E_2016_004_003_002_006.wav;CNRSMH_E_2016_004_003_
items/2016/11/24/CNRSMH_E_2016_004_003/CNRSMH_E_2016_004_003_002_007.wav;CNRSMH_E_2016_004_003_
items/2016/11/24/CNRSMH_E_2016_004_003/CNRSMH_E_2016_004_003_002_008.wav;CNRSMH_E_2016_004_003_
items/2016/11/24/CNRSMH_E_2016_004_003/CNRSMH_E_2016_004_003_002_009.wav;CNRSMH_E_2016_004_003_
items/2016/11/24/CNRSMH_E_2016_004_004/CNRSMH_E_2016_004_004_001_001.wav;CNRSMH_E_2016_004_004_
items/2016/11/24/CNRSMH_E_2016_004_004/CNRSMH_E_2016_004_004_001_002.wav;CNRSMH_E_2016_004_004_
items/2016/11/24/CNRSMH_E_2016_004_004/CNRSMH_E_2016_004_004_001_003.wav;CNRSMH_E_2016_004_004_
items/2016/11/24/CNRSMH_E_2016_004_004/CNRSMH_E_2016_004_004_001_004.wav;CNRSMH_E_2016_004_004_
items/2016/11/24/CNRSMH_E_2016_004_004/CNRSMH_E_2016_004_004_001_005.wav;CNRSMH_E_2016_004_004_
items/2016/11/24/CNRSMH_E_2016_004_004/CNRSMH_E_2016_004_004_001_006.wav;CNRSMH_E_2016_004_004_
items/2016/11/24/CNRSMH_E_2016_004_004/CNRSMH_E_2016_004_004_001_007.wav;CNRSMH_E_2016_004_004_
items/2016/11/24/CNRSMH_E_2016_004_004/CNRSMH_E_2016_004_004_001_008.wav;CNRSMH_E_2016_004_004_
items/2016/11/24/CNRSMH_E_2016_004_004/CNRSMH_E_2016_004_004_002_001.wav;CNRSMH_E_2016_004_004_
items/2016/11/24/CNRSMH_E_2016_004_004/CNRSMH_E_2016_004_004_002_002.wav;CNRSMH_E_2016_004_004_
items/2016/11/24/CNRSMH_E_2016_004_004/CNRSMH_E_2016_004_004_002_003.wav;CNRSMH_E_2016_004_004_
items/2016/11/24/CNRSMH_E_2016_004_004/CNRSMH_E_2016_004_004_002_004.wav;CNRSMH_E_2016_004_004_
items/2016/11/24/CNRSMH_E_2016_004_004/CNRSMH_E_2016_004_004_002_005.wav;CNRSMH_E_2016_004_004_
items/2016/11/24/CNRSMH_E_2016_004_004/CNRSMH_E_2016_004_004_002_006.wav;CNRSMH_E_2016_004_004_
items/2016/11/24/CNRSMH_E_2016_004_004/CNRSMH_E_2016_004_004_002_007.wav;CNRSMH_E_2016_004_004_
items/2016/11/24/CNRSMH_E_2016_004_005/CNRSMH_E_2016_004_005_001_001.wav;CNRSMH_E_2016_004_005_
items/2016/11/24/CNRSMH_E_2016_004_005/CNRSMH_E_2016_004_005_001_002.wav;CNRSMH_E_2016_004_005_
items/2016/11/24/CNRSMH_E_2016_004_005/CNRSMH_E_2016_004_005_001_003.wav;CNRSMH_E_2016_004_005_
items/2016/11/24/CNRSMH_E_2016_004_005/CNRSMH_E_2016_004_005_001_004.wav;CNRSMH_E_2016_004_005_
items/2016/11/24/CNRSMH_E_2016_004_005/CNRSMH_E_2016_004_005_001_005.wav;CNRSMH_E_2016_004_005_
items/2016/11/24/CNRSMH_E_2016_004_005/CNRSMH_E_2016_004_005_001_006.wav;CNRSMH_E_2016_004_005_
items/2016/11/24/CNRSMH_E_2016_004_005/CNRSMH_E_2016_004_005_001_007.wav;CNRSMH_E_2016_004_005_
items/2016/11/24/CNRSMH_E_2016_004_005/CNRSMH_E_2016_004_005_001_008.wav;CNRSMH_E_2016_004_005_
items/2016/11/24/CNRSMH_E_2016_004_005/CNRSMH_E_2016_004_005_002_001.wav;CNRSMH_E_2016_004_005_
items/2016/11/24/CNRSMH_E_2016_004_005/CNRSMH_E_2016_004_005_002_002.wav;CNRSMH_E_2016_004_005_
items/2016/11/24/CNRSMH_E_2016_004_005/CNRSMH_E_2016_004_005_002_003.wav;CNRSMH_E_2016_004_005_
items/2016/11/24/CNRSMH_E_2016_004_005/CNRSMH_E_2016_004_005_002_004.wav;CNRSMH_E_2016_004_005_
items/2016/11/24/CNRSMH_E_2016_004_005/CNRSMH_E_2016_004_005_002_005.wav;CNRSMH_E_2016_004_005_
items/2016/11/24/CNRSMH_E_2016_004_005/CNRSMH_E_2016_004_005_002_006.wav;CNRSMH_E_2016_004_005_
items/2016/11/24/CNRSMH_E_2016_004_005/CNRSMH_E_2016_004_005_002_007.wav;CNRSMH_E_2016_004_005_
items/2016/11/24/CNRSMH_E_2016_004_005/CNRSMH_E_2016_004_005_002_008.wav;CNRSMH_E_2016_004_005_
items/2016/11/24/CNRSMH_E_2016_004_006/CNRSMH_E_2016_004_006_001_001.wav;CNRSMH_E_2016_004_006_
items/2016/11/24/CNRSMH_E_2016_004_006/CNRSMH_E_2016_004_006_001_002.wav;CNRSMH_E_2016_004_006_
items/2016/11/24/CNRSMH_E_2016_004_006/CNRSMH_E_2016_004_006_001_003.wav;CNRSMH_E_2016_004_006_
items/2016/11/24/CNRSMH_E_2016_004_006/CNRSMH_E_2016_004_006_001_004.wav;CNRSMH_E_2016_004_006_
items/2016/11/24/CNRSMH_E_2016_004_006/CNRSMH_E_2016_004_006_001_005.wav;CNRSMH_E_2016_004_006_
items/2016/11/24/CNRSMH_E_2016_004_006/CNRSMH_E_2016_004_006_001_006.wav;CNRSMH_E_2016_004_006_
items/2016/11/24/CNRSMH_E_2016_004_006/CNRSMH_E_2016_004_006_001_007.wav;CNRSMH_E_2016_004_006_
items/2016/11/24/CNRSMH_E_2016_004_006/CNRSMH_E_2016_004_006_001_008.wav;CNRSMH_E_2016_004_006_
items/2016/11/24/CNRSMH_E_2016_004_006/CNRSMH_E_2016_004_006_002_001.wav;CNRSMH_E_2016_004_006_
items/2016/11/24/CNRSMH_E_2016_004_006/CNRSMH_E_2016_004_006_002_002.wav;CNRSMH_E_2016_004_006_
items/2016/11/24/CNRSMH_E_2016_004_006/CNRSMH_E_2016_004_006_002_003.wav;CNRSMH_E_2016_004_006_
items/2016/11/24/CNRSMH_E_2016_004_006/CNRSMH_E_2016_004_006_002_004.wav;CNRSMH_E_2016_004_006_
items/2016/11/24/CNRSMH_E_2016_004_006/CNRSMH_E_2016_004_006_002_005.wav;CNRSMH_E_2016_004_006_
items/2016/11/24/CNRSMH_E_2016_004_006/CNRSMH_E_2016_004_006_002_006.wav;CNRSMH_E_2016_004_006_
items/2016/11/24/CNRSMH_E_2016_004_006/CNRSMH_E_2016_004_006_002_007.wav;CNRSMH_E_2016_004_006_
items/2016/11/24/CNRSMH_E_2016_004_006/CNRSMH_E_2016_004_006_002_008.wav;CNRSMH_E_2016_004_006_
items/2016/11/24/CNRSMH_E_2016_004_007/CNRSMH_E_2016_004_007_001_001.wav;CNRSMH_E_2016_004_007_
items/2016/11/24/CNRSMH_E_2016_004_007/CNRSMH_E_2016_004_007_001_002.wav;CNRSMH_E_2016_004_007_
items/2016/11/24/CNRSMH_E_2016_004_007/CNRSMH_E_2016_004_007_001_003.wav;CNRSMH_E_2016_004_007_
items/2016/11/24/CNRSMH_E_2016_004_007/CNRSMH_E_2016_004_007_001_004.wav;CNRSMH_E_2016_004_007_
items/2016/11/24/CNRSMH_E_2016_004_007/CNRSMH_E_2016_004_007_001_005.wav;CNRSMH_E_2016_004_007_
items/2016/11/24/CNRSMH_E_2016_004_007/CNRSMH_E_2016_004_007_001_006.wav;CNRSMH_E_2016_004_007_
items/2016/11/24/CNRSMH_E_2016_004_007/CNRSMH_E_2016_004_007_001_007.wav;CNRSMH_E_2016_004_007_
items/2016/11/24/CNRSMH_E_2016_004_007/CNRSMH_E_2016_004_007_001_008.wav;CNRSMH_E_2016_004_007_
items/2016/11/24/CNRSMH_E_2016_004_007/CNRSMH_E_2016_004_007_002_001.wav;CNRSMH_E_2016_004_007_
items/2016/11/24/CNRSMH_E_2016_004_007/CNRSMH_E_2016_004_007_002_002.wav;CNRSMH_E_2016_004_007_
items/2016/11/24/CNRSMH_E_2016_004_007/CNRSMH_E_2016_004_007_002_003.wav;CNRSMH_E_2016_004_007_
items/2016/11/24/CNRSMH_E_2016_004_007/CNRSMH_E_2016_004_007_002_004.wav;CNRSMH_E_2016_004_007_
items/2016/11/24/CNRSMH_E_2016_004_007/CNRSMH_E_2016_004_007_002_005.wav;CNRSMH_E_2016_004_007_
items/2016/11/24/CNRSMH_E_2016_004_007/CNRSMH_E_2016_004_007_002_006.wav;CNRSMH_E_2016_004_007_
items/2016/11/24/CNRSMH_E_2016_004_007/CNRSMH_E_2016_004_007_002_007.wav;CNRSMH_E_2016_004_007_
items/2016/11/24/CNRSMH_E_2016_004_007/CNRSMH_E_2016_004_007_002_008.wav;CNRSMH_E_2016_004_007_
items/2016/11/24/CNRSMH_E_2016_004_007/CNRSMH_E_2016_004_007_002_009.wav;CNRSMH_E_2016_004_007_
items/2016/11/24/CNRSMH_E_2016_004_008/CNRSMH_E_2016_004_008_001_001.wav;CNRSMH_E_2016_004_008_
items/2016/11/24/CNRSMH_E_2016_004_008/CNRSMH_E_2016_004_008_001_002.wav;CNRSMH_E_2016_004_008_
items/2016/11/24/CNRSMH_E_2016_004_008/CNRSMH_E_2016_004_008_001_003.wav;CNRSMH_E_2016_004_008_
items/2016/11/24/CNRSMH_E_2016_004_008/CNRSMH_E_2016_004_008_001_004.wav;CNRSMH_E_2016_004_008_
items/2016/11/24/CNRSMH_E_2016_004_008/CNRSMH_E_2016_004_008_001_005.wav;CNRSMH_E_2016_004_008_
items/2016/11/24/CNRSMH_E_2016_004_008/CNRSMH_E_2016_004_008_001_006.wav;CNRSMH_E_2016_004_008_
items/2016/11/24/CNRSMH_E_2016_004_008/CNRSMH_E_2016_004_008_001_007.wav;CNRSMH_E_2016_004_008_
items/2016/11/24/CNRSMH_E_2016_004_008/CNRSMH_E_2016_004_008_001_008.wav;CNRSMH_E_2016_004_008_
items/2016/11/24/CNRSMH_E_2016_004_008/CNRSMH_E_2016_004_008_002_001.wav;CNRSMH_E_2016_004_008_
items/2016/11/24/CNRSMH_E_2016_004_008/CNRSMH_E_2016_004_008_002_002.wav;CNRSMH_E_2016_004_008_
items/2016/11/24/CNRSMH_E_2016_004_008/CNRSMH_E_2016_004_008_002_003.wav;CNRSMH_E_2016_004_008_
items/2016/11/24/CNRSMH_E_2016_004_008/CNRSMH_E_2016_004_008_002_004.wav;CNRSMH_E_2016_004_008_
items/2016/11/24/CNRSMH_E_2016_004_008/CNRSMH_E_2016_004_008_002_005.wav;CNRSMH_E_2016_004_008_
items/2016/11/24/CNRSMH_E_2016_004_008/CNRSMH_E_2016_004_008_002_006.wav;CNRSMH_E_2016_004_008_
items/2016/11/24/CNRSMH_E_2016_004_008/CNRSMH_E_2016_004_008_002_007.wav;CNRSMH_E_2016_004_008_
items/2016/11/24/CNRSMH_E_2016_004_008/CNRSMH_E_2016_004_008_002_008.wav;CNRSMH_E_2016_004_008_
items/2016/11/24/CNRSMH_E_2016_004_009/CNRSMH_E_2016_004_009_001_001.wav;CNRSMH_E_2016_004_009_
items/2016/11/24/CNRSMH_E_2016_004_009/CNRSMH_E_2016_004_009_001_002.wav;CNRSMH_E_2016_004_009_
items/2016/11/24/CNRSMH_E_2016_004_009/CNRSMH_E_2016_004_009_001_003.wav;CNRSMH_E_2016_004_009_
items/2016/11/24/CNRSMH_E_2016_004_009/CNRSMH_E_2016_004_009_001_004.wav;CNRSMH_E_2016_004_009_
items/2016/11/24/CNRSMH_E_2016_004_009/CNRSMH_E_2016_004_009_001_005.wav;CNRSMH_E_2016_004_009_
items/2016/11/24/CNRSMH_E_2016_004_009/CNRSMH_E_2016_004_009_001_006.wav;CNRSMH_E_2016_004_009_
items/2016/11/24/CNRSMH_E_2016_004_009/CNRSMH_E_2016_004_009_001_007.wav;CNRSMH_E_2016_004_009_
items/2016/11/24/CNRSMH_E_2016_004_009/CNRSMH_E_2016_004_009_001_008.wav;CNRSMH_E_2016_004_009_
items/2016/11/24/CNRSMH_E_2016_004_009/CNRSMH_E_2016_004_009_001_009.wav;CNRSMH_E_2016_004_009_
items/2016/11/24/CNRSMH_E_2016_004_009/CNRSMH_E_2016_004_009_001_010.wav;CNRSMH_E_2016_004_009_
items/2016/11/24/CNRSMH_E_2016_004_009/CNRSMH_E_2016_004_009_002_001.wav;CNRSMH_E_2016_004_009_
items/2016/11/24/CNRSMH_E_2016_004_009/CNRSMH_E_2016_004_009_002_002.wav;CNRSMH_E_2016_004_009_
items/2016/11/24/CNRSMH_E_2016_004_009/CNRSMH_E_2016_004_009_002_003.wav;CNRSMH_E_2016_004_009_
items/2016/11/24/CNRSMH_E_2016_004_009/CNRSMH_E_2016_004_009_002_004.wav;CNRSMH_E_2016_004_009_
items/2016/11/28/CNRSMH_E_2016_004_173_001.wav;CNRSMH_E_2016_004_173_
items/2016/11/28/CNRSMH_E_2016_004_173_002.wav;CNRSMH_E_2016_004_173_
items/2016/12/01/CNRSMH_E_2015_146_006_01.mp4;CNRSMH_E_2015_146_006_
items/2016/12/01/CNRSMH_E_2016_004_172_001.wav;CNRSMH_E_2016_004_172_
items/2016/12/01/CNRSMH_E_2016_004_172_002.wav;CNRSMH_E_2016_004_172_
items/2016/12/02/CNRSMH_E_1988_022_001_001_11.wav;CNRSMH_E_1988_022_001_
items/2016/12/02/CNRSMH_E_1988_022_001_001_12.wav;CNRSMH_E_1988_022_001_
items/2016/12/02/CNRSMH_E_1988_022_001_001_13.wav;CNRSMH_E_1988_022_001_
items/2016/12/02/CNRSMH_E_1988_022_001_001_14.wav;CNRSMH_E_1988_022_001_
items/2016/12/02/CNRSMH_E_1988_022_001_001_15.wav;CNRSMH_E_1988_022_001_
items/2016/12/05/CNRSMH_E_2015_146_006_02.mp4;CNRSMH_E_2015_146_006_
items/2016/12/05/CNRSMH_E_2015_146_006_03.mp4;CNRSMH_E_2015_146_006_
items/2016/12/05/CNRSMH_E_2015_146_006_04.mp4;CNRSMH_E_2015_146_006_
items/2016/12/05/CNRSMH_E_2015_146_006_05.mp4;CNRSMH_E_2015_146_006_
items/2016/12/05/CNRSMH_E_2015_146_006_06.mp4;CNRSMH_E_2015_146_006_
items/2016/12/05/CNRSMH_E_2015_146_006_07.mp4;CNRSMH_E_2015_146_006_
items/2016/12/05/CNRSMH_E_2015_146_006_08.mp4;CNRSMH_E_2015_146_006_
items/2016/12/05/CNRSMH_E_2015_146_006_09.mp4;CNRSMH_E_2015_146_006_
items/2016/12/16/CNRSMH_E_1988_022_001_001_16.wav;CNRSMH_E_1988_022_001_
items/2016/12/16/CNRSMH_E_1988_022_001_001_17.wav;CNRSMH_E_1988_022_001_
items/2016/12/16/CNRSMH_E_1988_022_001_001_18.wav;CNRSMH_E_1988_022_001_
items/2016/12/16/CNRSMH_E_1988_022_001_001_19.wav;CNRSMH_E_1988_022_001_
items/2016/12/16/CNRSMH_E_1988_022_001_001_20.wav;CNRSMH_E_1988_022_001_
items/2016/12/16/CNRSMH_E_1988_022_001_001_21.wav;CNRSMH_E_1988_022_001_
items/2016/12/16/CNRSMH_E_1988_022_001_001_22.wav;CNRSMH_E_1988_022_001_
items/2016/12/16/CNRSMH_E_1988_022_001_001_23.wav;CNRSMH_E_1988_022_001_
items/2016/12/16/CNRSMH_E_1988_022_001_001_24.wav;CNRSMH_E_1988_022_001_
items/2016/12/16/CNRSMH_E_1988_022_001_001_25.wav;CNRSMH_E_1988_022_001_
items/2016/12/16/CNRSMH_E_1988_022_001_001_26.wav;CNRSMH_E_1988_022_001_
items/2016/12/16/CNRSMH_E_1988_022_001_001_27.wav;CNRSMH_E_1988_022_001_
items/2016/12/16/CNRSMH_E_1988_022_001_001_28.wav;CNRSMH_E_1988_022_001_
items/2017/01/05/CNRSMH_E_1997_009_012_001_01.wav;CNRSMH_E_1997_009_012_
items/2017/01/05/CNRSMH_E_1997_009_012_001_02.wav;CNRSMH_E_1997_009_012_
items/2017/01/05/CNRSMH_E_1997_009_012_001_03.wav;CNRSMH_E_1997_009_012_
items/2017/01/05/CNRSMH_E_1997_009_012_001_04.wav;CNRSMH_E_1997_009_012_
items/2017/01/05/CNRSMH_E_1997_009_012_001_05.wav;CNRSMH_E_1997_009_012_
items/2017/01/05/CNRSMH_E_1997_009_012_001_06.wav;CNRSMH_E_1997_009_012_
items/2017/01/05/CNRSMH_E_1997_009_012_001_07.wav;CNRSMH_E_1997_009_012_
items/2017/01/05/CNRSMH_E_1997_009_012_001_08.wav;CNRSMH_E_1997_009_012_
items/2017/01/05/CNRSMH_E_1997_009_012_001_09.wav;CNRSMH_E_1997_009_012_
items/2017/01/05/CNRSMH_E_1997_009_012_001_10.wav;CNRSMH_E_1997_009_012_
items/2017/01/05/CNRSMH_E_1997_009_012_001_11.wav;CNRSMH_E_1997_009_012_
items/2017/01/05/CNRSMH_E_1997_009_012_001_12.wav;CNRSMH_E_1997_009_012_
items/2017/01/05/CNRSMH_E_1997_009_012_001_13.wav;CNRSMH_E_1997_009_012_
items/2017/01/05/CNRSMH_E_1997_009_012_001_14.wav;CNRSMH_E_1997_009_012_
items/2017/01/05/CNRSMH_E_1997_009_012_001_15.wav;CNRSMH_E_1997_009_012_
items/2017/01/05/CNRSMH_E_1997_009_012_001_16.wav;CNRSMH_E_1997_009_012_
items/2017/01/05/CNRSMH_E_1997_009_012_001_17.wav;CNRSMH_E_1997_009_012_
items/2017/01/05/CNRSMH_E_1997_009_012_001_18.wav;CNRSMH_E_1997_009_012_
items/2017/01/05/CNRSMH_E_1997_009_012_001_19.wav;CNRSMH_E_1997_009_012_
items/2017/01/17/CNRSMH_E_2016_004_019_001_01.wav;CNRSMH_E_2016_004_019_
items/2017/01/17/CNRSMH_E_2016_004_019_001_02.wav;CNRSMH_E_2016_004_019_
items/2017/01/17/CNRSMH_E_2016_004_019_001_03.wav;CNRSMH_E_2016_004_019_
items/2017/01/17/CNRSMH_E_2016_004_019_001_04.wav;CNRSMH_E_2016_004_019_
items/2017/01/17/CNRSMH_E_2016_004_019_001_05.wav;CNRSMH_E_2016_004_019_
items/2017/01/17/CNRSMH_E_2016_004_019_001_06.wav;CNRSMH_E_2016_004_019_
items/2017/01/17/CNRSMH_E_2016_004_019_001_07.wav;CNRSMH_E_2016_004_019_
items/2017/01/17/CNRSMH_E_2016_004_019_001_08.wav;CNRSMH_E_2016_004_019_
items/2017/01/17/CNRSMH_E_2016_004_019_001_09.wav;CNRSMH_E_2016_004_019_
items/2017/01/17/CNRSMH_E_2016_004_019_001_10.wav;CNRSMH_E_2016_004_019_
items/2017/01/17/CNRSMH_E_2016_004_019_001_11.wav;CNRSMH_E_2016_004_019_
items/2017/01/17/CNRSMH_E_2016_004_019_001_12.wav;CNRSMH_E_2016_004_019_
items/2017/01/17/CNRSMH_E_2016_004_019_001_13.wav;CNRSMH_E_2016_004_019_
items/2017/01/17/CNRSMH_E_2016_004_020_001_01.wav;CNRSMH_E_2016_004_020_
items/2017/01/17/CNRSMH_E_2016_004_020_001_02.wav;CNRSMH_E_2016_004_020_
items/2017/01/17/CNRSMH_E_2016_004_020_001_03.wav;CNRSMH_E_2016_004_020_
items/2017/01/17/CNRSMH_E_2016_004_020_001_04.wav;CNRSMH_E_2016_004_020_
items/2017/01/17/CNRSMH_E_2016_004_020_001_05.wav;CNRSMH_E_2016_004_020_
items/2017/01/17/CNRSMH_E_2016_004_020_001_06.wav;CNRSMH_E_2016_004_020_
items/2017/01/17/CNRSMH_E_2016_004_020_001_07.wav;CNRSMH_E_2016_004_020_
items/2017/01/17/CNRSMH_E_2016_004_020_001_08.wav;CNRSMH_E_2016_004_020_
items/2017/01/17/CNRSMH_E_2016_004_020_001_09.wav;CNRSMH_E_2016_004_020_
items/2017/01/17/CNRSMH_E_2016_004_020_001_10.wav;CNRSMH_E_2016_004_020_
items/2017/01/17/CNRSMH_E_2016_004_020_001_11.wav;CNRSMH_E_2016_004_020_
items/2017/01/17/CNRSMH_E_2016_004_020_001_12.wav;CNRSMH_E_2016_004_020_
items/2017/01/17/CNRSMH_E_2016_004_020_001_13.wav;CNRSMH_E_2016_004_020_
items/2017/01/17/CNRSMH_E_2016_004_020_001_14.wav;CNRSMH_E_2016_004_020_
items/2017/01/17/CNRSMH_E_2016_004_020_001_15.wav;CNRSMH_E_2016_004_020_
items/2017/01/17/CNRSMH_E_2016_004_020_001_16.wav;CNRSMH_E_2016_004_020_
items/2017/01/17/CNRSMH_E_2016_004_020_001_17.wav;CNRSMH_E_2016_004_020_
items/2017/01/17/CNRSMH_E_2016_004_020_001_18.wav;CNRSMH_E_2016_004_020_
items/2017/01/17/CNRSMH_E_2016_004_020_001_19.wav;CNRSMH_E_2016_004_020_
items/2017/01/17/CNRSMH_E_2016_004_020_001_20.wav;CNRSMH_E_2016_004_020_
items/2017/01/17/CNRSMH_E_2016_004_021_001_01.wav;CNRSMH_E_2016_004_021_
items/2017/01/17/CNRSMH_E_2016_004_021_001_02.wav;CNRSMH_E_2016_004_021_
items/2017/01/17/CNRSMH_E_2016_004_021_001_03_Ve6Qe1m.wav;CNRSMH_E_2016_004_021_
items/2017/01/17/CNRSMH_E_2016_004_021_001_04.wav;CNRSMH_E_2016_004_021_
items/2017/01/17/CNRSMH_E_2016_004_021_001_05.wav;CNRSMH_E_2016_004_021_
items/2017/01/17/CNRSMH_E_2016_004_021_001_06.wav;CNRSMH_E_2016_004_021_
items/2017/01/17/CNRSMH_E_2016_004_021_001_07.wav;CNRSMH_E_2016_004_021_
items/2017/01/17/CNRSMH_E_2016_004_021_001_08.wav;CNRSMH_E_2016_004_021_
items/2017/01/17/CNRSMH_E_2016_004_021_001_09.wav;CNRSMH_E_2016_004_021_
items/2017/01/17/CNRSMH_E_2016_004_021_001_10.wav;CNRSMH_E_2016_004_021_
items/2017/01/17/CNRSMH_E_2016_004_021_001_11.wav;CNRSMH_E_2016_004_021_
items/2017/01/17/CNRSMH_E_2016_004_021_001_12.wav;CNRSMH_E_2016_004_021_
items/2017/01/17/CNRSMH_E_2016_004_021_001_13.wav;CNRSMH_E_2016_004_021_
items/2017/01/17/CNRSMH_E_2016_004_021_001_14.wav;CNRSMH_E_2016_004_021_
items/2017/01/17/CNRSMH_E_2016_004_021_001_15.wav;CNRSMH_E_2016_004_021_
items/2017/01/17/CNRSMH_E_2016_004_021_001_16.wav;CNRSMH_E_2016_004_021_
items/2017/01/17/CNRSMH_E_2016_004_021_001_17.wav;CNRSMH_E_2016_004_021_
items/2017/01/17/CNRSMH_E_2016_004_021_001_18.wav;CNRSMH_E_2016_004_021_
items/2017/01/17/CNRSMH_E_2016_004_021_001_19.wav;CNRSMH_E_2016_004_021_
items/2017/01/17/CNRSMH_E_2016_004_021_001_20.wav;CNRSMH_E_2016_004_021_
items/2017/01/17/CNRSMH_E_2016_004_021_001_21.wav;CNRSMH_E_2016_004_021_
items/2017/01/17/CNRSMH_E_2016_004_021_001_22.wav;CNRSMH_E_2016_004_021_
items/2017/01/17/CNRSMH_E_2016_004_021_001_23.wav;CNRSMH_E_2016_004_021_
items/2017/01/17/CNRSMH_E_2016_004_022_001_01.wav;CNRSMH_E_2016_004_022_
items/2017/01/17/CNRSMH_E_2016_004_022_001_02.wav;CNRSMH_E_2016_004_022_
items/2017/01/17/CNRSMH_E_2016_004_022_001_03.wav;CNRSMH_E_2016_004_022_
items/2017/01/17/CNRSMH_E_2016_004_022_001_04.wav;CNRSMH_E_2016_004_022_
items/2017/01/17/CNRSMH_E_2016_004_022_001_05.wav;CNRSMH_E_2016_004_022_
items/2017/01/17/CNRSMH_E_2016_004_022_001_06.wav;CNRSMH_E_2016_004_022_
items/2017/01/17/CNRSMH_E_2016_004_022_001_07.wav;CNRSMH_E_2016_004_022_
items/2017/01/17/CNRSMH_E_2016_004_022_001_08.wav;CNRSMH_E_2016_004_022_
items/2017/01/17/CNRSMH_E_2016_004_022_001_09.wav;CNRSMH_E_2016_004_022_
items/2017/01/17/CNRSMH_E_2016_004_022_001_10.wav;CNRSMH_E_2016_004_022_
items/2017/01/17/CNRSMH_E_2016_004_022_001_11.wav;CNRSMH_E_2016_004_022_
items/2017/01/17/CNRSMH_E_2016_004_022_001_12.wav;CNRSMH_E_2016_004_022_
items/2017/01/17/CNRSMH_E_2016_004_022_001_13.wav;CNRSMH_E_2016_004_022_
items/2017/01/17/CNRSMH_E_2016_004_022_001_14.wav;CNRSMH_E_2016_004_022_
items/2017/01/17/CNRSMH_E_2016_004_022_001_15.wav;CNRSMH_E_2016_004_022_
items/2017/01/17/CNRSMH_E_2016_004_022_001_16.wav;CNRSMH_E_2016_004_022_
items/2017/01/17/CNRSMH_E_2016_004_022_001_17.wav;CNRSMH_E_2016_004_022_
items/2017/01/17/CNRSMH_E_2016_004_022_001_18.wav;CNRSMH_E_2016_004_022_
items/2017/01/17/CNRSMH_E_2016_004_022_001_19.wav;CNRSMH_E_2016_004_022_
items/2017/01/17/CNRSMH_E_2016_004_022_001_20.wav;CNRSMH_E_2016_004_022_
items/2017/01/17/CNRSMH_E_2016_004_022_001_21.wav;CNRSMH_E_2016_004_022_
items/2017/01/17/CNRSMH_E_2016_004_022_001_22.wav;CNRSMH_E_2016_004_022_
items/2017/01/17/CNRSMH_E_2016_004_022_001_23.wav;CNRSMH_E_2016_004_022_
items/2017/01/17/CNRSMH_E_2016_004_023_001_01.wav;CNRSMH_E_2016_004_023_
items/2017/01/17/CNRSMH_E_2016_004_023_001_02.wav;CNRSMH_E_2016_004_023_
items/2017/01/17/CNRSMH_E_2016_004_023_001_03.wav;CNRSMH_E_2016_004_023_
items/2017/01/17/CNRSMH_E_2016_004_023_001_04.wav;CNRSMH_E_2016_004_023_
items/2017/01/17/CNRSMH_E_2016_004_023_001_05.wav;CNRSMH_E_2016_004_023_
items/2017/01/17/CNRSMH_E_2016_004_023_001_06.wav;CNRSMH_E_2016_004_023_
items/2017/01/17/CNRSMH_E_2016_004_023_001_07.wav;CNRSMH_E_2016_004_023_
items/2017/01/17/CNRSMH_E_2016_004_023_001_08.wav;CNRSMH_E_2016_004_023_
items/2017/01/17/CNRSMH_E_2016_004_023_001_09.wav;CNRSMH_E_2016_004_023_
items/2017/01/17/CNRSMH_E_2016_004_023_001_10.wav;CNRSMH_E_2016_004_023_
items/2017/01/17/CNRSMH_E_2016_004_023_001_11.wav;CNRSMH_E_2016_004_023_
items/2017/01/17/CNRSMH_E_2016_004_023_001_12.wav;CNRSMH_E_2016_004_023_
items/2017/01/17/CNRSMH_E_2016_004_023_001_13.wav;CNRSMH_E_2016_004_023_
items/2017/01/17/CNRSMH_E_2016_004_023_001_14.wav;CNRSMH_E_2016_004_023_
items/2017/01/17/CNRSMH_E_2016_004_023_001_15.wav;CNRSMH_E_2016_004_023_
items/2017/01/17/CNRSMH_E_2016_004_023_001_16.wav;CNRSMH_E_2016_004_023_
items/2017/01/17/CNRSMH_E_2016_004_023_001_17.wav;CNRSMH_E_2016_004_023_
items/2017/01/17/CNRSMH_E_2016_004_023_001_18.wav;CNRSMH_E_2016_004_023_
items/2017/01/17/CNRSMH_E_2016_004_023_001_19.wav;CNRSMH_E_2016_004_023_
items/2017/01/17/CNRSMH_E_2016_004_023_001_20.wav;CNRSMH_E_2016_004_023_
items/2017/01/17/CNRSMH_E_2016_004_023_001_21.wav;CNRSMH_E_2016_004_023_
items/2017/01/17/CNRSMH_E_2016_004_023_001_22.wav;CNRSMH_E_2016_004_023_
items/2017/01/17/CNRSMH_E_2016_004_023_001_23.wav;CNRSMH_E_2016_004_023_
items/2017/01/17/CNRSMH_E_2016_004_023_001_24.wav;CNRSMH_E_2016_004_023_
items/2017/01/17/CNRSMH_E_2016_004_023_001_25.wav;CNRSMH_E_2016_004_023_
items/2017/01/17/CNRSMH_E_2016_004_023_001_26.wav;CNRSMH_E_2016_004_023_
items/2017/01/27/CNRSMH_E_1952_007_015/CNRSMH_E_1952_007_015_005_01.wav;CNRSMH_E_1952_007_015_
items/2017/01/27/CNRSMH_E_1952_007_015/CNRSMH_E_1952_007_015_005_02.wav;CNRSMH_E_1952_007_015_
items/2017/01/27/CNRSMH_E_1953_010_001/CNRSMH_E_1953_010_001_011_01.wav;CNRSMH_E_1953_010_001_
items/2017/01/27/CNRSMH_E_1953_010_001/CNRSMH_E_1953_010_001_011_02.wav;CNRSMH_E_1953_010_001_
items/2017/01/27/CNRSMH_E_1953_010_001/CNRSMH_E_1953_010_001_015_01.wav;CNRSMH_E_1953_010_001_
items/2017/01/27/CNRSMH_E_1953_010_001/CNRSMH_E_1953_010_001_015_02.wav;CNRSMH_E_1953_010_001_
items/2017/01/27/CNRSMH_E_1953_010_001/CNRSMH_E_1953_010_001_016_01.wav;CNRSMH_E_1953_010_001_
items/2017/01/27/CNRSMH_E_1953_010_001/CNRSMH_E_1953_010_001_016_02.wav;CNRSMH_E_1953_010_001_
items/2017/01/27/CNRSMH_E_1955_001_001/CNRSMH_E_1955_001_001_003_01.wav;CNRSMH_E_1955_001_001_
items/2017/01/27/CNRSMH_E_1955_001_001/CNRSMH_E_1955_001_001_003_02.wav;CNRSMH_E_1955_001_001_
items/2017/01/27/CNRSMH_E_1955_001_001/CNRSMH_E_1955_001_001_004_01.wav;CNRSMH_E_1955_001_001_
items/2017/01/27/CNRSMH_E_1955_001_001/CNRSMH_E_1955_001_001_004_02.wav;CNRSMH_E_1955_001_001_
items/2017/01/27/CNRSMH_E_1955_001_001/CNRSMH_E_1955_001_001_006_01.wav;CNRSMH_E_1955_001_001_
items/2017/01/27/CNRSMH_E_1955_001_001/CNRSMH_E_1955_001_001_006_02.wav;CNRSMH_E_1955_001_001_
items/2017/01/27/CNRSMH_E_2016_004_010/CNRSMH_E_2016_004_010_001_001.wav;CNRSMH_E_2016_004_010_
items/2017/01/27/CNRSMH_E_2016_004_010/CNRSMH_E_2016_004_010_001_002.wav;CNRSMH_E_2016_004_010_
items/2017/01/27/CNRSMH_E_2016_004_010/CNRSMH_E_2016_004_010_001_003.wav;CNRSMH_E_2016_004_010_
items/2017/01/27/CNRSMH_E_2016_004_010/CNRSMH_E_2016_004_010_001_004.wav;CNRSMH_E_2016_004_010_
items/2017/01/27/CNRSMH_E_2016_004_010/CNRSMH_E_2016_004_010_001_005.wav;CNRSMH_E_2016_004_010_
items/2017/01/27/CNRSMH_E_2016_004_010/CNRSMH_E_2016_004_010_001_006.wav;CNRSMH_E_2016_004_010_
items/2017/01/27/CNRSMH_E_2016_004_010/CNRSMH_E_2016_004_010_001_007.wav;CNRSMH_E_2016_004_010_
items/2017/01/27/CNRSMH_E_2016_004_010/CNRSMH_E_2016_004_010_001_008.wav;CNRSMH_E_2016_004_010_
items/2017/01/27/CNRSMH_E_2016_004_010/CNRSMH_E_2016_004_010_001_009.wav;CNRSMH_E_2016_004_010_
items/2017/01/27/CNRSMH_E_2016_004_010/CNRSMH_E_2016_004_010_001_010.wav;CNRSMH_E_2016_004_010_
items/2017/01/27/CNRSMH_E_2016_004_010/CNRSMH_E_2016_004_010_002_001.wav;CNRSMH_E_2016_004_010_
items/2017/01/27/CNRSMH_E_2016_004_010/CNRSMH_E_2016_004_010_002_002.wav;CNRSMH_E_2016_004_010_
items/2017/01/27/CNRSMH_E_2016_004_010/CNRSMH_E_2016_004_010_002_003.wav;CNRSMH_E_2016_004_010_
items/2017/01/27/CNRSMH_E_2016_004_010/CNRSMH_E_2016_004_010_002_004.wav;CNRSMH_E_2016_004_010_
items/2017/01/27/CNRSMH_E_2016_004_010/CNRSMH_E_2016_004_010_002_005.wav;CNRSMH_E_2016_004_010_
items/2017/01/27/CNRSMH_E_2016_004_010/CNRSMH_E_2016_004_010_002_006.wav;CNRSMH_E_2016_004_010_
items/2017/01/27/CNRSMH_E_2016_004_010/CNRSMH_E_2016_004_010_002_007.wav;CNRSMH_E_2016_004_010_
items/2017/01/27/CNRSMH_E_2016_004_010/CNRSMH_E_2016_004_010_002_008.wav;CNRSMH_E_2016_004_010_
items/2017/01/27/CNRSMH_E_2016_004_010/CNRSMH_E_2016_004_010_002_009.wav;CNRSMH_E_2016_004_010_
items/2017/01/27/CNRSMH_E_2016_004_010/CNRSMH_E_2016_004_010_002_010.wav;CNRSMH_E_2016_004_010_
items/2017/01/27/CNRSMH_E_2016_004_011/CNRSMH_E_2016_004_011_001_001.wav;CNRSMH_E_2016_004_011_
items/2017/01/27/CNRSMH_E_2016_004_011/CNRSMH_E_2016_004_011_001_002.wav;CNRSMH_E_2016_004_011_
items/2017/01/27/CNRSMH_E_2016_004_011/CNRSMH_E_2016_004_011_001_003.wav;CNRSMH_E_2016_004_011_
items/2017/01/27/CNRSMH_E_2016_004_011/CNRSMH_E_2016_004_011_001_004.wav;CNRSMH_E_2016_004_011_
items/2017/01/27/CNRSMH_E_2016_004_011/CNRSMH_E_2016_004_011_001_005.wav;CNRSMH_E_2016_004_011_
items/2017/01/27/CNRSMH_E_2016_004_011/CNRSMH_E_2016_004_011_002_001.wav;CNRSMH_E_2016_004_011_
items/2017/01/27/CNRSMH_E_2016_004_011/CNRSMH_E_2016_004_011_002_002.wav;CNRSMH_E_2016_004_011_
items/2017/01/27/CNRSMH_E_2016_004_011/CNRSMH_E_2016_004_011_002_003.wav;CNRSMH_E_2016_004_011_
items/2017/01/27/CNRSMH_E_2016_004_011/CNRSMH_E_2016_004_011_002_004.wav;CNRSMH_E_2016_004_011_
items/2017/01/27/CNRSMH_E_2016_004_011/CNRSMH_E_2016_004_011_002_005.wav;CNRSMH_E_2016_004_011_
items/2017/01/27/CNRSMH_E_2016_004_012/CNRSMH_E_2016_004_012_001_001.wav;CNRSMH_E_2016_004_012_
items/2017/01/27/CNRSMH_E_2016_004_012/CNRSMH_E_2016_004_012_001_002.wav;CNRSMH_E_2016_004_012_
items/2017/01/27/CNRSMH_E_2016_004_012/CNRSMH_E_2016_004_012_001_003.wav;CNRSMH_E_2016_004_012_
items/2017/01/27/CNRSMH_E_2016_004_012/CNRSMH_E_2016_004_012_001_004.wav;CNRSMH_E_2016_004_012_
items/2017/01/27/CNRSMH_E_2016_004_012/CNRSMH_E_2016_004_012_001_005.wav;CNRSMH_E_2016_004_012_
items/2017/01/27/CNRSMH_E_2016_004_012/CNRSMH_E_2016_004_012_002_001.wav;CNRSMH_E_2016_004_012_
items/2017/01/27/CNRSMH_E_2016_004_012/CNRSMH_E_2016_004_012_002_002.wav;CNRSMH_E_2016_004_012_
items/2017/01/27/CNRSMH_E_2016_004_012/CNRSMH_E_2016_004_012_002_003.wav;CNRSMH_E_2016_004_012_
items/2017/01/27/CNRSMH_E_2016_004_012/CNRSMH_E_2016_004_012_002_004.wav;CNRSMH_E_2016_004_012_
items/2017/01/27/CNRSMH_E_2016_004_012/CNRSMH_E_2016_004_012_002_005.wav;CNRSMH_E_2016_004_012_
items/2017/01/27/CNRSMH_E_2016_004_013/CNRSMH_E_2016_004_013_001_001.wav;CNRSMH_E_2016_004_013_
items/2017/01/27/CNRSMH_E_2016_004_013/CNRSMH_E_2016_004_013_001_002.wav;CNRSMH_E_2016_004_013_
items/2017/01/27/CNRSMH_E_2016_004_013/CNRSMH_E_2016_004_013_001_003.wav;CNRSMH_E_2016_004_013_
items/2017/01/27/CNRSMH_E_2016_004_013/CNRSMH_E_2016_004_013_001_004.wav;CNRSMH_E_2016_004_013_
items/2017/01/27/CNRSMH_E_2016_004_013/CNRSMH_E_2016_004_013_001_005.wav;CNRSMH_E_2016_004_013_
items/2017/01/27/CNRSMH_E_2016_004_013/CNRSMH_E_2016_004_013_001_006.wav;CNRSMH_E_2016_004_013_
items/2017/01/27/CNRSMH_E_2016_004_013/CNRSMH_E_2016_004_013_001_007.wav;CNRSMH_E_2016_004_013_
items/2017/01/27/CNRSMH_E_2016_004_013/CNRSMH_E_2016_004_013_001_008.wav;CNRSMH_E_2016_004_013_
items/2017/01/27/CNRSMH_E_2016_004_013/CNRSMH_E_2016_004_013_002_001.wav;CNRSMH_E_2016_004_013_
items/2017/01/27/CNRSMH_E_2016_004_013/CNRSMH_E_2016_004_013_002_002.wav;CNRSMH_E_2016_004_013_
items/2017/01/27/CNRSMH_E_2016_004_013/CNRSMH_E_2016_004_013_002_003.wav;CNRSMH_E_2016_004_013_
items/2017/01/27/CNRSMH_E_2016_004_013/CNRSMH_E_2016_004_013_002_004.wav;CNRSMH_E_2016_004_013_
items/2017/01/27/CNRSMH_E_2016_004_013/CNRSMH_E_2016_004_013_002_005.wav;CNRSMH_E_2016_004_013_
items/2017/01/27/CNRSMH_E_2016_004_013/CNRSMH_E_2016_004_013_002_006.wav;CNRSMH_E_2016_004_013_
items/2017/01/27/CNRSMH_E_2016_004_013/CNRSMH_E_2016_004_013_002_007.wav;CNRSMH_E_2016_004_013_
items/2017/01/27/CNRSMH_E_2016_004_013/CNRSMH_E_2016_004_013_002_008.wav;CNRSMH_E_2016_004_013_
items/2017/01/27/CNRSMH_E_2016_004_013/CNRSMH_E_2016_004_013_002_009.wav;CNRSMH_E_2016_004_013_
items/2017/01/27/CNRSMH_E_2016_004_013/CNRSMH_E_2016_004_013_003_001.wav;CNRSMH_E_2016_004_013_
items/2017/01/27/CNRSMH_E_2016_004_013/CNRSMH_E_2016_004_013_003_002.wav;CNRSMH_E_2016_004_013_
items/2017/01/27/CNRSMH_E_2016_004_013/CNRSMH_E_2016_004_013_003_003.wav;CNRSMH_E_2016_004_013_
items/2017/01/27/CNRSMH_E_2016_004_013/CNRSMH_E_2016_004_013_003_004.wav;CNRSMH_E_2016_004_013_
items/2017/01/27/CNRSMH_E_2016_004_013/CNRSMH_E_2016_004_013_003_005.wav;CNRSMH_E_2016_004_013_
items/2017/01/27/CNRSMH_E_2016_004_013/CNRSMH_E_2016_004_013_003_006.wav;CNRSMH_E_2016_004_013_
items/2017/01/27/CNRSMH_E_2016_004_013/CNRSMH_E_2016_004_013_003_007.wav;CNRSMH_E_2016_004_013_
items/2017/01/27/CNRSMH_E_2016_004_013/CNRSMH_E_2016_004_013_003_008.wav;CNRSMH_E_2016_004_013_
items/2017/01/27/CNRSMH_E_2016_004_013/CNRSMH_E_2016_004_013_003_009.wav;CNRSMH_E_2016_004_013_
items/2017/01/27/CNRSMH_E_2016_004_013/CNRSMH_E_2016_004_013_003_010.wav;CNRSMH_E_2016_004_013_
items/2017/01/27/CNRSMH_E_2016_004_123/CNRSMH_E_2016_004_123_001_01.wav;CNRSMH_E_2016_004_123_
items/2017/01/27/CNRSMH_E_2016_004_123/CNRSMH_E_2016_004_123_001_02.wav;CNRSMH_E_2016_004_123_
items/2017/01/27/CNRSMH_E_2016_004_123/CNRSMH_E_2016_004_123_001_03.wav;CNRSMH_E_2016_004_123_
items/2017/01/27/CNRSMH_E_2016_004_123/CNRSMH_E_2016_004_123_001_04.wav;CNRSMH_E_2016_004_123_
items/2017/01/27/CNRSMH_E_2016_004_123/CNRSMH_E_2016_004_123_001_05.wav;CNRSMH_E_2016_004_123_
items/2017/01/27/CNRSMH_E_2016_004_123/CNRSMH_E_2016_004_123_001_06.wav;CNRSMH_E_2016_004_123_
items/2017/01/27/CNRSMH_E_2016_004_123/CNRSMH_E_2016_004_123_001_07.wav;CNRSMH_E_2016_004_123_
items/2017/01/27/CNRSMH_E_2016_004_123/CNRSMH_E_2016_004_123_001_08.wav;CNRSMH_E_2016_004_123_
items/2017/01/27/CNRSMH_E_2016_004_123/CNRSMH_E_2016_004_123_001_09.wav;CNRSMH_E_2016_004_123_
items/2017/01/27/CNRSMH_E_2016_004_123/CNRSMH_E_2016_004_123_001_10.wav;CNRSMH_E_2016_004_123_
items/2017/01/27/CNRSMH_E_2016_004_123/CNRSMH_E_2016_004_123_001_11.wav;CNRSMH_E_2016_004_123_
items/2017/01/27/CNRSMH_E_2016_004_123/CNRSMH_E_2016_004_123_001_12.wav;CNRSMH_E_2016_004_123_
items/2017/01/27/CNRSMH_E_2016_004_123/CNRSMH_E_2016_004_123_001_13.wav;CNRSMH_E_2016_004_123_
items/2017/01/27/CNRSMH_E_2016_004_123/CNRSMH_E_2016_004_123_002_01.wav;CNRSMH_E_2016_004_123_
items/2017/01/27/CNRSMH_E_2016_004_123/CNRSMH_E_2016_004_123_002_02.wav;CNRSMH_E_2016_004_123_
items/2017/01/27/CNRSMH_E_2016_004_123/CNRSMH_E_2016_004_123_002_03.wav;CNRSMH_E_2016_004_123_
items/2017/01/27/CNRSMH_E_2016_004_123/CNRSMH_E_2016_004_123_002_04.wav;CNRSMH_E_2016_004_123_
items/2017/01/27/CNRSMH_E_2016_004_123/CNRSMH_E_2016_004_123_002_05.wav;CNRSMH_E_2016_004_123_
items/2017/01/27/CNRSMH_E_2016_004_123/CNRSMH_E_2016_004_123_002_06.wav;CNRSMH_E_2016_004_123_
items/2017/01/27/CNRSMH_E_2016_004_123/CNRSMH_E_2016_004_123_002_07.wav;CNRSMH_E_2016_004_123_
items/2017/01/27/CNRSMH_E_2016_004_123/CNRSMH_E_2016_004_123_002_08.wav;CNRSMH_E_2016_004_123_
items/2017/01/27/CNRSMH_E_2016_004_123/CNRSMH_E_2016_004_123_002_09.wav;CNRSMH_E_2016_004_123_
items/2017/01/27/CNRSMH_E_2016_004_123/CNRSMH_E_2016_004_123_002_10.wav;CNRSMH_E_2016_004_123_
items/2017/01/27/CNRSMH_E_2016_004_123/CNRSMH_E_2016_004_123_002_11.wav;CNRSMH_E_2016_004_123_
items/2017/01/27/CNRSMH_E_2016_004_123/CNRSMH_E_2016_004_123_002_12.wav;CNRSMH_E_2016_004_123_
items/2017/01/27/CNRSMH_E_2016_004_124/CNRSMH_E_2016_004_124_001_01.wav;CNRSMH_E_2016_004_124_
items/2017/01/27/CNRSMH_E_2016_004_124/CNRSMH_E_2016_004_124_001_02.wav;CNRSMH_E_2016_004_124_
items/2017/01/27/CNRSMH_E_2016_004_124/CNRSMH_E_2016_004_124_001_03.wav;CNRSMH_E_2016_004_124_
items/2017/01/27/CNRSMH_E_2016_004_124/CNRSMH_E_2016_004_124_001_05.wav;CNRSMH_E_2016_004_124_
items/2017/01/27/CNRSMH_E_2016_004_124/CNRSMH_E_2016_004_124_001_06.wav;CNRSMH_E_2016_004_124_
items/2017/01/27/CNRSMH_E_2016_004_124/CNRSMH_E_2016_004_124_001_07.wav;CNRSMH_E_2016_004_124_
items/2017/01/27/CNRSMH_E_2016_004_124/CNRSMH_E_2016_004_124_001_08.wav;CNRSMH_E_2016_004_124_
items/2017/01/27/CNRSMH_E_2016_004_124/CNRSMH_E_2016_004_124_001_09.wav;CNRSMH_E_2016_004_124_
items/2017/01/27/CNRSMH_E_2016_004_124/CNRSMH_E_2016_004_124_001_10.wav;CNRSMH_E_2016_004_124_
items/2017/01/27/CNRSMH_E_2016_004_124/CNRSMH_E_2016_004_124_001_11.wav;CNRSMH_E_2016_004_124_
items/2017/01/27/CNRSMH_E_2016_004_124/CNRSMH_E_2016_004_124_001_12.wav;CNRSMH_E_2016_004_124_
items/2017/01/27/CNRSMH_E_2016_004_124/CNRSMH_E_2016_004_124_002_01.wav;CNRSMH_E_2016_004_124_
items/2017/01/27/CNRSMH_E_2016_004_124/CNRSMH_E_2016_004_124_002_02.wav;CNRSMH_E_2016_004_124_
items/2017/01/27/CNRSMH_E_2016_004_124/CNRSMH_E_2016_004_124_002_03.wav;CNRSMH_E_2016_004_124_
items/2017/01/27/CNRSMH_E_2016_004_124/CNRSMH_E_2016_004_124_002_04.wav;CNRSMH_E_2016_004_124_
items/2017/01/27/CNRSMH_E_2016_004_124/CNRSMH_E_2016_004_124_002_05.wav;CNRSMH_E_2016_004_124_
items/2017/01/27/CNRSMH_E_2016_004_124/CNRSMH_E_2016_004_124_002_06.wav;CNRSMH_E_2016_004_124_
items/2017/01/27/CNRSMH_E_2016_004_124/CNRSMH_E_2016_004_124_002_07.wav;CNRSMH_E_2016_004_124_
items/2017/01/27/CNRSMH_E_2016_004_124/CNRSMH_E_2016_004_124_002_08.wav;CNRSMH_E_2016_004_124_
items/2017/01/27/CNRSMH_E_2016_004_124/CNRSMH_E_2016_004_124_002_09.wav;CNRSMH_E_2016_004_124_
items/2017/01/27/CNRSMH_E_2016_004_124/CNRSMH_E_2016_004_124_002_10.wav;CNRSMH_E_2016_004_124_
items/2017/01/27/CNRSMH_E_2016_004_124/CNRSMH_E_2016_004_124_002_11.wav;CNRSMH_E_2016_004_124_
items/2017/01/27/CNRSMH_E_2016_004_124/CNRSMH_E_2016_004_124_002_12.wav;CNRSMH_E_2016_004_124_
items/2017/02/13/CNRSMH_E_1968_004_001_001_01.wav;CNRSMH_E_1968_004_001_
items/2017/02/13/CNRSMH_E_1968_004_001_001_02.wav;CNRSMH_E_1968_004_001_
items/2017/03/01/CNRSMH_E_2016_004_125_001_01.wav;CNRSMH_E_2016_004_125_
items/2017/03/01/CNRSMH_E_2016_004_125_001_02.wav;CNRSMH_E_2016_004_125_
items/2017/03/01/CNRSMH_E_2016_004_125_001_03.wav;CNRSMH_E_2016_004_125_
items/2017/03/01/CNRSMH_E_2016_004_125_001_04.wav;CNRSMH_E_2016_004_125_
items/2017/03/01/CNRSMH_E_2016_004_125_001_05.wav;CNRSMH_E_2016_004_125_
items/2017/03/01/CNRSMH_E_2016_004_125_001_06.wav;CNRSMH_E_2016_004_125_
items/2017/03/01/CNRSMH_E_2016_004_125_001_07.wav;CNRSMH_E_2016_004_125_
items/2017/03/01/CNRSMH_E_2016_004_125_001_08.wav;CNRSMH_E_2016_004_125_
items/2017/03/01/CNRSMH_E_2016_004_125_001_09.wav;CNRSMH_E_2016_004_125_
items/2017/03/01/CNRSMH_E_2016_004_125_001_10.wav;CNRSMH_E_2016_004_125_
items/2017/03/01/CNRSMH_E_2016_004_125_001_11.wav;CNRSMH_E_2016_004_125_
items/2017/03/01/CNRSMH_E_2016_004_125_001_12.wav;CNRSMH_E_2016_004_125_
items/2017/03/01/CNRSMH_E_2016_004_125_002_01.wav;CNRSMH_E_2016_004_125_
items/2017/03/01/CNRSMH_E_2016_004_125_002_02.wav;CNRSMH_E_2016_004_125_
items/2017/03/01/CNRSMH_E_2016_004_125_002_03.wav;CNRSMH_E_2016_004_125_
items/2017/03/01/CNRSMH_E_2016_004_125_002_04.wav;CNRSMH_E_2016_004_125_
items/2017/03/01/CNRSMH_E_2016_004_125_002_05.wav;CNRSMH_E_2016_004_125_
items/2017/03/01/CNRSMH_E_2016_004_125_002_06.wav;CNRSMH_E_2016_004_125_
items/2017/03/01/CNRSMH_E_2016_004_125_002_07.wav;CNRSMH_E_2016_004_125_
items/2017/03/01/CNRSMH_E_2016_004_125_002_08.wav;CNRSMH_E_2016_004_125_
items/2017/03/01/CNRSMH_E_2016_004_125_002_09.wav;CNRSMH_E_2016_004_125_
items/2017/03/01/CNRSMH_E_2016_004_125_002_10.wav;CNRSMH_E_2016_004_125_
items/2017/03/01/CNRSMH_E_2016_004_125_002_11.wav;CNRSMH_E_2016_004_125_
items/2017/03/01/CNRSMH_E_2016_004_125_002_12.wav;CNRSMH_E_2016_004_125_
items/2017/03/01/CNRSMH_E_2016_004_126_001_01.wav;CNRSMH_E_2016_004_126_
items/2017/03/01/CNRSMH_E_2016_004_126_001_02.wav;CNRSMH_E_2016_004_126_
items/2017/03/01/CNRSMH_E_2016_004_126_001_03.wav;CNRSMH_E_2016_004_126_
items/2017/03/01/CNRSMH_E_2016_004_126_001_04.wav;CNRSMH_E_2016_004_126_
items/2017/03/01/CNRSMH_E_2016_004_126_001_05.wav;CNRSMH_E_2016_004_126_
items/2017/03/01/CNRSMH_E_2016_004_126_001_06.wav;CNRSMH_E_2016_004_126_
items/2017/03/01/CNRSMH_E_2016_004_126_001_07.wav;CNRSMH_E_2016_004_126_
items/2017/03/01/CNRSMH_E_2016_004_126_001_08.wav;CNRSMH_E_2016_004_126_
items/2017/03/01/CNRSMH_E_2016_004_126_001_09.wav;CNRSMH_E_2016_004_126_
items/2017/03/01/CNRSMH_E_2016_004_126_001_10.wav;CNRSMH_E_2016_004_126_
items/2017/03/01/CNRSMH_E_2016_004_126_001_11.wav;CNRSMH_E_2016_004_126_
items/2017/03/01/CNRSMH_E_2016_004_126_001_12.wav;CNRSMH_E_2016_004_126_
items/2017/03/20/CNRSMH_E_2016_004_191_001_04.wav;CNRSMH_E_2016_004_191_
items/2017/03/20/CNRSMH_E_2016_004_191_001_08.WAV;CNRSMH_E_2016_004_191_
items/2017/03/22/CNRSMH_E_2016_004_191_001_06.WAV;CNRSMH_E_2016_004_191_
items/2017/03/22/CNRSMH_E_2016_004_192_001_04.WAV;CNRSMH_E_2016_004_192_
items/2017/03/22/CNRSMH_E_2016_004_192_001_06.WAV;CNRSMH_E_2016_004_192_
items/2017/03/22/CNRSMH_E_2016_004_192_001_07.WAV;CNRSMH_E_2016_004_192_
items/2017/03/28/CNRSMH_E_2016_004_193_001_01.wav;CNRSMH_E_2016_004_193_
items/2017/03/28/CNRSMH_E_2016_004_193_001_02.wav;CNRSMH_E_2016_004_193_
items/2017/03/28/CNRSMH_E_2016_004_193_001_03.wav;CNRSMH_E_2016_004_193_
items/2017/03/28/CNRSMH_E_2016_004_193_001_04.wav;CNRSMH_E_2016_004_193_
items/2017/03/28/CNRSMH_E_2016_004_193_001_05.wav;CNRSMH_E_2016_004_193_
items/2017/03/28/CNRSMH_E_2016_004_193_001_06.wav;CNRSMH_E_2016_004_193_
items/2017/03/28/CNRSMH_E_2016_004_193_001_07.wav;CNRSMH_E_2016_004_193_
items/2017/03/28/CNRSMH_E_2016_004_193_001_08.wav;CNRSMH_E_2016_004_193_
items/2017/03/28/CNRSMH_E_2016_004_193_001_09.wav;CNRSMH_E_2016_004_193_
items/2017/03/28/CNRSMH_E_2016_004_193_001_10.wav;CNRSMH_E_2016_004_193_
items/2017/03/28/CNRSMH_E_2016_004_193_001_11.wav;CNRSMH_E_2016_004_193_
items/2017/03/28/CNRSMH_E_2016_004_193_001_12.wav;CNRSMH_E_2016_004_193_
items/2017/03/28/CNRSMH_E_2016_004_193_001_13.wav;CNRSMH_E_2016_004_193_
items/2017/03/28/CNRSMH_E_2016_004_193_001_14.wav;CNRSMH_E_2016_004_193_
items/2017/03/28/CNRSMH_E_2016_004_193_002_01.wav;CNRSMH_E_2016_004_193_
items/2017/03/28/CNRSMH_E_2016_004_193_002_02.wav;CNRSMH_E_2016_004_193_
items/2017/03/28/CNRSMH_E_2016_004_193_002_03.wav;CNRSMH_E_2016_004_193_
items/2017/03/28/CNRSMH_E_2016_004_193_002_04.wav;CNRSMH_E_2016_004_193_
items/2017/03/28/CNRSMH_E_2016_004_193_002_04_NtiQOLR.wav;CNRSMH_E_2016_004_193_
items/2017/03/28/CNRSMH_E_2016_004_193_002_05.wav;CNRSMH_E_2016_004_193_
items/2017/03/28/CNRSMH_E_2016_004_193_002_06.wav;CNRSMH_E_2016_004_193_
items/2017/03/28/CNRSMH_E_2016_004_193_002_07.wav;CNRSMH_E_2016_004_193_
items/2017/03/28/CNRSMH_E_2016_004_193_002_08.wav;CNRSMH_E_2016_004_193_
items/2017/03/28/CNRSMH_E_2016_004_193_002_09.wav;CNRSMH_E_2016_004_193_
items/2017/03/28/CNRSMH_E_2016_004_193_003_01.wav;CNRSMH_E_2016_004_193_
items/2017/03/28/CNRSMH_E_2016_004_193_003_02.wav;CNRSMH_E_2016_004_193_
items/2017/03/28/CNRSMH_E_2016_004_193_003_03.wav;CNRSMH_E_2016_004_193_
items/2017/03/28/CNRSMH_E_2016_004_193_003_05.wav;CNRSMH_E_2016_004_193_
items/2017/03/28/CNRSMH_E_2016_004_193_003_06.wav;CNRSMH_E_2016_004_193_
items/2017/03/28/CNRSMH_E_2016_004_193_003_07.wav;CNRSMH_E_2016_004_193_
items/2017/03/28/CNRSMH_E_2016_004_193_003_08.wav;CNRSMH_E_2016_004_193_
items/2017/03/28/CNRSMH_E_2016_004_194_001_01.wav;CNRSMH_E_2016_004_194_
items/2017/03/28/CNRSMH_E_2016_004_194_001_02.wav;CNRSMH_E_2016_004_194_
items/2017/03/28/CNRSMH_E_2016_004_194_001_03.wav;CNRSMH_E_2016_004_194_
items/2017/03/28/CNRSMH_E_2016_004_194_001_04.wav;CNRSMH_E_2016_004_194_
items/2017/03/28/CNRSMH_E_2016_004_194_001_05.wav;CNRSMH_E_2016_004_194_
items/2017/03/28/CNRSMH_E_2016_004_194_001_06.wav;CNRSMH_E_2016_004_194_
items/2017/03/28/CNRSMH_E_2016_004_194_001_07.wav;CNRSMH_E_2016_004_194_
items/2017/04/05/CNRSMH_E_2016_004_194_002_01.wav;CNRSMH_E_2016_004_194_
items/2017/04/05/CNRSMH_E_2016_004_194_002_02.wav;CNRSMH_E_2016_004_194_
items/2017/04/05/CNRSMH_E_2016_004_194_002_03.wav;CNRSMH_E_2016_004_194_
items/2017/04/05/CNRSMH_E_2016_004_194_002_04.wav;CNRSMH_E_2016_004_194_
items/2017/04/05/CNRSMH_E_2016_004_194_002_05.wav;CNRSMH_E_2016_004_194_
items/2017/04/05/CNRSMH_E_2016_004_194_002_06.wav;CNRSMH_E_2016_004_194_
items/2017/04/05/CNRSMH_E_2016_004_194_002_07.wav;CNRSMH_E_2016_004_194_
items/2017/04/05/CNRSMH_E_2016_004_194_002_08.wav;CNRSMH_E_2016_004_194_
items/2017/04/05/CNRSMH_E_2016_004_194_003_01.wav;CNRSMH_E_2016_004_194_
items/2017/04/05/CNRSMH_E_2016_004_194_003_02.wav;CNRSMH_E_2016_004_194_
items/2017/04/05/CNRSMH_E_2016_004_194_003_03.wav;CNRSMH_E_2016_004_194_
items/2017/04/05/CNRSMH_E_2016_004_194_003_04.wav;CNRSMH_E_2016_004_194_
items/2017/04/05/CNRSMH_E_2016_004_194_003_05.wav;CNRSMH_E_2016_004_194_
items/2017/04/05/CNRSMH_E_2016_004_194_003_06.wav;CNRSMH_E_2016_004_194_
items/2017/04/06/CNRSMH_E_2016_004_191_001_01.wav;CNRSMH_E_2016_004_191_
items/2017/04/06/CNRSMH_E_2016_004_191_001_02.wav;CNRSMH_E_2016_004_191_
items/2017/04/06/CNRSMH_E_2016_004_191_001_03.wav;CNRSMH_E_2016_004_191_
items/2017/04/13/CNRSMH_E_1934_006_066_001_01.wav;CNRSMH_E_1934_006_066_
items/2017/04/15/CNRSMH_E_1953_012_001_01.wav;CNRSMH_E_1953_012_001_
items/2017/04/16/CNRSMH_E_1953_012_001_02.wav;CNRSMH_E_1953_012_001_
items/2017/04/17/CNRSMH_E_1953_012_001_03.wav;CNRSMH_E_1953_012_001_
items/2017/04/19/CNRSMH_E_2016_004_191_001_05.wav;CNRSMH_E_2016_004_191_
items/2017/04/19/CNRSMH_E_2016_004_191_001_07.wav;CNRSMH_E_2016_004_191_
items/2017/04/19/CNRSMH_E_2016_004_192_001_01.wav;CNRSMH_E_2016_004_192_
items/2017/04/19/CNRSMH_E_2016_004_192_001_02.wav;CNRSMH_E_2016_004_192_
items/2017/04/19/CNRSMH_E_2016_004_192_001_03.wav;CNRSMH_E_2016_004_192_
items/2017/04/19/CNRSMH_E_2016_004_192_001_05.wav;CNRSMH_E_2016_004_192_
items/2017/04/19/CNRSMH_E_2016_004_192_001_08.wav;CNRSMH_E_2016_004_192_
items/2017/04/19/CNRSMH_E_2016_004_192_001_09.wav;CNRSMH_E_2016_004_192_
items/2017/04/19/CNRSMH_E_2016_004_192_001_10.wav;CNRSMH_E_2016_004_192_
items/2017/04/19/CNRSMH_E_2016_004_192_001_11.wav;CNRSMH_E_2016_004_192_
items/2017/04/24/CNRSMH_E_1934_006_066_001_02.wav;CNRSMH_E_1934_006_066_
items/2017/05/03/CNRSMH_E_2017_088_001_01.wav;CNRSMH_E_2017_088_001_
items/2017/05/03/CNRSMH_E_2017_088_001_02.wav;CNRSMH_E_2017_088_001_
items/2017/05/03/CNRSMH_E_2017_088_001_03.wav;CNRSMH_E_2017_088_001_
items/2017/05/03/CNRSMH_E_2017_088_001_04.wav;CNRSMH_E_2017_088_001_
items/2017/05/03/CNRSMH_E_2017_088_001_05.wav;CNRSMH_E_2017_088_001_
items/2017/05/03/CNRSMH_E_2017_088_001_06.wav;CNRSMH_E_2017_088_001_
items/2017/05/03/CNRSMH_E_2017_088_001_07.wav;CNRSMH_E_2017_088_001_
items/2017/05/03/CNRSMH_E_2017_088_001_08.wav;CNRSMH_E_2017_088_001_
items/2017/05/03/CNRSMH_E_2017_088_001_09.wav;CNRSMH_E_2017_088_001_
items/2017/05/03/CNRSMH_E_2017_088_001_10.wav;CNRSMH_E_2017_088_001_
items/2017/09/22/CNRSMH_E_1949_004_001_001_01.wav;CNRSMH_E_1949_004_001_
items/2017/10/16/CNRSMH_E_1984_018_001_001_01.wav;CNRSMH_E_1984_018_001_
items/2017/10/16/CNRSMH_E_1984_018_001_001_02.wav;CNRSMH_E_1984_018_001_
items/2017/10/16/CNRSMH_E_1984_018_001_001_03.wav;CNRSMH_E_1984_018_001_
items/2017/10/16/CNRSMH_E_1984_018_001_001_04.wav;CNRSMH_E_1984_018_001_
items/2017/10/16/CNRSMH_E_1984_018_001_002_01.wav;CNRSMH_E_1984_018_001_
items/2017/10/16/CNRSMH_E_1984_018_001_002_02.wav;CNRSMH_E_1984_018_001_
items/2017/10/16/CNRSMH_E_1984_018_001_002_03.wav;CNRSMH_E_1984_018_001_
items/2017/10/16/CNRSMH_E_1984_018_001_002_04.wav;CNRSMH_E_1984_018_001_
items/2017/10/20/CNRSMH_E_1949_008_002_01.wav;CNRSMH_E_1949_008_002_
items/2017/10/20/CNRSMH_E_1949_008_002_02.wav;CNRSMH_E_1949_008_002_
items/2017/11/15/items20171115CNRSMH_E_2017_001_001_001_02.mp4;CNRSMH_E_2017_001_001_
items/2017/11/20/CNRSMH_E_1996_010_002_001.m4v;CNRSMH_E_1996_010_002_
items/2017/12/04/new/CNRSMH_E_1949_004_001/CNRSMH_E_1949_004_001_002_02.wav;CNRSMH_E_1949_004_001_
items/2017/12/04/new/CNRSMH_E_1949_004_001/CNRSMH_E_1949_004_001_003_01.wav;CNRSMH_E_1949_004_001_
items/2017/12/04/new/CNRSMH_E_1949_004_001/CNRSMH_E_1949_004_001_003_02.wav;CNRSMH_E_1949_004_001_
items/2017/12/04/new/CNRSMH_E_1949_004_001/CNRSMH_E_1949_004_001_003_03.wav;CNRSMH_E_1949_004_001_
items/2017/12/04/new/CNRSMH_E_1949_004_001/CNRSMH_E_1949_004_001_003_04.wav;CNRSMH_E_1949_004_001_
items/2017/12/04/new/CNRSMH_E_1949_004_001/CNRSMH_E_1949_004_001_007_01.wav;CNRSMH_E_1949_004_001_
items/2017/12/04/new/CNRSMH_E_1949_004_001/CNRSMH_E_1949_004_001_007_02.wav;CNRSMH_E_1949_004_001_
items/2017/12/04/new/CNRSMH_E_1949_004_001/CNRSMH_E_1949_004_001_007_03.wav;CNRSMH_E_1949_004_001_
items/2017/12/04/new/CNRSMH_E_1949_004_001/CNRSMH_E_1949_004_001_011_02.wav;CNRSMH_E_1949_004_001_
items/2017/12/04/new/CNRSMH_E_1949_004_001/CNRSMH_E_1949_004_001_011_03.wav;CNRSMH_E_1949_004_001_
items/2017/12/04/new/CNRSMH_E_1949_004_001/CNRSMH_E_1949_004_001_011_04.wav;CNRSMH_E_1949_004_001_
items/2017/12/04/new/CNRSMH_E_1949_004_001/CNRSMH_E_1949_004_001_016_01.wav;CNRSMH_E_1949_004_001_
items/2017/12/04/new/CNRSMH_E_1949_004_001/CNRSMH_E_1949_004_001_016_02.wav;CNRSMH_E_1949_004_001_
items/2017/12/04/new/CNRSMH_E_1949_004_001/CNRSMH_E_1949_004_001_016_03.wav;CNRSMH_E_1949_004_001_
items/2017/12/04/new/CNRSMH_E_1949_004_001/CNRSMH_E_1949_004_001_016_04.wav;CNRSMH_E_1949_004_001_
items/2017/12/04/new/CNRSMH_E_1949_004_001/CNRSMH_E_1949_004_001_016_05.wav;CNRSMH_E_1949_004_001_
items/2017/12/04/new/CNRSMH_E_1949_004_001/CNRSMH_E_1949_004_001_017_01.wav;CNRSMH_E_1949_004_001_
items/2017/12/04/new/CNRSMH_E_1949_004_001/CNRSMH_E_1949_004_001_017_02.wav;CNRSMH_E_1949_004_001_
items/2017/12/04/new/CNRSMH_E_1949_004_001/CNRSMH_E_1949_004_001_017_03.wav;CNRSMH_E_1949_004_001_
items/2017/12/04/new/CNRSMH_E_1949_004_001/CNRSMH_E_1949_004_001_018_03.wav;CNRSMH_E_1949_004_001_
items/2017/12/04/new/CNRSMH_E_1949_004_001/CNRSMH_E_1949_004_001_019_02.wav;CNRSMH_E_1949_004_001_
items/2017/12/04/new/CNRSMH_E_1949_004_001/CNRSMH_E_1949_004_001_023_03.wav;CNRSMH_E_1949_004_001_
items/2017/12/04/new/CNRSMH_E_1949_004_001/CNRSMH_E_1949_004_001_025_01.wav;CNRSMH_E_1949_004_001_
items/2017/12/04/new/CNRSMH_E_1949_004_001/CNRSMH_E_1949_004_001_025_02.wav;CNRSMH_E_1949_004_001_
items/2017/12/04/new/CNRSMH_E_1949_004_001/CNRSMH_E_1949_004_001_026_03.wav;CNRSMH_E_1949_004_001_
items/2017/12/04/new/CNRSMH_E_1952_007_001/CNRSMH_E_1952_007_001_002_01.wav;CNRSMH_E_1952_007_001_
items/2017/12/04/new/CNRSMH_E_1952_007_001/CNRSMH_E_1952_007_001_002_02.wav;CNRSMH_E_1952_007_001_
items/2017/12/04/new/CNRSMH_E_1952_007_003/CNRSMH_E_1952_007_003_001_01.wav;CNRSMH_E_1952_007_003_
items/2017/12/04/new/CNRSMH_E_1952_007_003/CNRSMH_E_1952_007_003_001_02.wav;CNRSMH_E_1952_007_003_
items/2017/12/04/new/CNRSMH_E_1952_007_003/CNRSMH_E_1952_007_003_001_03.wav;CNRSMH_E_1952_007_003_
items/2017/12/04/new/CNRSMH_E_1952_007_003/CNRSMH_E_1952_007_003_003_01.wav;CNRSMH_E_1952_007_003_
items/2017/12/04/new/CNRSMH_E_1952_007_003/CNRSMH_E_1952_007_003_003_02.wav;CNRSMH_E_1952_007_003_
items/2017/12/04/new/CNRSMH_E_1952_007_003/CNRSMH_E_1952_007_003_003_03.wav;CNRSMH_E_1952_007_003_
items/2017/12/04/new/CNRSMH_E_1952_007_003/CNRSMH_E_1952_007_003_004_01.wav;CNRSMH_E_1952_007_003_
items/2017/12/04/new/CNRSMH_E_1952_007_003/CNRSMH_E_1952_007_003_004_02.wav;CNRSMH_E_1952_007_003_
items/2017/12/04/new/CNRSMH_E_1952_007_004/CNRSMH_E_1952_007_004_001_01.wav;CNRSMH_E_1952_007_004_
items/2017/12/04/new/CNRSMH_E_1952_007_004/CNRSMH_E_1952_007_004_001_02.wav;CNRSMH_E_1952_007_004_
items/2017/12/04/new/CNRSMH_E_1952_007_015/CNRSMH_E_1952_007_015_001_01.wav;CNRSMH_E_1952_007_015_
items/2017/12/04/new/CNRSMH_E_1952_007_015/CNRSMH_E_1952_007_015_001_02.wav;CNRSMH_E_1952_007_015_
items/2017/12/04/new/CNRSMH_E_1952_007_015/CNRSMH_E_1952_007_015_002_01.wav;CNRSMH_E_1952_007_015_
items/2017/12/04/new/CNRSMH_E_1952_007_015/CNRSMH_E_1952_007_015_002_02.wav;CNRSMH_E_1952_007_015_
items/2017/12/04/new/CNRSMH_E_1952_007_015/CNRSMH_E_1952_007_015_003_01.wav;CNRSMH_E_1952_007_015_
items/2017/12/04/new/CNRSMH_E_1952_007_015/CNRSMH_E_1952_007_015_003_02.wav;CNRSMH_E_1952_007_015_
items/2017/12/04/new/CNRSMH_E_1952_007_015/CNRSMH_E_1952_007_015_004_01.wav;CNRSMH_E_1952_007_015_
items/2017/12/04/new/CNRSMH_E_1952_007_015/CNRSMH_E_1952_007_015_004_02.wav;CNRSMH_E_1952_007_015_
items/2017/12/04/new/CNRSMH_E_1952_007_020/CNRSMH_E_1952_007_020_001_01.wav;CNRSMH_E_1952_007_020_
items/2017/12/04/new/CNRSMH_E_1952_007_020/CNRSMH_E_1952_007_020_001_02.wav;CNRSMH_E_1952_007_020_
items/2017/12/04/new/CNRSMH_E_1953_005_002/CNRSMH_E_1953_005_002_01.wav;CNRSMH_E_1953_005_002_
items/2017/12/04/new/CNRSMH_E_1953_005_002/CNRSMH_E_1953_005_002_02.wav;CNRSMH_E_1953_005_002_
items/2017/12/04/new/CNRSMH_E_1953_005_002/CNRSMH_E_1953_005_002_03.wav;CNRSMH_E_1953_005_002_
items/2017/12/04/new/CNRSMH_E_1953_005_003/CNRSMH_E_1953_005_003_01.wav;CNRSMH_E_1953_005_003_
items/2017/12/04/new/CNRSMH_E_1953_005_003/CNRSMH_E_1953_005_003_02.wav;CNRSMH_E_1953_005_003_
items/2017/12/04/new/CNRSMH_E_1953_005_004/CNRSMH_E_1953_005_004_01.wav;CNRSMH_E_1953_005_004_
items/2017/12/04/new/CNRSMH_E_1953_005_004/CNRSMH_E_1953_005_004_02.wav;CNRSMH_E_1953_005_004_
items/2017/12/04/new/CNRSMH_E_1953_005_005/CNRSMH_E_1953_005_005_01.wav;CNRSMH_E_1953_005_005_
items/2017/12/04/new/CNRSMH_E_1953_005_005/CNRSMH_E_1953_005_005_02.wav;CNRSMH_E_1953_005_005_
items/2017/12/04/new/CNRSMH_E_1953_010_001/CNRSMH_E_1953_010_001_001_01.wav;CNRSMH_E_1953_010_001_
items/2017/12/04/new/CNRSMH_E_1953_010_001/CNRSMH_E_1953_010_001_001_02.wav;CNRSMH_E_1953_010_001_
items/2017/12/04/new/CNRSMH_E_1953_010_001/CNRSMH_E_1953_010_001_002_01.wav;CNRSMH_E_1953_010_001_
items/2017/12/04/new/CNRSMH_E_1953_010_001/CNRSMH_E_1953_010_001_002_02.wav;CNRSMH_E_1953_010_001_
items/2017/12/04/new/CNRSMH_E_1953_010_001/CNRSMH_E_1953_010_001_003_01.wav;CNRSMH_E_1953_010_001_
items/2017/12/04/new/CNRSMH_E_1953_010_001/CNRSMH_E_1953_010_001_003_02.wav;CNRSMH_E_1953_010_001_
items/2017/12/04/new/CNRSMH_E_1953_010_001/CNRSMH_E_1953_010_001_004_01.wav;CNRSMH_E_1953_010_001_
items/2017/12/04/new/CNRSMH_E_1953_010_001/CNRSMH_E_1953_010_001_004_02.wav;CNRSMH_E_1953_010_001_
items/2017/12/04/new/CNRSMH_E_1953_010_001/CNRSMH_E_1953_010_001_005_01.wav;CNRSMH_E_1953_010_001_
items/2017/12/04/new/CNRSMH_E_1953_010_001/CNRSMH_E_1953_010_001_005_02.wav;CNRSMH_E_1953_010_001_
items/2017/12/04/new/CNRSMH_E_1953_010_001/CNRSMH_E_1953_010_001_006_01.wav;CNRSMH_E_1953_010_001_
items/2017/12/04/new/CNRSMH_E_1953_010_001/CNRSMH_E_1953_010_001_006_02.wav;CNRSMH_E_1953_010_001_
items/2017/12/04/new/CNRSMH_E_1953_010_001/CNRSMH_E_1953_010_001_006_03.wav;CNRSMH_E_1953_010_001_
items/2017/12/04/new/CNRSMH_E_1953_010_001/CNRSMH_E_1953_010_001_007_01.wav;CNRSMH_E_1953_010_001_
items/2017/12/04/new/CNRSMH_E_1953_010_001/CNRSMH_E_1953_010_001_007_02.wav;CNRSMH_E_1953_010_001_
items/2017/12/04/new/CNRSMH_E_1953_010_001/CNRSMH_E_1953_010_001_008_01.wav;CNRSMH_E_1953_010_001_
items/2017/12/04/new/CNRSMH_E_1953_010_001/CNRSMH_E_1953_010_001_008_02.wav;CNRSMH_E_1953_010_001_
items/2017/12/04/new/CNRSMH_E_1953_010_001/CNRSMH_E_1953_010_001_013_01.wav;CNRSMH_E_1953_010_001_
items/2017/12/04/new/CNRSMH_E_1953_010_001/CNRSMH_E_1953_010_001_013_02.wav;CNRSMH_E_1953_010_001_
items/2017/12/04/new/CNRSMH_E_1953_010_001/CNRSMH_E_1953_010_001_014_01.wav;CNRSMH_E_1953_010_001_
items/2017/12/04/new/CNRSMH_E_1953_010_001/CNRSMH_E_1953_010_001_014_02.wav;CNRSMH_E_1953_010_001_
items/2017/12/04/new/CNRSMH_E_1953_012_002/CNRSMH_E_1953_012_002_01.wav;CNRSMH_E_1953_012_002_
items/2017/12/04/new/CNRSMH_E_1953_012_002/CNRSMH_E_1953_012_002_02.wav;CNRSMH_E_1953_012_002_
items/2017/12/04/new/CNRSMH_E_1953_012_002/CNRSMH_E_1953_012_002_03.wav;CNRSMH_E_1953_012_002_
items/2017/12/04/new/CNRSMH_E_1953_012_002/CNRSMH_E_1953_012_002_04.wav;CNRSMH_E_1953_012_002_
items/2017/12/04/new/CNRSMH_E_1955_001_001/CNRSMH_E_1955_001_001_011_01.wav;CNRSMH_E_1955_001_001_
items/2017/12/04/new/CNRSMH_E_1955_001_001/CNRSMH_E_1955_001_001_011_02.wav;CNRSMH_E_1955_001_001_
items/2017/12/04/new/CNRSMH_E_1955_001_001/CNRSMH_E_1955_001_001_013_01.wav;CNRSMH_E_1955_001_001_
items/2017/12/04/new/CNRSMH_E_1955_001_001/CNRSMH_E_1955_001_001_013_02.wav;CNRSMH_E_1955_001_001_
items/2017/12/04/new/CNRSMH_E_1955_001_001/CNRSMH_E_1955_001_001_014_01.wav;CNRSMH_E_1955_001_001_
items/2017/12/04/new/CNRSMH_E_1955_001_001/CNRSMH_E_1955_001_001_014_02.wav;CNRSMH_E_1955_001_001_
items/2017/12/04/new/CNRSMH_E_1955_001_001/CNRSMH_E_1955_001_001_015_01.wav;CNRSMH_E_1955_001_001_
items/2017/12/04/new/CNRSMH_E_1955_001_001/CNRSMH_E_1955_001_001_015_02.wav;CNRSMH_E_1955_001_001_
items/2017/12/04/new/CNRSMH_E_1956_017_019/CNRSMH_E_1956_017_019_001_01.wav;CNRSMH_E_1956_017_019_
items/2017/12/04/new/CNRSMH_E_1956_017_019/CNRSMH_E_1956_017_019_001_02.wav;CNRSMH_E_1956_017_019_
items/2017/12/04/new/CNRSMH_E_1956_017_019/CNRSMH_E_1956_017_019_002_01.wav;CNRSMH_E_1956_017_019_
items/2017/12/04/new/CNRSMH_E_1956_017_019/CNRSMH_E_1956_017_019_002_02.wav;CNRSMH_E_1956_017_019_
items/2017/12/04/new/CNRSMH_E_1956_017_019/CNRSMH_E_1956_017_019_003_01.wav;CNRSMH_E_1956_017_019_
items/2017/12/04/new/CNRSMH_E_1956_017_019/CNRSMH_E_1956_017_019_003_02.wav;CNRSMH_E_1956_017_019_
items/2017/12/04/new/CNRSMH_E_1956_017_019/CNRSMH_E_1956_017_019_004_01.wav;CNRSMH_E_1956_017_019_
items/2017/12/04/new/CNRSMH_E_1956_017_019/CNRSMH_E_1956_017_019_004_02.wav;CNRSMH_E_1956_017_019_
items/2017/12/04/new/CNRSMH_E_1956_017_023/CNRSMH_E_1956_017_023_001_01.wav;CNRSMH_E_1956_017_023_
items/2017/12/04/new/CNRSMH_E_1956_017_023/CNRSMH_E_1956_017_023_001_02.wav;CNRSMH_E_1956_017_023_
items/2017/12/04/new/CNRSMH_E_1956_017_023/CNRSMH_E_1956_017_023_002_01.wav;CNRSMH_E_1956_017_023_
items/2017/12/04/new/CNRSMH_E_1956_017_023/CNRSMH_E_1956_017_023_002_02.wav;CNRSMH_E_1956_017_023_
items/2017/12/04/new/CNRSMH_E_1956_024_001/CNRSMH_E_1956_024_001_001_01.wav;CNRSMH_E_1956_024_001_
items/2017/12/04/new/CNRSMH_E_1956_024_001/CNRSMH_E_1956_024_001_001_02.wav;CNRSMH_E_1956_024_001_
items/2017/12/04/new/CNRSMH_E_1956_024_001/CNRSMH_E_1956_024_001_002_01.wav;CNRSMH_E_1956_024_001_
items/2017/12/04/new/CNRSMH_E_1956_024_001/CNRSMH_E_1956_024_001_002_02.wav;CNRSMH_E_1956_024_001_
items/2017/12/04/new/CNRSMH_E_1956_024_001/CNRSMH_E_1956_024_001_003_01.wav;CNRSMH_E_1956_024_001_
items/2017/12/04/new/CNRSMH_E_1956_024_001/CNRSMH_E_1956_024_001_003_02.wav;CNRSMH_E_1956_024_001_
items/2017/12/04/new/CNRSMH_E_1956_024_001/CNRSMH_E_1956_024_001_004_01.wav;CNRSMH_E_1956_024_001_
items/2017/12/04/new/CNRSMH_E_1956_024_001/CNRSMH_E_1956_024_001_004_02.wav;CNRSMH_E_1956_024_001_
items/2017/12/04/new/CNRSMH_E_1956_024_005/CNRSMH_E_1956_024_005_001_01.wav;CNRSMH_E_1956_024_005_
items/2017/12/04/new/CNRSMH_E_1956_024_005/CNRSMH_E_1956_024_005_001_02.wav;CNRSMH_E_1956_024_005_
items/2017/12/04/new/CNRSMH_E_1956_024_005/CNRSMH_E_1956_024_005_002_01.wav;CNRSMH_E_1956_024_005_
items/2017/12/04/new/CNRSMH_E_1956_024_005/CNRSMH_E_1956_024_005_002_02.wav;CNRSMH_E_1956_024_005_
items/2017/12/04/new/CNRSMH_E_1956_024_005/CNRSMH_E_1956_024_005_003_01.wav;CNRSMH_E_1956_024_005_
items/2017/12/04/new/CNRSMH_E_1956_024_005/CNRSMH_E_1956_024_005_003_02.wav;CNRSMH_E_1956_024_005_
items/2017/12/04/new/CNRSMH_E_1956_024_005/CNRSMH_E_1956_024_005_005_01.wav;CNRSMH_E_1956_024_005_
items/2017/12/04/new/CNRSMH_E_1956_024_005/CNRSMH_E_1956_024_005_005_02.wav;CNRSMH_E_1956_024_005_
items/2017/12/04/new/CNRSMH_E_1956_024_005/CNRSMH_E_1956_024_005_006_01.wav;CNRSMH_E_1956_024_005_
items/2017/12/04/new/CNRSMH_E_1956_024_005/CNRSMH_E_1956_024_005_006_02.wav;CNRSMH_E_1956_024_005_
items/2017/12/04/new/CNRSMH_E_1957_001_001/CNRSMH_E_1957_001_001_001_01.wav;CNRSMH_E_1957_001_001_
items/2017/12/04/new/CNRSMH_E_1957_001_001/CNRSMH_E_1957_001_001_001_02.wav;CNRSMH_E_1957_001_001_
items/2017/12/04/new/CNRSMH_E_1957_001_001/CNRSMH_E_1957_001_001_002_01.wav;CNRSMH_E_1957_001_001_
items/2017/12/04/new/CNRSMH_E_1957_001_001/CNRSMH_E_1957_001_001_002_02.wav;CNRSMH_E_1957_001_001_
items/2017/12/04/new/CNRSMH_E_1957_001_001/CNRSMH_E_1957_001_001_004_01.wav;CNRSMH_E_1957_001_001_
items/2017/12/04/new/CNRSMH_E_1957_001_001/CNRSMH_E_1957_001_001_004_02.wav;CNRSMH_E_1957_001_001_
items/2017/12/04/new/CNRSMH_E_1957_001_012/CNRSMH_E_1957_001_012_001_01.wav;CNRSMH_E_1957_001_012_
items/2017/12/04/new/CNRSMH_E_1957_001_012/CNRSMH_E_1957_001_012_001_02.wav;CNRSMH_E_1957_001_012_
items/2017/12/04/new/CNRSMH_E_1957_001_012/CNRSMH_E_1957_001_012_002_01.wav;CNRSMH_E_1957_001_012_
items/2017/12/04/new/CNRSMH_E_1957_001_012/CNRSMH_E_1957_001_012_002_02.wav;CNRSMH_E_1957_001_012_
items/2017/12/04/new/CNRSMH_E_1957_001_012/CNRSMH_E_1957_001_012_003_01.wav;CNRSMH_E_1957_001_012_
items/2017/12/04/new/CNRSMH_E_1957_001_012/CNRSMH_E_1957_001_012_003_02.wav;CNRSMH_E_1957_001_012_
items/2017/12/04/new/CNRSMH_E_1957_001_012/CNRSMH_E_1957_001_012_004_01.wav;CNRSMH_E_1957_001_012_
items/2017/12/04/new/CNRSMH_E_1957_001_012/CNRSMH_E_1957_001_012_004_02.wav;CNRSMH_E_1957_001_012_
items/2017/12/04/new/CNRSMH_E_1957_001_016/CNRSMH_E_1957_001_016_01.wav;CNRSMH_E_1957_001_016_
items/2017/12/04/new/CNRSMH_E_1957_001_016/CNRSMH_E_1957_001_016_02.wav;CNRSMH_E_1957_001_016_
items/2017/12/04/new/CNRSMH_E_1957_001_016/CNRSMH_E_1957_001_016_03.wav;CNRSMH_E_1957_001_016_
items/2017/12/04/new/CNRSMH_E_1957_001_016/CNRSMH_E_1957_001_016_04.wav;CNRSMH_E_1957_001_016_
items/2017/12/04/new/CNRSMH_E_1968_004_006/CNRSMH_E_1968_004_006_001_01.wav;CNRSMH_E_1968_004_006_
items/2017/12/04/new/CNRSMH_E_1968_004_006/CNRSMH_E_1968_004_006_001_02.wav;CNRSMH_E_1968_004_006_
items/2017/12/04/new/CNRSMH_E_1968_004_006/CNRSMH_E_1968_004_006_001_03.wav;CNRSMH_E_1968_004_006_
items/2017/12/04/new/CNRSMH_E_1968_004_006/CNRSMH_E_1968_004_006_001_04.wav;CNRSMH_E_1968_004_006_
items/2017/12/04/new/CNRSMH_E_1968_004_006/CNRSMH_E_1968_004_006_001_05.wav;CNRSMH_E_1968_004_006_
items/2017/12/04/new/CNRSMH_E_1968_004_006/CNRSMH_E_1968_004_006_001_06.wav;CNRSMH_E_1968_004_006_
items/2017/12/04/new/CNRSMH_E_1968_004_006/CNRSMH_E_1968_004_006_001_07.wav;CNRSMH_E_1968_004_006_
items/2017/12/04/new/CNRSMH_E_1968_004_006/CNRSMH_E_1968_004_006_001_08.wav;CNRSMH_E_1968_004_006_
items/2017/12/04/new/CNRSMH_E_1968_004_006/CNRSMH_E_1968_004_006_001_09.wav;CNRSMH_E_1968_004_006_
items/2017/12/04/new/CNRSMH_E_1968_004_006/CNRSMH_E_1968_004_006_002_01.wav;CNRSMH_E_1968_004_006_
items/2017/12/04/new/CNRSMH_E_1968_004_006/CNRSMH_E_1968_004_006_002_02.wav;CNRSMH_E_1968_004_006_
items/2017/12/04/new/CNRSMH_E_1968_004_006/CNRSMH_E_1968_004_006_002_03.wav;CNRSMH_E_1968_004_006_
items/2017/12/04/new/CNRSMH_E_1968_004_006/CNRSMH_E_1968_004_006_002_04.wav;CNRSMH_E_1968_004_006_
items/2017/12/04/new/CNRSMH_E_1968_004_006/CNRSMH_E_1968_004_006_002_05.wav;CNRSMH_E_1968_004_006_
items/2017/12/04/new/CNRSMH_E_1968_004_006/CNRSMH_E_1968_004_006_002_06.wav;CNRSMH_E_1968_004_006_
items/2017/12/04/new/CNRSMH_E_1968_004_006/CNRSMH_E_1968_004_006_002_07.wav;CNRSMH_E_1968_004_006_
items/2017/12/04/new/CNRSMH_E_1968_004_006/CNRSMH_E_1968_004_006_002_08.wav;CNRSMH_E_1968_004_006_
items/2017/12/04/new/CNRSMH_E_1968_004_006/CNRSMH_E_1968_004_006_002_09.wav;CNRSMH_E_1968_004_006_
items/2017/12/04/new/CNRSMH_E_1968_004_006/CNRSMH_E_1968_004_006_003_01.wav;CNRSMH_E_1968_004_006_
items/2017/12/04/new/CNRSMH_E_1968_004_006/CNRSMH_E_1968_004_006_003_02.wav;CNRSMH_E_1968_004_006_
items/2017/12/04/new/CNRSMH_E_1968_004_006/CNRSMH_E_1968_004_006_003_03.wav;CNRSMH_E_1968_004_006_
items/2017/12/04/new/CNRSMH_E_1968_004_006/CNRSMH_E_1968_004_006_003_04.wav;CNRSMH_E_1968_004_006_
items/2017/12/04/new/CNRSMH_E_1968_004_006/CNRSMH_E_1968_004_006_003_05.wav;CNRSMH_E_1968_004_006_
items/2017/12/04/new/CNRSMH_E_1968_004_006/CNRSMH_E_1968_004_006_003_06.wav;CNRSMH_E_1968_004_006_
items/2017/12/04/new/CNRSMH_E_1968_011_001/CNRSMH_E_1968_011_001_001_01.wav;CNRSMH_E_1968_011_001_
items/2017/12/04/new/CNRSMH_E_1968_011_001/CNRSMH_E_1968_011_001_001_02.wav;CNRSMH_E_1968_011_001_
items/2017/12/04/new/CNRSMH_E_1968_011_001/CNRSMH_E_1968_011_001_001_03.wav;CNRSMH_E_1968_011_001_
items/2017/12/04/new/CNRSMH_E_1968_011_001/CNRSMH_E_1968_011_001_001_04.wav;CNRSMH_E_1968_011_001_
items/2017/12/04/new/CNRSMH_E_1968_011_001/CNRSMH_E_1968_011_001_001_05.wav;CNRSMH_E_1968_011_001_
items/2017/12/04/new/CNRSMH_E_1972_012_001/CNRSMH_E_1972_012_001_001_01.wav;CNRSMH_E_1972_012_001_
items/2017/12/04/new/CNRSMH_E_1972_012_001/CNRSMH_E_1972_012_001_001_02.wav;CNRSMH_E_1972_012_001_
items/2017/12/04/new/CNRSMH_E_1972_012_001/CNRSMH_E_1972_012_001_001_03.wav;CNRSMH_E_1972_012_001_
items/2017/12/04/new/CNRSMH_E_1972_012_001/CNRSMH_E_1972_012_001_001_04.wav;CNRSMH_E_1972_012_001_
items/2017/12/04/new/CNRSMH_E_1972_012_001/CNRSMH_E_1972_012_001_001_05.wav;CNRSMH_E_1972_012_001_
items/2017/12/04/new/CNRSMH_E_1972_012_001/CNRSMH_E_1972_012_001_001_06.wav;CNRSMH_E_1972_012_001_
items/2017/12/04/new/CNRSMH_E_1972_012_001/CNRSMH_E_1972_012_001_001_07.wav;CNRSMH_E_1972_012_001_
items/2017/12/04/new/CNRSMH_E_1972_012_001/CNRSMH_E_1972_012_001_001_08.wav;CNRSMH_E_1972_012_001_
items/2017/12/04/new/CNRSMH_E_1972_012_001/CNRSMH_E_1972_012_001_001_09.wav;CNRSMH_E_1972_012_001_
items/2017/12/04/new/CNRSMH_E_1972_012_001/CNRSMH_E_1972_012_001_001_10.wav;CNRSMH_E_1972_012_001_
items/2017/12/04/new/CNRSMH_E_1972_012_001/CNRSMH_E_1972_012_001_001_11.wav;CNRSMH_E_1972_012_001_
items/2017/12/04/new/CNRSMH_E_1972_012_001/CNRSMH_E_1972_012_001_001_12.wav;CNRSMH_E_1972_012_001_
items/2017/12/04/new/CNRSMH_E_1972_012_001/CNRSMH_E_1972_012_001_001_13.wav;CNRSMH_E_1972_012_001_
items/2017/12/04/new/CNRSMH_E_1972_012_001/CNRSMH_E_1972_012_001_001_14.wav;CNRSMH_E_1972_012_001_
items/2017/12/04/new/CNRSMH_E_1972_012_001/CNRSMH_E_1972_012_001_001_15.wav;CNRSMH_E_1972_012_001_
items/2017/12/04/new/CNRSMH_E_1972_012_001/CNRSMH_E_1972_012_001_001_16.wav;CNRSMH_E_1972_012_001_
items/2017/12/04/new/CNRSMH_E_1972_012_001/CNRSMH_E_1972_012_001_001_17.wav;CNRSMH_E_1972_012_001_
items/2017/12/04/new/CNRSMH_E_1972_012_001/CNRSMH_E_1972_012_001_001_18.wav;CNRSMH_E_1972_012_001_
items/2017/12/04/new/CNRSMH_E_1972_012_001/CNRSMH_E_1972_012_001_001_19.wav;CNRSMH_E_1972_012_001_
items/2017/12/04/new/CNRSMH_E_1972_012_001/CNRSMH_E_1972_012_001_001_20.wav;CNRSMH_E_1972_012_001_
items/2017/12/04/new/CNRSMH_E_1972_012_001/CNRSMH_E_1972_012_001_001_21.wav;CNRSMH_E_1972_012_001_
items/2017/12/04/new/CNRSMH_E_1972_012_001/CNRSMH_E_1972_012_001_001_22.wav;CNRSMH_E_1972_012_001_
items/2017/12/04/new/CNRSMH_E_1972_012_001/CNRSMH_E_1972_012_001_001_23.wav;CNRSMH_E_1972_012_001_
items/2017/12/04/new/CNRSMH_E_1977_011_001/CNRSMH_E_1977_011_001_001_01.wav;CNRSMH_E_1977_011_001_
items/2017/12/04/new/CNRSMH_E_1977_011_001/CNRSMH_E_1977_011_001_001_02.wav;CNRSMH_E_1977_011_001_
items/2017/12/04/new/CNRSMH_E_1977_011_001/CNRSMH_E_1977_011_001_001_03.wav;CNRSMH_E_1977_011_001_
items/2017/12/04/new/CNRSMH_E_1977_011_001/CNRSMH_E_1977_011_001_001_04.wav;CNRSMH_E_1977_011_001_
items/2017/12/04/new/CNRSMH_E_1977_011_001/CNRSMH_E_1977_011_001_001_05.wav;CNRSMH_E_1977_011_001_
items/2017/12/04/new/CNRSMH_E_1996_018_001/CNRSMH_E_1996_018_001_001_01.wav;CNRSMH_E_1996_018_001_
items/2017/12/04/new/CNRSMH_E_1996_018_001/CNRSMH_E_1996_018_001_001_02.wav;CNRSMH_E_1996_018_001_
items/2017/12/04/new/CNRSMH_E_1996_018_001/CNRSMH_E_1996_018_001_001_03.wav;CNRSMH_E_1996_018_001_
items/2017/12/04/new/CNRSMH_E_1996_018_001/CNRSMH_E_1996_018_001_001_04.wav;CNRSMH_E_1996_018_001_
items/2017/12/04/new/CNRSMH_E_1996_018_001/CNRSMH_E_1996_018_001_001_05.wav;CNRSMH_E_1996_018_001_
items/2017/12/04/new/CNRSMH_E_1996_018_001/CNRSMH_E_1996_018_001_002_00.wav;CNRSMH_E_1996_018_001_
items/2017/12/04/new/CNRSMH_E_1996_018_001/CNRSMH_E_1996_018_001_002_01.wav;CNRSMH_E_1996_018_001_
items/2017/12/04/new/CNRSMH_E_1996_018_001/CNRSMH_E_1996_018_001_002_02.wav;CNRSMH_E_1996_018_001_
items/2017/12/04/new/CNRSMH_E_1996_018_001/CNRSMH_E_1996_018_001_002_03.wav;CNRSMH_E_1996_018_001_
items/2017/12/04/new/CNRSMH_E_1996_018_001/CNRSMH_E_1996_018_001_002_04.wav;CNRSMH_E_1996_018_001_
items/2017/12/04/new/CNRSMH_E_1996_018_001/CNRSMH_E_1996_018_001_002_05.wav;CNRSMH_E_1996_018_001_
items/2017/12/04/new/CNRSMH_E_1996_018_001/CNRSMH_E_1996_018_001_002_06.wav;CNRSMH_E_1996_018_001_
items/2017/12/04/new/CNRSMH_E_1996_018_001/CNRSMH_E_1996_018_001_002_07.wav;CNRSMH_E_1996_018_001_
items/2017/12/04/new/CNRSMH_E_1996_018_001/CNRSMH_E_1996_018_001_002_08.wav;CNRSMH_E_1996_018_001_
items/2017/12/04/new/CNRSMH_E_1996_018_001/CNRSMH_E_1996_018_001_002_09.wav;CNRSMH_E_1996_018_001_
items/2017/12/04/new/CNRSMH_E_1996_018_001/CNRSMH_E_1996_018_001_002_10.wav;CNRSMH_E_1996_018_001_
items/2017/12/04/new/CNRSMH_E_1996_018_001/CNRSMH_E_1996_018_001_003_01.wav;CNRSMH_E_1996_018_001_
items/2017/12/04/new/CNRSMH_E_1996_018_001/CNRSMH_E_1996_018_001_003_02.wav;CNRSMH_E_1996_018_001_
items/2017/12/04/new/CNRSMH_E_1996_018_001/CNRSMH_E_1996_018_001_003_03.wav;CNRSMH_E_1996_018_001_
items/2017/12/04/new/CNRSMH_E_1996_018_001/CNRSMH_E_1996_018_001_003_04.wav;CNRSMH_E_1996_018_001_
items/2017/12/04/new/CNRSMH_E_1996_018_001/CNRSMH_E_1996_018_001_003_05.wav;CNRSMH_E_1996_018_001_
items/2017/12/04/new/CNRSMH_E_1996_018_001/CNRSMH_E_1996_018_001_003_06.wav;CNRSMH_E_1996_018_001_
items/2017/12/04/new/CNRSMH_E_1996_018_001/CNRSMH_E_1996_018_001_004_01.wav;CNRSMH_E_1996_018_001_
items/2017/12/04/new/CNRSMH_E_1996_018_001/CNRSMH_E_1996_018_001_004_02.wav;CNRSMH_E_1996_018_001_
items/2017/12/04/new/CNRSMH_E_1996_018_001/CNRSMH_E_1996_018_001_004_03.wav;CNRSMH_E_1996_018_001_
items/2017/12/04/new/CNRSMH_E_1996_018_001/CNRSMH_E_1996_018_001_004_04.wav;CNRSMH_E_1996_018_001_
items/2017/12/04/new/CNRSMH_E_1996_018_001/CNRSMH_E_1996_018_001_004_05.wav;CNRSMH_E_1996_018_001_
items/2017/12/04/new/CNRSMH_E_1996_018_001/CNRSMH_E_1996_018_001_004_06.wav;CNRSMH_E_1996_018_001_
items/2017/12/04/new/CNRSMH_E_1996_018_001/CNRSMH_E_1996_018_001_004_07.wav;CNRSMH_E_1996_018_001_
items/2017/12/04/new/CNRSMH_E_1996_018_001/CNRSMH_E_1996_018_001_004_08.wav;CNRSMH_E_1996_018_001_
items/2017/12/04/new/CNRSMH_E_1996_018_001/CNRSMH_E_1996_018_001_005_01.wav;CNRSMH_E_1996_018_001_
items/2017/12/04/new/CNRSMH_E_1996_018_001/CNRSMH_E_1996_018_001_005_02.wav;CNRSMH_E_1996_018_001_
items/2017/12/04/new/CNRSMH_E_1996_018_001/CNRSMH_E_1996_018_001_005_03.wav;CNRSMH_E_1996_018_001_
items/2017/12/04/new/CNRSMH_E_1996_018_001/CNRSMH_E_1996_018_001_005_04.wav;CNRSMH_E_1996_018_001_
items/2017/12/04/new/CNRSMH_E_1996_018_001/CNRSMH_E_1996_018_001_005_05.wav;CNRSMH_E_1996_018_001_
items/2017/12/04/new/CNRSMH_E_1996_018_001/CNRSMH_E_1996_018_001_005_06.wav;CNRSMH_E_1996_018_001_
items/2017/12/04/new/CNRSMH_E_1996_018_001/CNRSMH_E_1996_018_001_006_01.wav;CNRSMH_E_1996_018_001_
items/2017/12/04/new/CNRSMH_E_1996_018_001/CNRSMH_E_1996_018_001_006_02.wav;CNRSMH_E_1996_018_001_
items/2017/12/04/new/CNRSMH_E_1996_018_001/CNRSMH_E_1996_018_001_006_03.wav;CNRSMH_E_1996_018_001_
items/2017/12/04/new/CNRSMH_E_1996_018_001/CNRSMH_E_1996_018_001_007_01.wav;CNRSMH_E_1996_018_001_
items/2017/12/04/new/CNRSMH_E_1996_018_001/CNRSMH_E_1996_018_001_007_02.wav;CNRSMH_E_1996_018_001_
items/2017/12/04/new/CNRSMH_E_1996_018_001/CNRSMH_E_1996_018_001_007_03.wav;CNRSMH_E_1996_018_001_
items/2017/12/04/new/CNRSMH_E_1996_018_001/CNRSMH_E_1996_018_001_007_04.wav;CNRSMH_E_1996_018_001_
items/2017/12/04/new/CNRSMH_E_1996_018_001/CNRSMH_E_1996_018_001_007_05.wav;CNRSMH_E_1996_018_001_
items/2017/12/04/new/CNRSMH_E_1996_018_001/CNRSMH_E_1996_018_001_007_06.wav;CNRSMH_E_1996_018_001_
items/2017/12/04/new/CNRSMH_E_1996_018_001/CNRSMH_E_1996_018_001_007_07.wav;CNRSMH_E_1996_018_001_
items/2017/12/04/new/CNRSMH_E_1996_018_001/CNRSMH_E_1996_018_001_008_00.wav;CNRSMH_E_1996_018_001_
items/2017/12/04/new/CNRSMH_E_1996_018_001/CNRSMH_E_1996_018_001_008_01.wav;CNRSMH_E_1996_018_001_
items/2017/12/04/new/CNRSMH_E_1996_018_001/CNRSMH_E_1996_018_001_008_02.wav;CNRSMH_E_1996_018_001_
items/2017/12/04/new/CNRSMH_E_1996_018_001/CNRSMH_E_1996_018_001_008_03.wav;CNRSMH_E_1996_018_001_
items/2017/12/04/new/CNRSMH_E_1996_018_001/CNRSMH_E_1996_018_001_008_04.wav;CNRSMH_E_1996_018_001_
items/2017/12/04/new/CNRSMH_E_1996_018_001/CNRSMH_E_1996_018_001_008_05.wav;CNRSMH_E_1996_018_001_
items/2017/12/04/new/CNRSMH_E_1996_018_001/CNRSMH_E_1996_018_001_008_06.wav;CNRSMH_E_1996_018_001_
items/2017/12/04/new/CNRSMH_E_1996_018_001/CNRSMH_E_1996_018_001_009_01.wav;CNRSMH_E_1996_018_001_
items/2017/12/04/new/CNRSMH_E_1996_018_001/CNRSMH_E_1996_018_001_009_02.wav;CNRSMH_E_1996_018_001_
items/2017/12/04/new/CNRSMH_E_1996_018_001/CNRSMH_E_1996_018_001_009_03.wav;CNRSMH_E_1996_018_001_
items/2017/12/04/new/CNRSMH_E_1996_018_001/CNRSMH_E_1996_018_001_009_04.wav;CNRSMH_E_1996_018_001_
items/2017/12/04/new/CNRSMH_E_1996_018_001/CNRSMH_E_1996_018_001_010_01.wav;CNRSMH_E_1996_018_001_
items/2017/12/04/new/CNRSMH_E_1996_018_001/CNRSMH_E_1996_018_001_010_02.wav;CNRSMH_E_1996_018_001_
items/2017/12/04/new/CNRSMH_E_1996_018_001/CNRSMH_E_1996_018_001_010_03.wav;CNRSMH_E_1996_018_001_
items/2017/12/04/new/CNRSMH_E_1996_018_001/CNRSMH_E_1996_018_001_010_04.wav;CNRSMH_E_1996_018_001_
items/2017/12/04/new/CNRSMH_E_1996_018_001/CNRSMH_E_1996_018_001_011_01.wav;CNRSMH_E_1996_018_001_
items/2017/12/04/new/CNRSMH_E_1996_018_001/CNRSMH_E_1996_018_001_011_02.wav;CNRSMH_E_1996_018_001_
items/2017/12/04/new/CNRSMH_E_1996_018_001/CNRSMH_E_1996_018_001_011_03.wav;CNRSMH_E_1996_018_001_
items/2017/12/04/new/CNRSMH_E_1996_018_001/CNRSMH_E_1996_018_001_012_01.wav;CNRSMH_E_1996_018_001_
items/2017/12/04/new/CNRSMH_E_1996_018_001/CNRSMH_E_1996_018_001_012_02.wav;CNRSMH_E_1996_018_001_
items/2017/12/04/new/CNRSMH_E_1996_018_001/CNRSMH_E_1996_018_001_012_03.wav;CNRSMH_E_1996_018_001_
items/2017/12/04/new/CNRSMH_E_1996_018_001/CNRSMH_E_1996_018_001_013_01.wav;CNRSMH_E_1996_018_001_
items/2017/12/04/new/CNRSMH_E_1996_018_001/CNRSMH_E_1996_018_001_013_02.wav;CNRSMH_E_1996_018_001_
items/2017/12/04/new/CNRSMH_E_1996_018_001/CNRSMH_E_1996_018_001_013_03.wav;CNRSMH_E_1996_018_001_
items/2017/12/04/new/CNRSMH_E_1996_018_001/CNRSMH_E_1996_018_001_013_04.wav;CNRSMH_E_1996_018_001_
items/2017/12/04/new/CNRSMH_E_1996_018_001/CNRSMH_E_1996_018_001_014_01.wav;CNRSMH_E_1996_018_001_
items/2017/12/04/new/CNRSMH_E_1996_018_001/CNRSMH_E_1996_018_001_014_02.wav;CNRSMH_E_1996_018_001_
items/2017/12/04/new/CNRSMH_E_1996_018_001/CNRSMH_E_1996_018_001_014_03.wav;CNRSMH_E_1996_018_001_
items/2017/12/04/new/CNRSMH_E_1996_018_001/CNRSMH_E_1996_018_001_015_01.wav;CNRSMH_E_1996_018_001_
items/2017/12/04/new/CNRSMH_E_1996_018_001/CNRSMH_E_1996_018_001_015_02.wav;CNRSMH_E_1996_018_001_
items/2017/12/04/new/CNRSMH_E_1996_018_001/CNRSMH_E_1996_018_001_015_03.wav;CNRSMH_E_1996_018_001_
items/2017/12/04/new/CNRSMH_E_1996_018_001/CNRSMH_E_1996_018_001_015_04.wav;CNRSMH_E_1996_018_001_
items/2017/12/04/new/CNRSMH_E_1996_018_001/CNRSMH_E_1996_018_001_016_01.wav;CNRSMH_E_1996_018_001_
items/2017/12/04/new/CNRSMH_E_1996_018_001/CNRSMH_E_1996_018_001_016_02.wav;CNRSMH_E_1996_018_001_
items/2017/12/04/new/CNRSMH_E_1996_018_001/CNRSMH_E_1996_018_001_016_03.wav;CNRSMH_E_1996_018_001_
items/2017/12/04/new/CNRSMH_E_1996_018_001/CNRSMH_E_1996_018_001_017_01.wav;CNRSMH_E_1996_018_001_
items/2017/12/04/new/CNRSMH_E_1996_018_001/CNRSMH_E_1996_018_001_017_02.wav;CNRSMH_E_1996_018_001_
items/2017/12/04/new/CNRSMH_E_1996_018_001/CNRSMH_E_1996_018_001_017_03.wav;CNRSMH_E_1996_018_001_
items/2017/12/04/new/CNRSMH_E_1996_018_001/CNRSMH_E_1996_018_001_018_01.wav;CNRSMH_E_1996_018_001_
items/2017/12/04/new/CNRSMH_E_2011_002_001/CNRSMH_E_2011_002_001_01.wav;CNRSMH_E_2011_002_001_
items/2017/12/04/new/CNRSMH_E_2011_002_001/CNRSMH_E_2011_002_001_02.wav;CNRSMH_E_2011_002_001_
items/2017/12/04/new/CNRSMH_E_2011_002_001/CNRSMH_E_2011_002_001_03.wav;CNRSMH_E_2011_002_001_
items/2017/12/04/new/CNRSMH_E_2011_002_001/CNRSMH_E_2011_002_001_04.wav;CNRSMH_E_2011_002_001_
items/2017/12/04/new/CNRSMH_E_2011_002_001/CNRSMH_E_2011_002_001_05.wav;CNRSMH_E_2011_002_001_
items/2017/12/04/new/CNRSMH_E_2011_002_001/CNRSMH_E_2011_002_001_06.wav;CNRSMH_E_2011_002_001_
items/2017/12/04/new/CNRSMH_E_2011_002_001/CNRSMH_E_2011_002_001_07.wav;CNRSMH_E_2011_002_001_
items/2017/12/04/new/CNRSMH_E_2011_002_002/CNRSMH_E_2011_002_002_01.wav;CNRSMH_E_2011_002_002_
items/2017/12/04/new/CNRSMH_E_2011_002_002/CNRSMH_E_2011_002_002_02.wav;CNRSMH_E_2011_002_002_
items/2017/12/04/new/CNRSMH_E_2011_002_002/CNRSMH_E_2011_002_002_03.wav;CNRSMH_E_2011_002_002_
items/2017/12/04/new/CNRSMH_E_2011_002_002/CNRSMH_E_2011_002_002_04.wav;CNRSMH_E_2011_002_002_
items/2017/12/04/new/CNRSMH_E_2011_002_002/CNRSMH_E_2011_002_002_05.wav;CNRSMH_E_2011_002_002_
items/2017/12/04/new/CNRSMH_E_2011_002_002/CNRSMH_E_2011_002_002_06.wav;CNRSMH_E_2011_002_002_
items/2017/12/04/new/CNRSMH_E_2017_108_001/CNRSMH_E_2017_108_001_01.wav;CNRSMH_E_2017_108_001_
items/2017/12/04/new/CNRSMH_E_2017_108_001/CNRSMH_E_2017_108_001_02.wav;CNRSMH_E_2017_108_001_
items/2017/12/04/new/CNRSMH_E_2017_108_001/CNRSMH_E_2017_108_001_03.wav;CNRSMH_E_2017_108_001_
items/2017/12/04/new/CNRSMH_E_2017_108_001/CNRSMH_E_2017_108_001_04.wav;CNRSMH_E_2017_108_001_
items/2017/12/04/new/CNRSMH_E_2017_108_001/CNRSMH_E_2017_108_001_05.wav;CNRSMH_E_2017_108_001_
items/2017/12/04/new/CNRSMH_E_2017_108_001/CNRSMH_E_2017_108_001_06.wav;CNRSMH_E_2017_108_001_
items/2017/12/07/CNRSMH_E_2017_001_001_001_01.wav;CNRSMH_E_2017_001_001_
items/2017/12/07/CNRSMH_E_2017_001_001_002_03.wav;CNRSMH_E_2017_001_001_
items/2017/12/07/CNRSMH_E_2017_001_001_002_05.wav;CNRSMH_E_2017_001_001_
items/2017/12/07/CNRSMH_E_2017_001_001_002_06.mp4;CNRSMH_E_2017_001_001_
items/2017/12/07/CNRSMH_E_2017_001_001_002_07.wav;CNRSMH_E_2017_001_001_
items/2017/12/07/CNRSMH_E_2017_001_001_003_01.wav;CNRSMH_E_2017_001_001_
items/2017/12/07/CNRSMH_E_2017_001_001_003_02.wav;CNRSMH_E_2017_001_001_
items/2017/12/07/CNRSMH_E_2017_001_001_003_03.wav;CNRSMH_E_2017_001_001_
items/2017/12/07/CNRSMH_E_2017_001_001_003_04.wav;CNRSMH_E_2017_001_001_
items/2017/12/07/CNRSMH_E_2017_001_001_004_01.wav;CNRSMH_E_2017_001_001_
items/2017/12/07/CNRSMH_E_2017_001_001_004_02.wav;CNRSMH_E_2017_001_001_
items/2017/12/07/CNRSMH_E_2017_001_001_004_03.wav;CNRSMH_E_2017_001_001_
items/2017/12/07/CNRSMH_E_2017_001_001_004_04.wav;CNRSMH_E_2017_001_001_
items/2017/12/07/CNRSMH_E_2017_001_001_004_05.wav;CNRSMH_E_2017_001_001_
items/2017/12/07/CNRSMH_E_2017_001_001_004_06.wav;CNRSMH_E_2017_001_001_
items/2017/12/07/CNRSMH_E_2017_001_001_004_07.wav;CNRSMH_E_2017_001_001_
items/2017/12/07/CNRSMH_E_2017_001_001_005_01.wav;CNRSMH_E_2017_001_001_
items/2017/12/07/CNRSMH_E_2017_001_001_005_02.wav;CNRSMH_E_2017_001_001_
items/2017/12/07/CNRSMH_E_2017_001_001_005_03.wav;CNRSMH_E_2017_001_001_
items/2017/12/07/CNRSMH_E_2017_001_001_005_04.wav;CNRSMH_E_2017_001_001_
items/2017/12/07/CNRSMH_E_2017_001_001_005_05.wav;CNRSMH_E_2017_001_001_
items/2017/12/07/CNRSMH_E_2017_001_001_005_06.wav;CNRSMH_E_2017_001_001_
items/2017/12/07/CNRSMH_E_2017_001_001_005_07.wav;CNRSMH_E_2017_001_001_
items/2017/12/07/CNRSMH_E_2017_001_001_005_08.wav;CNRSMH_E_2017_001_001_
items/2017/12/07/CNRSMH_E_2017_001_001_005_09.wav;CNRSMH_E_2017_001_001_
items/2017/12/07/CNRSMH_E_2017_001_001_005_10.wav;CNRSMH_E_2017_001_001_
items/2017/12/07/CNRSMH_E_2017_001_001_005_11.wav;CNRSMH_E_2017_001_001_
items/2017/12/07/CNRSMH_E_2017_001_001_005_12.wav;CNRSMH_E_2017_001_001_
items/2017/12/07/CNRSMH_E_2017_001_001_005_13.wav;CNRSMH_E_2017_001_001_
items/2017/12/07/CNRSMH_E_2017_001_001_005_14.wav;CNRSMH_E_2017_001_001_
items/2017/12/07/CNRSMH_E_2017_001_001_005_15.wav;CNRSMH_E_2017_001_001_
items/2017/12/07/CNRSMH_E_2017_001_001_006_01.wav;CNRSMH_E_2017_001_001_
items/2017/12/07/CNRSMH_E_2017_001_001_006_02.wav;CNRSMH_E_2017_001_001_
items/2017/12/07/CNRSMH_E_2017_001_001_006_03.wav;CNRSMH_E_2017_001_001_
items/2017/12/07/CNRSMH_E_2017_001_001_006_04.wav;CNRSMH_E_2017_001_001_
items/2017/12/07/CNRSMH_E_2017_001_001_007_01.wav;CNRSMH_E_2017_001_001_
items/2017/12/07/CNRSMH_E_2017_001_001_007_02.wav;CNRSMH_E_2017_001_001_
items/2017/12/07/CNRSMH_E_2017_001_001_007_03.wav;CNRSMH_E_2017_001_001_
items/2017/12/19/CNRSMH_E_1988_012_020_01.wav;CNRSMH_E_1988_012_020_
items/2017/12/19/CNRSMH_E_1988_012_021_01_GuUuBZw.wav;CNRSMH_E_1988_012_021_
items/2017/12/21/CNRSMH_E_1952_007_003_002_01.wav;CNRSMH_E_1952_007_003_
items/2017/12/21/CNRSMH_E_1952_007_003_002_02.wav;CNRSMH_E_1952_007_003_
items/2017/12/21/CNRSMH_E_2011_002_001_08.wav;CNRSMH_E_2011_002_001_
items/2017/12/21/CNRSMH_E_2011_002_001_09.wav;CNRSMH_E_2011_002_001_
items/2017/12/21/CNRSMH_E_2011_002_001_10.wav;CNRSMH_E_2011_002_001_
items/2018/01/09/CNRSMH_E_1988_012_026_01.wav;CNRSMH_E_1988_012_026_
items/2018/01/09/CNRSMH_E_1988_012_026_02.wav;CNRSMH_E_1988_012_026_
items/2018/01/09/CNRSMH_E_1989_013_002_01.wav;CNRSMH_E_1989_013_002_
items/2018/01/09/CNRSMH_E_1989_013_002_02.wav;CNRSMH_E_1989_013_002_
items/2018/01/09/CNRSMH_E_1989_013_003_01.wav;CNRSMH_E_1989_013_003_
items/2018/01/09/CNRSMH_E_1989_013_003_02.wav;CNRSMH_E_1989_013_003_
items/2018/02/19/CNRSMH_E_1955_021_001_02.wav;CNRSMH_E_1955_021_001_
items/2018/02/19/CNRSMH_E_1955_028_001_01.wav;CNRSMH_E_1955_028_001_
items/2018/02/19/CNRSMH_E_1955_028_001_02.wav;CNRSMH_E_1955_028_001_
items/2018/03/01/CNRSMH_E_1945_003_001_01.wav;CNRSMH_E_1945_003_001_
items/2018/03/01/CNRSMH_E_1945_003_001_02.wav;CNRSMH_E_1945_003_001_
items/2018/03/01/CNRSMH_E_1952_014_001_01.wav;CNRSMH_E_1952_014_001_
items/2018/03/01/CNRSMH_E_1952_014_002_01.wav;CNRSMH_E_1952_014_002_
items/2018/03/01/CNRSMH_E_1952_014_002_02.wav;CNRSMH_E_1952_014_002_
items/2018/03/05/CNRSMH_E_1955_021_001_01.wav;CNRSMH_E_1955_021_001_
items/2018/03/06/CNRSMH_E_1952_002_010_001_01.wav;CNRSMH_E_1952_002_010_
items/2018/03/06/CNRSMH_E_1952_002_010_001_02.wav;CNRSMH_E_1952_002_010_
items/2018/03/12/CNRSMH_E_1955_024_001_01.wav;CNRSMH_E_1955_024_001_
items/2018/03/12/CNRSMH_E_1955_024_001_02.wav;CNRSMH_E_1955_024_001_
items/2018/03/13/CNRSMH_E_1955_031_001_01.wav;CNRSMH_E_1955_031_001_
items/2018/03/13/CNRSMH_E_1955_031_001_02.wav;CNRSMH_E_1955_031_001_
items/2018/03/13/CNRSMH_E_1955_032_001_01.wav;CNRSMH_E_1955_032_001_
items/2018/03/13/CNRSMH_E_1955_032_001_02.wav;CNRSMH_E_1955_032_001_
items/2018/03/13/CNRSMH_E_1955_033_001_01.wav;CNRSMH_E_1955_033_001_
items/2018/03/16/CNRSMH_E_1955_022_001_01.wav;CNRSMH_E_1955_022_001_
items/2018/03/16/CNRSMH_E_1955_022_001_02.wav;CNRSMH_E_1955_022_001_
items/2018/03/16/CNRSMH_E_1955_027_001_01.wav;CNRSMH_E_1955_027_001_
items/2018/03/16/CNRSMH_E_1955_027_001_02.wav;CNRSMH_E_1955_027_001_
items/2018/03/16/CNRSMH_E_1955_033_001_02.wav;CNRSMH_E_1955_033_001_
items/2018/03/16/CNRSMH_E_1975_007_003_01.wav;CNRSMH_E_1975_007_003_
items/2018/03/16/CNRSMH_E_1975_007_003_02.wav;CNRSMH_E_1975_007_003_
items/2018/03/19/CNRSMH_E_1966_013_001_001_01.wav;CNRSMH_E_1966_013_001_
items/2018/03/20/CNRSMH_E_1934_006_021_01.wav;CNRSMH_E_1934_006_021_
items/2018/03/20/CNRSMH_E_1934_006_021_02.wav;CNRSMH_E_1934_006_021_
items/2018/03/20/CNRSMH_E_2018_001_001_01.wav;CNRSMH_E_2018_001_001_
items/2018/03/20/CNRSMH_E_2018_001_001_02.wav;CNRSMH_E_2018_001_001_
items/2018/03/20/CNRSMH_E_2018_001_001_03.wav;CNRSMH_E_2018_001_001_
items/2018/03/20/CNRSMH_E_2018_001_001_04.wav;CNRSMH_E_2018_001_001_
items/2018/03/23/CNRSMH_E_1932_006_063_001_01.wav;CNRSMH_E_1932_006_063_
items/2018/03/23/CNRSMH_E_1932_006_063_001_02_0syMxMd.wav;CNRSMH_E_1932_006_063_
items/2018/03/23/CNRSMH_E_1932_006_063_002_02.wav;CNRSMH_E_1932_006_063_
items/2018/03/23/CNRSMH_E_1932_006_063_002_02_BbUhiKa.wav;CNRSMH_E_1932_006_063_
items/2018/03/23/CNRSMH_E_1966_013_001_001_02.wav;CNRSMH_E_1966_013_001_
items/2018/03/23/CNRSMH_E_1966_014_001_01.wav;CNRSMH_E_1966_014_001_
items/2018/03/23/CNRSMH_E_1966_014_001_02.wav;CNRSMH_E_1966_014_001_
items/2018/03/23/CNRSMH_E_2011_002_006_001_01.wav;CNRSMH_E_2011_002_006_
items/2018/03/27/CNRSMH_E_1963_009_001_01.wav;CNRSMH_E_1963_009_001_
items/2018/03/27/CNRSMH_E_1963_009_001_02.wav;CNRSMH_E_1963_009_001_
items/2018/03/27/CNRSMH_E_1963_010_001_01.wav;CNRSMH_E_1963_010_001_
items/2018/03/27/CNRSMH_E_1963_010_001_02.wav;CNRSMH_E_1963_010_001_
items/2018/03/28/CNRSMH_E_1948_010_001_01.wav;CNRSMH_E_1948_010_001_
items/2018/03/28/CNRSMH_E_1948_010_001_02.wav;CNRSMH_E_1948_010_001_
items/2018/04/04/CNRSMH_E_1964_006_001_01.wav;CNRSMH_E_1964_006_001_
items/2018/04/04/CNRSMH_E_1964_006_001_02.wav;CNRSMH_E_1964_006_001_
items/2018/04/05/CNRSMH_E_1957_004_001_01.wav;CNRSMH_E_1957_004_001_
items/2018/04/05/CNRSMH_E_1957_004_001_02.wav;CNRSMH_E_1957_004_001_
items/2018/04/05/CNRSMH_E_2011_002_005_01.wav;CNRSMH_E_2011_002_005_
items/2018/04/05/CNRSMH_E_2011_002_005_02.wav;CNRSMH_E_2011_002_005_
items/2018/04/10/CNRSMH_E_1932_006_008_009_01.wav;CNRSMH_E_1932_006_008_
items/2018/04/10/CNRSMH_E_1932_006_008_009_02.wav;CNRSMH_E_1932_006_008_
items/2018/04/10/CNRSMH_E_1932_006_008_012_01.wav;CNRSMH_E_1932_006_008_
items/2018/04/10/CNRSMH_E_1932_006_008_012_02.wav;CNRSMH_E_1932_006_008_
items/2018/04/10/CNRSMH_E_1932_006_030_006_01.wav;CNRSMH_E_1932_006_030_
items/2018/04/10/CNRSMH_E_1932_006_030_006_02.wav;CNRSMH_E_1932_006_030_
items/2018/04/10/CNRSMH_E_1965_018_001_001_01.wav;CNRSMH_E_1965_018_001_
items/2018/04/10/CNRSMH_E_1965_018_001_001_02.wav;CNRSMH_E_1965_018_001_
items/2018/04/12/CNRSMH_E_1934_003_004_01.wav;CNRSMH_E_1934_003_004_
items/2018/04/12/CNRSMH_E_1934_003_004_02.wav;CNRSMH_E_1934_003_004_
items/2018/04/12/CNRSMH_E_1934_006_052_01.wav;CNRSMH_E_1934_006_052_
items/2018/04/18/CNRSMH_E_1932_006_008_005_01.wav;CNRSMH_E_1932_006_008_
items/2018/04/18/CNRSMH_E_1932_006_008_005_02.wav;CNRSMH_E_1932_006_008_
items/2018/06/27/CNRSMH_E_1985_003_010_01.wav;CNRSMH_E_1985_003_010_
items/2018/06/27/CNRSMH_E_1985_003_010_02.wav;CNRSMH_E_1985_003_010_
items/2018/06/27/CNRSMH_E_1985_003_010_03.wav;CNRSMH_E_1985_003_010_
items/2018/06/27/CNRSMH_E_2011_002_059_01.wav;CNRSMH_E_2011_002_059_
items/2018/06/28/CNRSMH_E_1974_009_001_001_01.wav;CNRSMH_E_1974_009_001_
items/2018/07/04/CNRSMH_E_1992_013_013_01.wav;CNRSMH_E_1992_013_013_
items/2018/07/04/CNRSMH_E_1992_013_013_02.wav;CNRSMH_E_1992_013_013_
items/2018/07/04/CNRSMH_E_1992_013_013_03.wav;CNRSMH_E_1992_013_013_
items/2018/07/12/CNRSMH_E_1932_006_005_001_01.wav;CNRSMH_E_1932_006_005_
items/2018/07/12/CNRSMH_E_1932_006_005_001_02.wav;CNRSMH_E_1932_006_005_
items/2018/07/12/CNRSMH_E_1932_006_006_001_01.wav;CNRSMH_E_1932_006_006_
items/2018/07/12/CNRSMH_E_1932_006_006_001_02.wav;CNRSMH_E_1932_006_006_
items/2018/07/12/CNRSMH_E_1932_006_007_001_01.wav;CNRSMH_E_1932_006_007_
items/2018/07/12/CNRSMH_E_1932_006_007_001_02.wav;CNRSMH_E_1932_006_007_
items/2018/07/12/CNRSMH_E_1932_006_024_001_01.wav;CNRSMH_E_1932_006_024_
items/2018/07/12/CNRSMH_E_1932_006_024_001_02.wav;CNRSMH_E_1932_006_024_
items/2018/07/12/CNRSMH_E_1932_006_024_002_01.wav;CNRSMH_E_1932_006_024_
items/2018/07/12/CNRSMH_E_1932_006_024_002_02.wav;CNRSMH_E_1932_006_024_
items/2018/07/12/CNRSMH_E_1932_006_026_001_01.wav;CNRSMH_E_1932_006_026_
items/2018/07/12/CNRSMH_E_1932_006_026_001_02.wav;CNRSMH_E_1932_006_026_
items/2018/07/12/CNRSMH_E_1933_003_004_001_01.wav;CNRSMH_E_1933_003_004_
items/2018/07/12/CNRSMH_E_1933_003_004_001_02.wav;CNRSMH_E_1933_003_004_
items/2018/07/13/CNRSMH_E_1932_006_027_001_01.wav;CNRSMH_E_1932_006_027_
items/2018/07/13/CNRSMH_E_1932_006_027_001_02.wav;CNRSMH_E_1932_006_027_
items/2018/07/13/CNRSMH_E_1932_006_028_001_01.wav;CNRSMH_E_1932_006_028_
items/2018/07/13/CNRSMH_E_1932_006_028_001_02.wav;CNRSMH_E_1932_006_028_
items/2018/07/13/CNRSMH_E_1932_006_028_002_01.wav;CNRSMH_E_1932_006_028_
items/2018/07/13/CNRSMH_E_1932_006_028_002_02.wav;CNRSMH_E_1932_006_028_
items/2018/07/13/CNRSMH_E_1933_003_003_001_01.wav;CNRSMH_E_1933_003_003_
items/2018/07/13/CNRSMH_E_1933_003_003_001_02.wav;CNRSMH_E_1933_003_003_
items/2018/07/13/CNRSMH_E_1933_003_005_001_01.wav;CNRSMH_E_1933_003_005_
items/2018/07/13/CNRSMH_E_1933_003_005_001_02.wav;CNRSMH_E_1933_003_005_
items/2018/07/13/CNRSMH_E_1933_003_006_001_01.wav;CNRSMH_E_1933_003_006_
items/2018/07/13/CNRSMH_E_1933_003_006_001_02.wav;CNRSMH_E_1933_003_006_
items/2018/07/13/CNRSMH_E_1933_003_007_001_01.wav;CNRSMH_E_1933_003_007_
items/2018/07/13/CNRSMH_E_1933_003_007_001_02.wav;CNRSMH_E_1933_003_007_
items/2018/07/16/CNRSMH_E_1933_003_011_001_01.wav;CNRSMH_E_1933_003_011_
items/2018/07/16/CNRSMH_E_1933_003_011_001_02.wav;CNRSMH_E_1933_003_011_
items/2018/07/16/CNRSMH_E_1934_006_058_001_01.wav;CNRSMH_E_1934_006_058_
items/2018/07/16/CNRSMH_E_1934_006_058_001_02.wav;CNRSMH_E_1934_006_058_
items/2018/07/17/CNRSMH_E_1933_003_012_001_01.wav;CNRSMH_E_1933_003_012_
items/2018/07/17/CNRSMH_E_1933_003_012_001_02.wav;CNRSMH_E_1933_003_012_
items/2018/07/17/CNRSMH_E_1933_003_013_001_01.wav;CNRSMH_E_1933_003_013_
items/2018/07/17/CNRSMH_E_1933_003_014_001_01.wav;CNRSMH_E_1933_003_014_
items/2018/07/17/CNRSMH_E_1933_003_014_001_02.wav;CNRSMH_E_1933_003_014_
items/2018/07/17/CNRSMH_E_1933_003_015_001_01.wav;CNRSMH_E_1933_003_015_
items/2018/07/17/CNRSMH_E_1933_003_015_001_02.wav;CNRSMH_E_1933_003_015_
items/2018/07/17/CNRSMH_E_1933_003_017_001_01.wav;CNRSMH_E_1933_003_017_
items/2018/07/17/CNRSMH_E_1933_003_017_001_02.wav;CNRSMH_E_1933_003_017_
items/2018/07/17/CNRSMH_E_1934_006_011_001_01.wav;CNRSMH_E_1934_006_011_
items/2018/07/17/CNRSMH_E_1934_006_011_001_02.wav;CNRSMH_E_1934_006_011_
items/2018/07/17/CNRSMH_E_1934_006_019_001_01.wav;CNRSMH_E_1934_006_019_
items/2018/07/17/CNRSMH_E_1934_006_019_001_02.wav;CNRSMH_E_1934_006_019_
items/2018/07/17/CNRSMH_E_1934_006_020_001_01.wav;CNRSMH_E_1934_006_020_
items/2018/07/17/CNRSMH_E_1934_006_020_001_02.wav;CNRSMH_E_1934_006_020_
items/2018/07/17/CNRSMH_E_1934_006_041/CNRSMH_E_1934_006_041_01.wav;CNRSMH_E_1934_006_041_
items/2018/07/17/CNRSMH_E_1934_006_041/CNRSMH_E_1934_006_041_02.wav;CNRSMH_E_1934_006_041_
items/2018/07/17/CNRSMH_E_1954_004_005/CNRSMH_E_1954_004_005_02.wav;CNRSMH_E_1954_004_005_
items/2018/07/17/CNRSMH_E_1954_004_005/CNRSMH_E_1954_004_005_03.wav;CNRSMH_E_1954_004_005_
items/2018/07/17/CNRSMH_E_1954_004_005/CNRSMH_E_1954_004_005_04.wav;CNRSMH_E_1954_004_005_
items/2018/07/17/CNRSMH_E_1954_004_005/CNRSMH_E_1954_004_005_05.wav;CNRSMH_E_1954_004_005_
items/2018/07/17/CNRSMH_E_1954_004_005/CNRSMH_E_1954_004_005_06.wav;CNRSMH_E_1954_004_005_
items/2018/07/17/CNRSMH_E_1954_004_005/CNRSMH_E_1954_004_005_07.wav;CNRSMH_E_1954_004_005_
items/2018/07/17/CNRSMH_E_1954_004_005/CNRSMH_E_1954_004_005_08.wav;CNRSMH_E_1954_004_005_
items/2018/07/17/CNRSMH_E_1954_004_005/CNRSMH_E_1954_004_005_09.wav;CNRSMH_E_1954_004_005_
items/2018/07/17/CNRSMH_E_1954_004_005_01.wav;CNRSMH_E_1954_004_005_
items/2018/07/17/CNRSMH_E_1955_023_001/CNRSMH_E_1955_023_001_001_01.wav;CNRSMH_E_1955_023_001_
items/2018/07/17/CNRSMH_E_1955_023_001/CNRSMH_E_1955_023_001_001_02.wav;CNRSMH_E_1955_023_001_
items/2018/07/17/CNRSMH_E_1955_023_001/CNRSMH_E_1955_023_001_002_01.wav;CNRSMH_E_1955_023_001_
items/2018/07/17/CNRSMH_E_1955_023_001/CNRSMH_E_1955_023_001_002_02.wav;CNRSMH_E_1955_023_001_
items/2018/07/17/CNRSMH_E_1955_023_001/CNRSMH_E_1955_023_001_003_01.wav;CNRSMH_E_1955_023_001_
items/2018/07/17/CNRSMH_E_1955_023_001/CNRSMH_E_1955_023_001_003_02.wav;CNRSMH_E_1955_023_001_
items/2018/07/17/CNRSMH_E_1956_025_001/CNRSMH_E_1956_025_001_01.wav;CNRSMH_E_1956_025_001_
items/2018/07/17/CNRSMH_E_1956_025_001/CNRSMH_E_1956_025_001_02.wav;CNRSMH_E_1956_025_001_
items/2018/07/17/CNRSMH_E_1956_025_001/CNRSMH_E_1956_025_001_03.wav;CNRSMH_E_1956_025_001_
items/2018/07/17/CNRSMH_E_1956_025_001/CNRSMH_E_1956_025_001_04.wav;CNRSMH_E_1956_025_001_
items/2018/07/17/CNRSMH_E_1957_005_001/CNRSMH_E_1957_005_001_01.wav;CNRSMH_E_1957_005_001_
items/2018/07/17/CNRSMH_E_1957_005_001/CNRSMH_E_1957_005_001_02.wav;CNRSMH_E_1957_005_001_
items/2018/07/17/CNRSMH_E_1957_005_001/CNRSMH_E_1957_005_001_03.wav;CNRSMH_E_1957_005_001_
items/2018/07/17/CNRSMH_E_1957_005_001/CNRSMH_E_1957_005_001_04.wav;CNRSMH_E_1957_005_001_
items/2018/07/17/CNRSMH_E_1957_005_001/CNRSMH_E_1957_005_001_05.wav;CNRSMH_E_1957_005_001_
items/2018/07/17/CNRSMH_E_1957_005_001/CNRSMH_E_1957_005_001_06.wav;CNRSMH_E_1957_005_001_
items/2018/07/17/CNRSMH_E_1957_005_001/CNRSMH_E_1957_005_001_07.wav;CNRSMH_E_1957_005_001_
items/2018/07/17/CNRSMH_E_1957_006_001/CNRSMH_E_1957_006_001_01.wav;CNRSMH_E_1957_006_001_
items/2018/07/17/CNRSMH_E_1957_006_001/CNRSMH_E_1957_006_001_02.wav;CNRSMH_E_1957_006_001_
items/2018/07/17/CNRSMH_E_1957_006_001/CNRSMH_E_1957_006_001_03.wav;CNRSMH_E_1957_006_001_
items/2018/07/17/CNRSMH_E_1957_006_001/CNRSMH_E_1957_006_001_04.wav;CNRSMH_E_1957_006_001_
items/2018/07/17/CNRSMH_E_1957_006_001/CNRSMH_E_1957_006_001_05.wav;CNRSMH_E_1957_006_001_
items/2018/07/17/CNRSMH_E_1957_006_001/CNRSMH_E_1957_006_001_06.wav;CNRSMH_E_1957_006_001_
items/2018/07/17/CNRSMH_E_1957_006_001/CNRSMH_E_1957_006_001_07.wav;CNRSMH_E_1957_006_001_
items/2018/07/17/CNRSMH_E_1957_006_001/CNRSMH_E_1957_006_001_08.wav;CNRSMH_E_1957_006_001_
items/2018/07/17/CNRSMH_E_1957_006_001/CNRSMH_E_1957_006_001_09.wav;CNRSMH_E_1957_006_001_
items/2018/07/17/CNRSMH_E_1957_006_001/CNRSMH_E_1957_006_001_10.wav;CNRSMH_E_1957_006_001_
items/2018/07/17/CNRSMH_E_1957_006_001/CNRSMH_E_1957_006_001_11.wav;CNRSMH_E_1957_006_001_
items/2018/07/17/CNRSMH_E_1957_007_001/CNRSMH_E_1957_007_001_01.wav;CNRSMH_E_1957_007_001_
items/2018/07/17/CNRSMH_E_1957_007_001/CNRSMH_E_1957_007_001_02.wav;CNRSMH_E_1957_007_001_
items/2018/07/17/CNRSMH_E_1957_007_001/CNRSMH_E_1957_007_001_03.wav;CNRSMH_E_1957_007_001_
items/2018/07/17/CNRSMH_E_1957_007_001/CNRSMH_E_1957_007_001_04.wav;CNRSMH_E_1957_007_001_
items/2018/07/17/CNRSMH_E_1957_007_001/CNRSMH_E_1957_007_001_05.wav;CNRSMH_E_1957_007_001_
items/2018/07/17/CNRSMH_E_1957_007_001/CNRSMH_E_1957_007_001_06.wav;CNRSMH_E_1957_007_001_
items/2018/07/17/CNRSMH_E_1957_007_001/CNRSMH_E_1957_007_001_07.wav;CNRSMH_E_1957_007_001_
items/2018/07/17/CNRSMH_E_1957_010_001/CNRSMH_E_1957_010_001_001_01.wav;CNRSMH_E_1957_010_001_
items/2018/07/17/CNRSMH_E_1957_010_001/CNRSMH_E_1957_010_001_001_02.wav;CNRSMH_E_1957_010_001_
items/2018/07/17/CNRSMH_E_1957_010_001/CNRSMH_E_1957_010_001_001_03.wav;CNRSMH_E_1957_010_001_
items/2018/07/17/CNRSMH_E_1957_010_001/CNRSMH_E_1957_010_001_001_04.wav;CNRSMH_E_1957_010_001_
items/2018/07/17/CNRSMH_E_1957_010_001/CNRSMH_E_1957_010_001_001_05.wav;CNRSMH_E_1957_010_001_
items/2018/07/17/CNRSMH_E_1957_010_001/CNRSMH_E_1957_010_001_001_06.wav;CNRSMH_E_1957_010_001_
items/2018/07/17/CNRSMH_E_1957_010_001/CNRSMH_E_1957_010_001_001_07.wav;CNRSMH_E_1957_010_001_
items/2018/07/17/CNRSMH_E_1957_010_001/CNRSMH_E_1957_010_001_001_08.wav;CNRSMH_E_1957_010_001_
items/2018/07/17/CNRSMH_E_1957_010_001/CNRSMH_E_1957_010_001_001_09.wav;CNRSMH_E_1957_010_001_
items/2018/07/17/CNRSMH_E_1957_010_001/CNRSMH_E_1957_010_001_001_10.wav;CNRSMH_E_1957_010_001_
items/2018/07/17/CNRSMH_E_1957_010_001/CNRSMH_E_1957_010_001_001_11.wav;CNRSMH_E_1957_010_001_
items/2018/07/17/CNRSMH_E_1957_010_001/CNRSMH_E_1957_010_001_001_12.wav;CNRSMH_E_1957_010_001_
items/2018/07/17/CNRSMH_E_1957_010_001/CNRSMH_E_1957_010_001_001_13.wav;CNRSMH_E_1957_010_001_
items/2018/07/17/CNRSMH_E_1957_010_001/CNRSMH_E_1957_010_001_002_01.wav;CNRSMH_E_1957_010_001_
items/2018/07/17/CNRSMH_E_1957_010_001/CNRSMH_E_1957_010_001_002_02.wav;CNRSMH_E_1957_010_001_
items/2018/07/17/CNRSMH_E_1957_010_001/CNRSMH_E_1957_010_001_002_03.wav;CNRSMH_E_1957_010_001_
items/2018/07/17/CNRSMH_E_1957_010_001/CNRSMH_E_1957_010_001_002_04.wav;CNRSMH_E_1957_010_001_
items/2018/07/17/CNRSMH_E_1957_010_001/CNRSMH_E_1957_010_001_002_05.wav;CNRSMH_E_1957_010_001_
items/2018/07/17/CNRSMH_E_1957_010_001/CNRSMH_E_1957_010_001_002_06.wav;CNRSMH_E_1957_010_001_
items/2018/07/17/CNRSMH_E_1957_010_001/CNRSMH_E_1957_010_001_002_07.wav;CNRSMH_E_1957_010_001_
items/2018/07/17/CNRSMH_E_1957_010_001/CNRSMH_E_1957_010_001_002_08.wav;CNRSMH_E_1957_010_001_
items/2018/07/17/CNRSMH_E_1957_010_001/CNRSMH_E_1957_010_001_002_09.wav;CNRSMH_E_1957_010_001_
items/2018/07/17/CNRSMH_E_1957_010_001/CNRSMH_E_1957_010_001_003_01.wav;CNRSMH_E_1957_010_001_
items/2018/07/17/CNRSMH_E_1957_010_001/CNRSMH_E_1957_010_001_003_02.wav;CNRSMH_E_1957_010_001_
items/2018/07/17/CNRSMH_E_1957_010_001/CNRSMH_E_1957_010_001_003_03.wav;CNRSMH_E_1957_010_001_
items/2018/07/17/CNRSMH_E_1957_010_001/CNRSMH_E_1957_010_001_003_04.wav;CNRSMH_E_1957_010_001_
items/2018/07/17/CNRSMH_E_1957_010_001/CNRSMH_E_1957_010_001_003_05.wav;CNRSMH_E_1957_010_001_
items/2018/07/17/CNRSMH_E_1957_010_001/CNRSMH_E_1957_010_001_003_06.wav;CNRSMH_E_1957_010_001_
items/2018/07/17/CNRSMH_E_1957_010_001/CNRSMH_E_1957_010_001_003_07.wav;CNRSMH_E_1957_010_001_
items/2018/07/17/CNRSMH_E_1957_010_001/CNRSMH_E_1957_010_001_003_08.wav;CNRSMH_E_1957_010_001_
items/2018/07/17/CNRSMH_E_1957_010_001/CNRSMH_E_1957_010_001_003_09.wav;CNRSMH_E_1957_010_001_
items/2018/07/17/CNRSMH_E_1957_010_001/CNRSMH_E_1957_010_001_003_10.wav;CNRSMH_E_1957_010_001_
items/2018/07/17/CNRSMH_E_1957_010_001/CNRSMH_E_1957_010_001_003_11.wav;CNRSMH_E_1957_010_001_
items/2018/07/17/CNRSMH_E_1959_003_008/CNRSMH_E_1959_003_008_01.wav;CNRSMH_E_1959_003_008_
items/2018/07/17/CNRSMH_E_1959_003_008/CNRSMH_E_1959_003_008_02.wav;CNRSMH_E_1959_003_008_
items/2018/07/17/CNRSMH_E_1959_003_008/CNRSMH_E_1959_003_008_03.wav;CNRSMH_E_1959_003_008_
items/2018/07/17/CNRSMH_E_1959_003_008/CNRSMH_E_1959_003_008_04.wav;CNRSMH_E_1959_003_008_
items/2018/07/17/CNRSMH_E_1959_003_010/CNRSMH_E_1959_003_010_01.wav;CNRSMH_E_1959_003_010_
items/2018/07/17/CNRSMH_E_1959_003_010/CNRSMH_E_1959_003_010_02.wav;CNRSMH_E_1959_003_010_
items/2018/07/17/CNRSMH_E_1959_003_010/CNRSMH_E_1959_003_010_03.wav;CNRSMH_E_1959_003_010_
items/2018/07/17/CNRSMH_E_1959_003_010/CNRSMH_E_1959_003_010_04.wav;CNRSMH_E_1959_003_010_
items/2018/07/17/CNRSMH_E_1959_003_010/CNRSMH_E_1959_003_010_05.wav;CNRSMH_E_1959_003_010_
items/2018/07/17/CNRSMH_E_1959_003_010/CNRSMH_E_1959_003_010_06.wav;CNRSMH_E_1959_003_010_
items/2018/07/17/CNRSMH_E_1959_003_010/CNRSMH_E_1959_003_010_07.wav;CNRSMH_E_1959_003_010_
items/2018/07/17/CNRSMH_E_1959_018_001/CNRSMH_E_1959_018_001_001_01.wav;CNRSMH_E_1959_018_001_
items/2018/07/17/CNRSMH_E_1959_018_001/CNRSMH_E_1959_018_001_001_02.wav;CNRSMH_E_1959_018_001_
items/2018/07/17/CNRSMH_E_1959_018_001/CNRSMH_E_1959_018_001_002_01.wav;CNRSMH_E_1959_018_001_
items/2018/07/17/CNRSMH_E_1959_018_001/CNRSMH_E_1959_018_001_002_02.wav;CNRSMH_E_1959_018_001_
items/2018/07/17/CNRSMH_E_1959_018_001/CNRSMH_E_1959_018_001_003_01.wav;CNRSMH_E_1959_018_001_
items/2018/07/17/CNRSMH_E_1959_018_001/CNRSMH_E_1959_018_001_003_02.wav;CNRSMH_E_1959_018_001_
items/2018/07/17/CNRSMH_E_1960_007_007/CNRSMH_E_1960_007_007_01.wav;CNRSMH_E_1960_007_007_
items/2018/07/17/CNRSMH_E_1960_007_007/CNRSMH_E_1960_007_007_02.wav;CNRSMH_E_1960_007_007_
items/2018/07/17/CNRSMH_E_1960_007_007/CNRSMH_E_1960_007_007_03.wav;CNRSMH_E_1960_007_007_
items/2018/07/17/CNRSMH_E_1960_007_007/CNRSMH_E_1960_007_007_04.wav;CNRSMH_E_1960_007_007_
items/2018/07/17/CNRSMH_E_1960_007_007/CNRSMH_E_1960_007_007_05.wav;CNRSMH_E_1960_007_007_
items/2018/07/17/CNRSMH_E_1960_007_007/CNRSMH_E_1960_007_007_06.wav;CNRSMH_E_1960_007_007_
items/2018/07/17/CNRSMH_E_1960_007_007/CNRSMH_E_1960_007_007_07.wav;CNRSMH_E_1960_007_007_
items/2018/07/17/CNRSMH_E_1960_007_007/CNRSMH_E_1960_007_007_08.wav;CNRSMH_E_1960_007_007_
items/2018/07/17/CNRSMH_E_1960_007_009/CNRSMH_E_1960_007_009_01.wav;CNRSMH_E_1960_007_009_
items/2018/07/17/CNRSMH_E_1960_007_009/CNRSMH_E_1960_007_009_02.wav;CNRSMH_E_1960_007_009_
items/2018/07/17/CNRSMH_E_1960_007_009/CNRSMH_E_1960_007_009_03.wav;CNRSMH_E_1960_007_009_
items/2018/07/17/CNRSMH_E_1960_007_009/CNRSMH_E_1960_007_009_04.wav;CNRSMH_E_1960_007_009_
items/2018/07/17/CNRSMH_E_1960_007_009/CNRSMH_E_1960_007_009_05.wav;CNRSMH_E_1960_007_009_
items/2018/07/17/CNRSMH_E_1960_007_009/CNRSMH_E_1960_007_009_06.wav;CNRSMH_E_1960_007_009_
items/2018/07/17/CNRSMH_E_1960_007_009/CNRSMH_E_1960_007_009_07.wav;CNRSMH_E_1960_007_009_
items/2018/07/17/CNRSMH_E_1960_007_009/CNRSMH_E_1960_007_009_08.wav;CNRSMH_E_1960_007_009_
items/2018/07/17/CNRSMH_E_1962_007_001/CNRSMH_E_1962_007_001_01.wav;CNRSMH_E_1962_007_001_
items/2018/07/17/CNRSMH_E_1962_007_001/CNRSMH_E_1962_007_001_02.wav;CNRSMH_E_1962_007_001_
items/2018/07/17/CNRSMH_E_1962_007_001/CNRSMH_E_1962_007_001_03.wav;CNRSMH_E_1962_007_001_
items/2018/07/17/CNRSMH_E_1962_007_001/CNRSMH_E_1962_007_001_04.wav;CNRSMH_E_1962_007_001_
items/2018/07/17/CNRSMH_E_1962_007_001/CNRSMH_E_1962_007_001_05.wav;CNRSMH_E_1962_007_001_
items/2018/07/17/CNRSMH_E_1962_007_001/CNRSMH_E_1962_007_001_06.wav;CNRSMH_E_1962_007_001_
items/2018/07/17/CNRSMH_E_1962_007_001/CNRSMH_E_1962_007_001_07.wav;CNRSMH_E_1962_007_001_
items/2018/07/17/CNRSMH_E_1962_007_001/CNRSMH_E_1962_007_001_08.wav;CNRSMH_E_1962_007_001_
items/2018/07/17/CNRSMH_E_1962_007_001/CNRSMH_E_1962_007_001_09.wav;CNRSMH_E_1962_007_001_
items/2018/07/17/CNRSMH_E_1962_007_001/CNRSMH_E_1962_007_001_10.wav;CNRSMH_E_1962_007_001_
items/2018/07/17/CNRSMH_E_1962_007_001/CNRSMH_E_1962_007_001_11.wav;CNRSMH_E_1962_007_001_
items/2018/07/17/CNRSMH_E_1962_007_001/CNRSMH_E_1962_007_001_12.wav;CNRSMH_E_1962_007_001_
items/2018/07/17/CNRSMH_E_1962_007_001/CNRSMH_E_1962_007_001_13.wav;CNRSMH_E_1962_007_001_
items/2018/07/17/CNRSMH_E_1962_007_001/CNRSMH_E_1962_007_001_14.wav;CNRSMH_E_1962_007_001_
items/2018/07/17/CNRSMH_E_1962_007_001/CNRSMH_E_1962_007_001_15.wav;CNRSMH_E_1962_007_001_
items/2018/07/17/CNRSMH_E_1962_007_001/CNRSMH_E_1962_007_001_16.wav;CNRSMH_E_1962_007_001_
items/2018/07/17/CNRSMH_E_1962_007_001/CNRSMH_E_1962_007_001_17.wav;CNRSMH_E_1962_007_001_
items/2018/07/17/CNRSMH_E_1962_007_001/CNRSMH_E_1962_007_001_18.wav;CNRSMH_E_1962_007_001_
items/2018/07/17/CNRSMH_E_1962_012_001/CNRSMH_E_1962_012_001_01.wav;CNRSMH_E_1962_012_001_
items/2018/07/17/CNRSMH_E_1962_012_001/CNRSMH_E_1962_012_001_02.wav;CNRSMH_E_1962_012_001_
items/2018/07/17/CNRSMH_E_1962_012_001/CNRSMH_E_1962_012_001_03.wav;CNRSMH_E_1962_012_001_
items/2018/07/17/CNRSMH_E_1962_012_001/CNRSMH_E_1962_012_001_04.wav;CNRSMH_E_1962_012_001_
items/2018/07/17/CNRSMH_E_1962_012_001/CNRSMH_E_1962_012_001_05.wav;CNRSMH_E_1962_012_001_
items/2018/07/17/CNRSMH_E_1962_012_001/CNRSMH_E_1962_012_001_06.wav;CNRSMH_E_1962_012_001_
items/2018/07/17/CNRSMH_E_1962_012_001/CNRSMH_E_1962_012_001_07.wav;CNRSMH_E_1962_012_001_
items/2018/07/17/CNRSMH_E_1962_012_001/CNRSMH_E_1962_012_001_08.wav;CNRSMH_E_1962_012_001_
items/2018/07/17/CNRSMH_E_1963_007_001/CNRSMH_E_1963_007_001_01.wav;CNRSMH_E_1963_007_001_
items/2018/07/17/CNRSMH_E_1963_007_001/CNRSMH_E_1963_007_001_02.wav;CNRSMH_E_1963_007_001_
items/2018/07/17/CNRSMH_E_1963_007_001/CNRSMH_E_1963_007_001_03.wav;CNRSMH_E_1963_007_001_
items/2018/07/17/CNRSMH_E_1963_007_001/CNRSMH_E_1963_007_001_04.wav;CNRSMH_E_1963_007_001_
items/2018/07/17/CNRSMH_E_1963_007_001/CNRSMH_E_1963_007_001_05.wav;CNRSMH_E_1963_007_001_
items/2018/07/17/CNRSMH_E_1963_007_001/CNRSMH_E_1963_007_001_06.wav;CNRSMH_E_1963_007_001_
items/2018/07/17/CNRSMH_E_1963_007_001/CNRSMH_E_1963_007_001_07.wav;CNRSMH_E_1963_007_001_
items/2018/07/17/CNRSMH_E_1963_008_001/CNRSMH_E_1963_008_001_01.wav;CNRSMH_E_1963_008_001_
items/2018/07/17/CNRSMH_E_1963_008_001/CNRSMH_E_1963_008_001_02.wav;CNRSMH_E_1963_008_001_
items/2018/07/17/CNRSMH_E_1963_008_001/CNRSMH_E_1963_008_001_03.wav;CNRSMH_E_1963_008_001_
items/2018/07/17/CNRSMH_E_1964_010_001/CNRSMH_E_1964_010_001_01.wav;CNRSMH_E_1964_010_001_
items/2018/07/17/CNRSMH_E_1964_010_001/CNRSMH_E_1964_010_001_02.wav;CNRSMH_E_1964_010_001_
items/2018/07/17/CNRSMH_E_1964_010_001/CNRSMH_E_1964_010_001_03.wav;CNRSMH_E_1964_010_001_
items/2018/07/17/CNRSMH_E_1964_010_001/CNRSMH_E_1964_010_001_04.wav;CNRSMH_E_1964_010_001_
items/2018/07/17/CNRSMH_E_1964_010_001/CNRSMH_E_1964_010_001_05.wav;CNRSMH_E_1964_010_001_
items/2018/07/17/CNRSMH_E_1964_010_001/CNRSMH_E_1964_010_001_06.wav;CNRSMH_E_1964_010_001_
items/2018/07/17/CNRSMH_E_1964_010_001/CNRSMH_E_1964_010_001_07.wav;CNRSMH_E_1964_010_001_
items/2018/07/17/CNRSMH_E_1964_010_001/CNRSMH_E_1964_010_001_08.wav;CNRSMH_E_1964_010_001_
items/2018/07/17/CNRSMH_E_1964_010_001/CNRSMH_E_1964_010_001_09.wav;CNRSMH_E_1964_010_001_
items/2018/07/17/CNRSMH_E_1964_010_001/CNRSMH_E_1964_010_001_10.wav;CNRSMH_E_1964_010_001_
items/2018/07/17/CNRSMH_E_1964_010_001/CNRSMH_E_1964_010_001_11.wav;CNRSMH_E_1964_010_001_
items/2018/07/17/CNRSMH_E_1964_010_001/CNRSMH_E_1964_010_001_12.wav;CNRSMH_E_1964_010_001_
items/2018/07/17/CNRSMH_E_1964_010_001/CNRSMH_E_1964_010_001_13.wav;CNRSMH_E_1964_010_001_
items/2018/07/17/CNRSMH_E_1964_010_001/CNRSMH_E_1964_010_001_14.wav;CNRSMH_E_1964_010_001_
items/2018/07/17/CNRSMH_E_1964_010_001/CNRSMH_E_1964_010_001_15.wav;CNRSMH_E_1964_010_001_
items/2018/07/17/CNRSMH_E_1964_010_001/CNRSMH_E_1964_010_001_16.wav;CNRSMH_E_1964_010_001_
items/2018/07/17/CNRSMH_E_1964_010_001/CNRSMH_E_1964_010_001_17.wav;CNRSMH_E_1964_010_001_
items/2018/07/17/CNRSMH_E_1965_001_005/CNRSMH_E_1965_001_005_01.wav;CNRSMH_E_1965_001_005_
items/2018/07/17/CNRSMH_E_1965_001_005/CNRSMH_E_1965_001_005_02.wav;CNRSMH_E_1965_001_005_
items/2018/07/17/CNRSMH_E_1965_001_005/CNRSMH_E_1965_001_005_03.wav;CNRSMH_E_1965_001_005_
items/2018/07/17/CNRSMH_E_1965_001_005/CNRSMH_E_1965_001_005_04.wav;CNRSMH_E_1965_001_005_
items/2018/07/17/CNRSMH_E_1965_001_005/CNRSMH_E_1965_001_005_05.wav;CNRSMH_E_1965_001_005_
items/2018/07/17/CNRSMH_E_1965_001_005/CNRSMH_E_1965_001_005_06.wav;CNRSMH_E_1965_001_005_
items/2018/07/17/CNRSMH_E_1965_001_005/CNRSMH_E_1965_001_005_07.wav;CNRSMH_E_1965_001_005_
items/2018/07/17/CNRSMH_E_1965_001_005/CNRSMH_E_1965_001_005_08.wav;CNRSMH_E_1965_001_005_
items/2018/07/17/CNRSMH_E_1965_001_005/CNRSMH_E_1965_001_005_09.wav;CNRSMH_E_1965_001_005_
items/2018/07/17/CNRSMH_E_1965_001_005/CNRSMH_E_1965_001_005_10.wav;CNRSMH_E_1965_001_005_
items/2018/07/17/CNRSMH_E_1965_001_005/CNRSMH_E_1965_001_005_11.wav;CNRSMH_E_1965_001_005_
items/2018/07/17/CNRSMH_E_1965_001_005/CNRSMH_E_1965_001_005_12.wav;CNRSMH_E_1965_001_005_
items/2018/07/17/CNRSMH_E_1965_001_005/CNRSMH_E_1965_001_005_13.wav;CNRSMH_E_1965_001_005_
items/2018/07/17/CNRSMH_E_1965_001_011/CNRSMH_E_1965_001_011_01.wav;CNRSMH_E_1965_001_011_
items/2018/07/17/CNRSMH_E_1965_001_011/CNRSMH_E_1965_001_011_02.wav;CNRSMH_E_1965_001_011_
items/2018/07/17/CNRSMH_E_1965_001_011/CNRSMH_E_1965_001_011_03.wav;CNRSMH_E_1965_001_011_
items/2018/07/17/CNRSMH_E_1965_001_011/CNRSMH_E_1965_001_011_04.wav;CNRSMH_E_1965_001_011_
items/2018/07/17/CNRSMH_E_1965_001_011/CNRSMH_E_1965_001_011_05.wav;CNRSMH_E_1965_001_011_
items/2018/07/17/CNRSMH_E_1965_001_011/CNRSMH_E_1965_001_011_06.wav;CNRSMH_E_1965_001_011_
items/2018/07/17/CNRSMH_E_1965_001_011/CNRSMH_E_1965_001_011_07.wav;CNRSMH_E_1965_001_011_
items/2018/07/17/CNRSMH_E_1965_001_011/CNRSMH_E_1965_001_011_08.wav;CNRSMH_E_1965_001_011_
items/2018/07/17/CNRSMH_E_1965_001_011/CNRSMH_E_1965_001_011_09.wav;CNRSMH_E_1965_001_011_
items/2018/07/17/CNRSMH_E_1965_001_011/CNRSMH_E_1965_001_011_10.wav;CNRSMH_E_1965_001_011_
items/2018/07/17/CNRSMH_E_1965_001_011/CNRSMH_E_1965_001_011_11.wav;CNRSMH_E_1965_001_011_
items/2018/07/17/CNRSMH_E_1965_008_011/CNRSMH_E_1965_008_011_01.wav;CNRSMH_E_1965_008_011_
items/2018/07/17/CNRSMH_E_1965_008_011/CNRSMH_E_1965_008_011_02.wav;CNRSMH_E_1965_008_011_
items/2018/07/17/CNRSMH_E_1965_008_011/CNRSMH_E_1965_008_011_03.wav;CNRSMH_E_1965_008_011_
items/2018/07/17/CNRSMH_E_1965_008_011/CNRSMH_E_1965_008_011_04.wav;CNRSMH_E_1965_008_011_
items/2018/07/17/CNRSMH_E_1965_008_011/CNRSMH_E_1965_008_011_05.wav;CNRSMH_E_1965_008_011_
items/2018/07/17/CNRSMH_E_1965_008_011/CNRSMH_E_1965_008_011_06.wav;CNRSMH_E_1965_008_011_
items/2018/07/17/CNRSMH_E_1965_008_011/CNRSMH_E_1965_008_011_07.wav;CNRSMH_E_1965_008_011_
items/2018/07/17/CNRSMH_E_1965_008_011/CNRSMH_E_1965_008_011_08.wav;CNRSMH_E_1965_008_011_
items/2018/07/17/CNRSMH_E_1965_008_011/CNRSMH_E_1965_008_011_09.wav;CNRSMH_E_1965_008_011_
items/2018/07/17/CNRSMH_E_1965_008_011/CNRSMH_E_1965_008_011_10.wav;CNRSMH_E_1965_008_011_
items/2018/07/17/CNRSMH_E_1965_008_011/CNRSMH_E_1965_008_011_11.wav;CNRSMH_E_1965_008_011_
items/2018/07/17/CNRSMH_E_1965_008_011/CNRSMH_E_1965_008_011_12.wav;CNRSMH_E_1965_008_011_
items/2018/07/17/CNRSMH_E_1965_008_011/CNRSMH_E_1965_008_011_13.wav;CNRSMH_E_1965_008_011_
items/2018/07/17/CNRSMH_E_1965_008_011/CNRSMH_E_1965_008_011_14.wav;CNRSMH_E_1965_008_011_
items/2018/07/17/CNRSMH_E_1965_009_010/CNRSMH_E_1965_009_010_01.wav;CNRSMH_E_1965_009_010_
items/2018/07/17/CNRSMH_E_1965_009_010/CNRSMH_E_1965_009_010_02.wav;CNRSMH_E_1965_009_010_
items/2018/07/17/CNRSMH_E_1965_009_010/CNRSMH_E_1965_009_010_03.wav;CNRSMH_E_1965_009_010_
items/2018/07/17/CNRSMH_E_1965_009_010/CNRSMH_E_1965_009_010_04.wav;CNRSMH_E_1965_009_010_
items/2018/07/17/CNRSMH_E_1965_009_010/CNRSMH_E_1965_009_010_05.wav;CNRSMH_E_1965_009_010_
items/2018/07/17/CNRSMH_E_1965_009_015/CNRSMH_E_1965_009_015_01.wav;CNRSMH_E_1965_009_015_
items/2018/07/17/CNRSMH_E_1965_009_015/CNRSMH_E_1965_009_015_02.wav;CNRSMH_E_1965_009_015_
items/2018/07/17/CNRSMH_E_1965_009_015/CNRSMH_E_1965_009_015_03.wav;CNRSMH_E_1965_009_015_
items/2018/07/17/CNRSMH_E_1965_009_015/CNRSMH_E_1965_009_015_04.wav;CNRSMH_E_1965_009_015_
items/2018/07/17/CNRSMH_E_1965_009_015/CNRSMH_E_1965_009_015_05.wav;CNRSMH_E_1965_009_015_
items/2018/07/17/CNRSMH_E_1965_009_015/CNRSMH_E_1965_009_015_06.wav;CNRSMH_E_1965_009_015_
items/2018/07/17/CNRSMH_E_1965_009_015/CNRSMH_E_1965_009_015_07.wav;CNRSMH_E_1965_009_015_
items/2018/07/17/CNRSMH_E_1965_009_026/CNRSMH_E_1965_009_026_01.wav;CNRSMH_E_1965_009_026_
items/2018/07/17/CNRSMH_E_1965_009_026/CNRSMH_E_1965_009_026_02.wav;CNRSMH_E_1965_009_026_
items/2018/07/17/CNRSMH_E_1965_009_026/CNRSMH_E_1965_009_026_03.wav;CNRSMH_E_1965_009_026_
items/2018/07/17/CNRSMH_E_1965_009_026/CNRSMH_E_1965_009_026_04.wav;CNRSMH_E_1965_009_026_
items/2018/07/17/CNRSMH_E_1965_009_026/CNRSMH_E_1965_009_026_05.wav;CNRSMH_E_1965_009_026_
items/2018/07/17/CNRSMH_E_1965_009_026/CNRSMH_E_1965_009_026_06.wav;CNRSMH_E_1965_009_026_
items/2018/07/17/CNRSMH_E_1965_009_026/CNRSMH_E_1965_009_026_07.wav;CNRSMH_E_1965_009_026_
items/2018/07/17/CNRSMH_E_1965_009_026/CNRSMH_E_1965_009_026_08.wav;CNRSMH_E_1965_009_026_
items/2018/07/17/CNRSMH_E_1965_009_026/CNRSMH_E_1965_009_026_09.wav;CNRSMH_E_1965_009_026_
items/2018/07/17/CNRSMH_E_1965_009_026/CNRSMH_E_1965_009_026_10.wav;CNRSMH_E_1965_009_026_
items/2018/07/17/CNRSMH_E_1965_009_026/CNRSMH_E_1965_009_026_11.wav;CNRSMH_E_1965_009_026_
items/2018/07/17/CNRSMH_E_1965_012_001/CNRSMH_E_1965_012_001_01.wav;CNRSMH_E_1965_012_001_
items/2018/07/17/CNRSMH_E_1965_012_001/CNRSMH_E_1965_012_001_02.wav;CNRSMH_E_1965_012_001_
items/2018/07/17/CNRSMH_E_1965_012_001/CNRSMH_E_1965_012_001_03.wav;CNRSMH_E_1965_012_001_
items/2018/07/17/CNRSMH_E_1965_012_001/CNRSMH_E_1965_012_001_04.wav;CNRSMH_E_1965_012_001_
items/2018/07/17/CNRSMH_E_1965_012_001/CNRSMH_E_1965_012_001_05.wav;CNRSMH_E_1965_012_001_
items/2018/07/17/CNRSMH_E_1965_012_001/CNRSMH_E_1965_012_001_06.wav;CNRSMH_E_1965_012_001_
items/2018/07/17/CNRSMH_E_1965_012_001/CNRSMH_E_1965_012_001_07.wav;CNRSMH_E_1965_012_001_
items/2018/07/17/CNRSMH_E_1965_012_001/CNRSMH_E_1965_012_001_08.wav;CNRSMH_E_1965_012_001_
items/2018/07/17/CNRSMH_E_1965_012_001/CNRSMH_E_1965_012_001_09.wav;CNRSMH_E_1965_012_001_
items/2018/07/17/CNRSMH_E_1965_019_001/CNRSMH_E_1965_019_001_01.wav;CNRSMH_E_1965_019_001_
items/2018/07/17/CNRSMH_E_1965_019_001/CNRSMH_E_1965_019_001_02.wav;CNRSMH_E_1965_019_001_
items/2018/07/17/CNRSMH_E_1965_020_001/CNRSMH_E_1965_020_001_02.wav;CNRSMH_E_1965_020_001_
items/2018/07/17/CNRSMH_E_1965_021_001/CNRSMH_E_1965_021_001_01.wav;CNRSMH_E_1965_021_001_
items/2018/07/17/CNRSMH_E_1965_021_001/CNRSMH_E_1965_021_001_02.wav;CNRSMH_E_1965_021_001_
items/2018/07/17/CNRSMH_E_1965_023_001/CNRSMH_E_1965_023_001_02.wav;CNRSMH_E_1965_023_001_
items/2018/07/17/CNRSMH_E_1965_024_001/CNRSMH_E_1965_024_001_01.wav;CNRSMH_E_1965_024_001_
items/2018/07/17/CNRSMH_E_1965_024_001/CNRSMH_E_1965_024_001_02.wav;CNRSMH_E_1965_024_001_
items/2018/07/17/CNRSMH_E_1965_026_001/CNRSMH_E_1965_026_001_01.wav;CNRSMH_E_1965_026_001_
items/2018/07/17/CNRSMH_E_1965_026_001/CNRSMH_E_1965_026_001_02.wav;CNRSMH_E_1965_026_001_
items/2018/07/17/CNRSMH_E_1965_027_001/CNRSMH_E_1965_027_001_01.wav;CNRSMH_E_1965_027_001_
items/2018/07/17/CNRSMH_E_1965_027_001/CNRSMH_E_1965_027_001_02.wav;CNRSMH_E_1965_027_001_
items/2018/07/17/CNRSMH_E_1965_029_001/CNRSMH_E_1965_029_001_01.wav;CNRSMH_E_1965_029_001_
items/2018/07/17/CNRSMH_E_1965_029_001/CNRSMH_E_1965_029_001_02.wav;CNRSMH_E_1965_029_001_
items/2018/07/17/CNRSMH_E_1965_030_001/CNRSMH_E_1965_030_001_01.wav;CNRSMH_E_1965_030_001_
items/2018/07/17/CNRSMH_E_1965_030_001/CNRSMH_E_1965_030_001_02.wav;CNRSMH_E_1965_030_001_
items/2018/07/17/CNRSMH_E_1965_032_001/CNRSMH_E_1965_032_001_01.wav;CNRSMH_E_1965_032_001_
items/2018/07/17/CNRSMH_E_1965_032_001/CNRSMH_E_1965_032_001_02.wav;CNRSMH_E_1965_032_001_
items/2018/07/17/CNRSMH_E_1965_033_001/CNRSMH_E_1965_033_001_01.wav;CNRSMH_E_1965_033_001_
items/2018/07/17/CNRSMH_E_1965_033_001/CNRSMH_E_1965_033_001_02.wav;CNRSMH_E_1965_033_001_
items/2018/07/17/CNRSMH_E_1965_034_001/CNRSMH_E_1965_034_001_01.wav;CNRSMH_E_1965_034_001_
items/2018/07/17/CNRSMH_E_1965_034_001/CNRSMH_E_1965_034_001_02.wav;CNRSMH_E_1965_034_001_
items/2018/07/17/CNRSMH_E_1965_035_001/CNRSMH_E_1965_035_001_01.wav;CNRSMH_E_1965_035_001_
items/2018/07/17/CNRSMH_E_1965_036_001/CNRSMH_E_1965_036_001_01.wav;CNRSMH_E_1965_036_001_
items/2018/07/17/CNRSMH_E_1965_036_001/CNRSMH_E_1965_036_001_02.wav;CNRSMH_E_1965_036_001_
items/2018/07/17/CNRSMH_E_1965_037_001/CNRSMH_E_1965_037_001_02.wav;CNRSMH_E_1965_037_001_
items/2018/07/17/CNRSMH_E_1965_038_001/CNRSMH_E_1965_038_001_01.wav;CNRSMH_E_1965_038_001_
items/2018/07/17/CNRSMH_E_1965_039_001/CNRSMH_E_1965_039_001_01.wav;CNRSMH_E_1965_039_001_
items/2018/07/17/CNRSMH_E_1965_039_001/CNRSMH_E_1965_039_001_02.wav;CNRSMH_E_1965_039_001_
items/2018/07/17/CNRSMH_E_1965_040_001/CNRSMH_E_1965_040_001_02.wav;CNRSMH_E_1965_040_001_
items/2018/07/17/CNRSMH_E_1965_041_001/CNRSMH_E_1965_041_001_01.wav;CNRSMH_E_1965_041_001_
items/2018/07/17/CNRSMH_E_1965_041_001/CNRSMH_E_1965_041_001_02.wav;CNRSMH_E_1965_041_001_
items/2018/07/17/CNRSMH_E_1965_042_001/CNRSMH_E_1965_042_001_02.wav;CNRSMH_E_1965_042_001_
items/2018/07/17/CNRSMH_E_1965_045_001/CNRSMH_E_1965_045_001_01.wav;CNRSMH_E_1965_045_001_
items/2018/07/17/CNRSMH_E_1965_046_001/CNRSMH_E_1965_046_001_01.wav;CNRSMH_E_1965_046_001_
items/2018/07/17/CNRSMH_E_1965_046_001/CNRSMH_E_1965_046_001_02.wav;CNRSMH_E_1965_046_001_
items/2018/07/17/CNRSMH_E_1965_047_001/CNRSMH_E_1965_047_001_02.wav;CNRSMH_E_1965_047_001_
items/2018/07/17/CNRSMH_E_1965_050_001/CNRSMH_E_1965_050_001_01.wav;CNRSMH_E_1965_050_001_
items/2018/07/17/CNRSMH_E_1965_051_001/CNRSMH_E_1965_051_001_01.wav;CNRSMH_E_1965_051_001_
items/2018/07/17/CNRSMH_E_1965_051_001/CNRSMH_E_1965_051_001_02.wav;CNRSMH_E_1965_051_001_
items/2018/07/17/CNRSMH_E_1965_052_001/CNRSMH_E_1965_052_001_02.wav;CNRSMH_E_1965_052_001_
items/2018/07/17/CNRSMH_E_1965_054_001/CNRSMH_E_1965_054_001_01.wav;CNRSMH_E_1965_054_001_
items/2018/07/17/CNRSMH_E_1965_059_001/CNRSMH_E_1965_059_001_01.wav;CNRSMH_E_1965_059_001_
items/2018/07/17/CNRSMH_E_1965_060_001/CNRSMH_E_1965_060_001_01.wav;CNRSMH_E_1965_060_001_
items/2018/07/17/CNRSMH_E_1965_060_001/CNRSMH_E_1965_060_001_02.wav;CNRSMH_E_1965_060_001_
items/2018/07/17/CNRSMH_E_1965_061_001/CNRSMH_E_1965_061_001_01.wav;CNRSMH_E_1965_061_001_
items/2018/07/17/CNRSMH_E_1965_061_001/CNRSMH_E_1965_061_001_02.wav;CNRSMH_E_1965_061_001_
items/2018/07/17/CNRSMH_E_1965_062_001/CNRSMH_E_1965_062_001_01.wav;CNRSMH_E_1965_062_001_
items/2018/07/17/CNRSMH_E_1965_062_001/CNRSMH_E_1965_062_001_02.wav;CNRSMH_E_1965_062_001_
items/2018/07/17/CNRSMH_E_1965_063_001/CNRSMH_E_1965_063_001_01.wav;CNRSMH_E_1965_063_001_
items/2018/07/17/CNRSMH_E_1965_063_001/CNRSMH_E_1965_063_001_02.wav;CNRSMH_E_1965_063_001_
items/2018/07/17/CNRSMH_E_1965_064_001/CNRSMH_E_1965_064_001_01.wav;CNRSMH_E_1965_064_001_
items/2018/07/17/CNRSMH_E_1965_065_001/CNRSMH_E_1965_065_001_01.wav;CNRSMH_E_1965_065_001_
items/2018/07/17/CNRSMH_E_1965_066_001/CNRSMH_E_1965_066_001_01.wav;CNRSMH_E_1965_066_001_
items/2018/07/17/CNRSMH_E_1965_067_001/CNRSMH_E_1965_067_001_02.wav;CNRSMH_E_1965_067_001_
items/2018/07/17/CNRSMH_E_1965_068_001/CNRSMH_E_1965_068_001_01.wav;CNRSMH_E_1965_068_001_
items/2018/07/17/CNRSMH_E_1965_068_001/CNRSMH_E_1965_068_001_02.wav;CNRSMH_E_1965_068_001_
items/2018/07/17/CNRSMH_E_1965_069_001/CNRSMH_E_1965_069_001_01.wav;CNRSMH_E_1965_069_001_
items/2018/07/17/CNRSMH_E_1965_069_001/CNRSMH_E_1965_069_001_02.wav;CNRSMH_E_1965_069_001_
items/2018/07/17/CNRSMH_E_1965_071_001/CNRSMH_E_1965_071_001_01.wav;CNRSMH_E_1965_071_001_
items/2018/07/17/CNRSMH_E_1965_074_001/CNRSMH_E_1965_074_001_01.wav;CNRSMH_E_1965_074_001_
items/2018/07/17/CNRSMH_E_1965_075_001/CNRSMH_E_1965_075_001_02.wav;CNRSMH_E_1965_075_001_
items/2018/07/17/CNRSMH_E_1965_076_001/CNRSMH_E_1965_076_001_02.wav;CNRSMH_E_1965_076_001_
items/2018/07/17/CNRSMH_E_1965_077_001/CNRSMH_E_1965_077_001_01.wav;CNRSMH_E_1965_077_001_
items/2018/07/17/CNRSMH_E_1965_078_001/CNRSMH_E_1965_078_001_01.wav;CNRSMH_E_1965_078_001_
items/2018/07/17/CNRSMH_E_1965_078_001/CNRSMH_E_1965_078_001_02.wav;CNRSMH_E_1965_078_001_
items/2018/07/17/CNRSMH_E_1965_079_001/CNRSMH_E_1965_079_001_01.wav;CNRSMH_E_1965_079_001_
items/2018/07/17/CNRSMH_E_1965_085_001/CNRSMH_E_1965_085_001_02.wav;CNRSMH_E_1965_085_001_
items/2018/07/17/CNRSMH_E_1965_089_001/CNRSMH_E_1965_089_001_01.wav;CNRSMH_E_1965_089_001_
items/2018/07/17/CNRSMH_E_1965_089_001/CNRSMH_E_1965_089_001_02.wav;CNRSMH_E_1965_089_001_
items/2018/07/17/CNRSMH_E_1965_090_001/CNRSMH_E_1965_090_001_01.wav;CNRSMH_E_1965_090_001_
items/2018/07/17/CNRSMH_E_1965_091_001/CNRSMH_E_1965_091_001_01.wav;CNRSMH_E_1965_091_001_
items/2018/07/17/CNRSMH_E_1965_091_001/CNRSMH_E_1965_091_001_02.wav;CNRSMH_E_1965_091_001_
items/2018/07/17/CNRSMH_E_1965_092_001/CNRSMH_E_1965_092_001_02.wav;CNRSMH_E_1965_092_001_
items/2018/07/17/CNRSMH_E_1965_093_001/CNRSMH_E_1965_093_001_02.wav;CNRSMH_E_1965_093_001_
items/2018/07/17/CNRSMH_E_1965_094_001/CNRSMH_E_1965_094_001_01.wav;CNRSMH_E_1965_094_001_
items/2018/07/17/CNRSMH_E_1965_095_001/CNRSMH_E_1965_095_001_01.wav;CNRSMH_E_1965_095_001_
items/2018/07/17/CNRSMH_E_1965_095_001/CNRSMH_E_1965_095_001_02.wav;CNRSMH_E_1965_095_001_
items/2018/07/17/CNRSMH_E_1965_096_001/CNRSMH_E_1965_096_001_01.wav;CNRSMH_E_1965_096_001_
items/2018/07/17/CNRSMH_E_1965_097_001/CNRSMH_E_1965_097_001_01.wav;CNRSMH_E_1965_097_001_
items/2018/07/17/CNRSMH_E_1965_098_001/CNRSMH_E_1965_098_001_02.wav;CNRSMH_E_1965_098_001_
items/2018/07/17/CNRSMH_E_1965_099_001/CNRSMH_E_1965_099_001_01.wav;CNRSMH_E_1965_099_001_
items/2018/07/17/CNRSMH_E_1965_099_001/CNRSMH_E_1965_099_001_02.wav;CNRSMH_E_1965_099_001_
items/2018/07/17/CNRSMH_E_1965_100_001/CNRSMH_E_1965_100_001_01.wav;CNRSMH_E_1965_100_001_
items/2018/07/17/CNRSMH_E_1965_100_001/CNRSMH_E_1965_100_001_02.wav;CNRSMH_E_1965_100_001_
items/2018/07/17/CNRSMH_E_1965_101_001/CNRSMH_E_1965_101_001_01.wav;CNRSMH_E_1965_101_001_
items/2018/07/17/CNRSMH_E_1965_102_001/CNRSMH_E_1965_102_001_01.wav;CNRSMH_E_1965_102_001_
items/2018/07/17/CNRSMH_E_1965_102_001/CNRSMH_E_1965_102_001_02.wav;CNRSMH_E_1965_102_001_
items/2018/07/17/CNRSMH_E_1965_103_001/CNRSMH_E_1965_103_001_01.wav;CNRSMH_E_1965_103_001_
items/2018/07/17/CNRSMH_E_1965_104_001/CNRSMH_E_1965_104_001_01.wav;CNRSMH_E_1965_104_001_
items/2018/07/17/CNRSMH_E_1965_104_001/CNRSMH_E_1965_104_001_02.wav;CNRSMH_E_1965_104_001_
items/2018/07/17/CNRSMH_E_1965_105_001/CNRSMH_E_1965_105_001_01.wav;CNRSMH_E_1965_105_001_
items/2018/07/17/CNRSMH_E_1965_105_001/CNRSMH_E_1965_105_001_02.wav;CNRSMH_E_1965_105_001_
items/2018/07/17/CNRSMH_E_1965_106_001/CNRSMH_E_1965_106_001_01.wav;CNRSMH_E_1965_106_001_
items/2018/07/17/CNRSMH_E_1965_106_001/CNRSMH_E_1965_106_001_02.wav;CNRSMH_E_1965_106_001_
items/2018/07/17/CNRSMH_E_1965_107_001/CNRSMH_E_1965_107_001_02.wav;CNRSMH_E_1965_107_001_
items/2018/07/17/CNRSMH_E_1965_108_001/CNRSMH_E_1965_108_001_01.wav;CNRSMH_E_1965_108_001_
items/2018/07/17/CNRSMH_E_1965_108_001/CNRSMH_E_1965_108_001_02.wav;CNRSMH_E_1965_108_001_
items/2018/07/17/CNRSMH_E_1965_109_001/CNRSMH_E_1965_109_001_02.wav;CNRSMH_E_1965_109_001_
items/2018/07/17/CNRSMH_E_1965_110_001/CNRSMH_E_1965_110_001_02.wav;CNRSMH_E_1965_110_001_
items/2018/07/17/CNRSMH_E_1965_111_001/CNRSMH_E_1965_111_001_01.wav;CNRSMH_E_1965_111_001_
items/2018/07/17/CNRSMH_E_1965_113_001/CNRSMH_E_1965_113_001_01.wav;CNRSMH_E_1965_113_001_
items/2018/07/17/CNRSMH_E_1965_113_001/CNRSMH_E_1965_113_001_02.wav;CNRSMH_E_1965_113_001_
items/2018/07/17/CNRSMH_E_1965_114_001/CNRSMH_E_1965_114_001_01.wav;CNRSMH_E_1965_114_001_
items/2018/07/17/CNRSMH_E_1965_114_001/CNRSMH_E_1965_114_001_02.wav;CNRSMH_E_1965_114_001_
items/2018/07/17/CNRSMH_E_1965_115_001/CNRSMH_E_1965_115_001_01.wav;CNRSMH_E_1965_115_001_
items/2018/07/17/CNRSMH_E_1965_116_001/CNRSMH_E_1965_116_001_02.wav;CNRSMH_E_1965_116_001_
items/2018/07/17/CNRSMH_E_1965_119_001/CNRSMH_E_1965_119_001_01.wav;CNRSMH_E_1965_119_001_
items/2018/07/17/CNRSMH_E_1965_119_001/CNRSMH_E_1965_119_001_02.wav;CNRSMH_E_1965_119_001_
items/2018/07/17/CNRSMH_E_1965_120_001/CNRSMH_E_1965_120_001_01.wav;CNRSMH_E_1965_120_001_
items/2018/07/17/CNRSMH_E_1965_120_001/CNRSMH_E_1965_120_001_02.wav;CNRSMH_E_1965_120_001_
items/2018/07/17/CNRSMH_E_1965_122_001/CNRSMH_E_1965_122_001_02.wav;CNRSMH_E_1965_122_001_
items/2018/07/17/CNRSMH_E_1965_123_001/CNRSMH_E_1965_123_001_02.wav;CNRSMH_E_1965_123_001_
items/2018/07/17/CNRSMH_E_1965_124_001/CNRSMH_E_1965_124_001_01.wav;CNRSMH_E_1965_124_001_
items/2018/07/17/CNRSMH_E_1965_124_001/CNRSMH_E_1965_124_001_02.wav;CNRSMH_E_1965_124_001_
items/2018/07/17/CNRSMH_E_1965_129_001/CNRSMH_E_1965_129_001_01.wav;CNRSMH_E_1965_129_001_
items/2018/07/17/CNRSMH_E_1965_129_001/CNRSMH_E_1965_129_001_02.wav;CNRSMH_E_1965_129_001_
items/2018/07/17/CNRSMH_E_1965_130_001/CNRSMH_E_1965_130_001_01.wav;CNRSMH_E_1965_130_001_
items/2018/07/17/CNRSMH_E_1965_130_001/CNRSMH_E_1965_130_001_02.wav;CNRSMH_E_1965_130_001_
items/2018/07/17/CNRSMH_E_1965_131_001/CNRSMH_E_1965_131_001_01.wav;CNRSMH_E_1965_131_001_
items/2018/07/17/CNRSMH_E_1965_131_001/CNRSMH_E_1965_131_001_02.wav;CNRSMH_E_1965_131_001_
items/2018/07/17/CNRSMH_E_1965_134_001/CNRSMH_E_1965_134_001_01.wav;CNRSMH_E_1965_134_001_
items/2018/07/17/CNRSMH_E_1965_135_001/CNRSMH_E_1965_135_001_01.wav;CNRSMH_E_1965_135_001_
items/2018/07/17/CNRSMH_E_1965_138_001/CNRSMH_E_1965_138_001_01.wav;CNRSMH_E_1965_138_001_
items/2018/07/17/CNRSMH_E_1965_138_001/CNRSMH_E_1965_138_001_02.wav;CNRSMH_E_1965_138_001_
items/2018/07/17/CNRSMH_E_1965_139_001/CNRSMH_E_1965_139_001_02.wav;CNRSMH_E_1965_139_001_
items/2018/07/17/CNRSMH_E_1965_140_001/CNRSMH_E_1965_140_001_01.wav;CNRSMH_E_1965_140_001_
items/2018/07/17/CNRSMH_E_1965_140_001/CNRSMH_E_1965_140_001_02.wav;CNRSMH_E_1965_140_001_
items/2018/07/17/CNRSMH_E_1965_141_001/CNRSMH_E_1965_141_001_01.wav;CNRSMH_E_1965_141_001_
items/2018/07/17/CNRSMH_E_1965_141_001/CNRSMH_E_1965_141_001_02.wav;CNRSMH_E_1965_141_001_
items/2018/07/17/CNRSMH_E_1965_142_001/CNRSMH_E_1965_142_001_01.wav;CNRSMH_E_1965_142_001_
items/2018/07/17/CNRSMH_E_1965_142_001/CNRSMH_E_1965_142_001_02.wav;CNRSMH_E_1965_142_001_
items/2018/07/17/CNRSMH_E_1965_143_001/CNRSMH_E_1965_143_001_01.wav;CNRSMH_E_1965_143_001_
items/2018/07/17/CNRSMH_E_1965_143_001/CNRSMH_E_1965_143_001_02.wav;CNRSMH_E_1965_143_001_
items/2018/07/17/CNRSMH_E_1965_145_001/CNRSMH_E_1965_145_001_01.wav;CNRSMH_E_1965_145_001_
items/2018/07/17/CNRSMH_E_1965_145_001/CNRSMH_E_1965_145_001_02.wav;CNRSMH_E_1965_145_001_
items/2018/07/17/CNRSMH_E_1965_146_001/CNRSMH_E_1965_146_001_02.wav;CNRSMH_E_1965_146_001_
items/2018/07/17/CNRSMH_E_1965_147_001/CNRSMH_E_1965_147_001_02.wav;CNRSMH_E_1965_147_001_
items/2018/07/17/CNRSMH_E_1965_149_001/CNRSMH_E_1965_149_001_02.wav;CNRSMH_E_1965_149_001_
items/2018/07/17/CNRSMH_E_1965_150_001/CNRSMH_E_1965_150_001_01.wav;CNRSMH_E_1965_150_001_
items/2018/07/17/CNRSMH_E_1965_150_001/CNRSMH_E_1965_150_001_02.wav;CNRSMH_E_1965_150_001_
items/2018/07/17/CNRSMH_E_1965_151_001/CNRSMH_E_1965_151_001_01.wav;CNRSMH_E_1965_151_001_
items/2018/07/17/CNRSMH_E_1965_151_001/CNRSMH_E_1965_151_001_02.wav;CNRSMH_E_1965_151_001_
items/2018/07/17/CNRSMH_E_1965_152_001/CNRSMH_E_1965_152_001_02.wav;CNRSMH_E_1965_152_001_
items/2018/07/17/CNRSMH_E_1966_004_002/CNRSMH_E_1966_004_002_001_01.wav;CNRSMH_E_1966_004_002_
items/2018/07/17/CNRSMH_E_1966_004_002/CNRSMH_E_1966_004_002_001_02.wav;CNRSMH_E_1966_004_002_
items/2018/07/17/CNRSMH_E_1966_004_002/CNRSMH_E_1966_004_002_001_03.wav;CNRSMH_E_1966_004_002_
items/2018/07/17/CNRSMH_E_1966_004_002/CNRSMH_E_1966_004_002_001_04.wav;CNRSMH_E_1966_004_002_
items/2018/07/17/CNRSMH_E_1966_004_002/CNRSMH_E_1966_004_002_001_05.wav;CNRSMH_E_1966_004_002_
items/2018/07/17/CNRSMH_E_1966_004_002/CNRSMH_E_1966_004_002_001_06.wav;CNRSMH_E_1966_004_002_
items/2018/07/17/CNRSMH_E_1966_004_002/CNRSMH_E_1966_004_002_001_07.wav;CNRSMH_E_1966_004_002_
items/2018/07/17/CNRSMH_E_1966_004_002/CNRSMH_E_1966_004_002_001_08.wav;CNRSMH_E_1966_004_002_
items/2018/07/17/CNRSMH_E_1966_004_002/CNRSMH_E_1966_004_002_001_09.wav;CNRSMH_E_1966_004_002_
items/2018/07/17/CNRSMH_E_1966_004_002/CNRSMH_E_1966_004_002_001_10.wav;CNRSMH_E_1966_004_002_
items/2018/07/17/CNRSMH_E_1968_006_001/CNRSMH_E_1968_006_001_01.wav;CNRSMH_E_1968_006_001_
items/2018/07/17/CNRSMH_E_1968_006_001/CNRSMH_E_1968_006_001_02.wav;CNRSMH_E_1968_006_001_
items/2018/07/17/CNRSMH_E_1968_006_001/CNRSMH_E_1968_006_001_03.wav;CNRSMH_E_1968_006_001_
items/2018/07/17/CNRSMH_E_1968_006_001/CNRSMH_E_1968_006_001_04.wav;CNRSMH_E_1968_006_001_
items/2018/07/17/CNRSMH_E_1968_006_001/CNRSMH_E_1968_006_001_05.wav;CNRSMH_E_1968_006_001_
items/2018/07/17/CNRSMH_E_1968_006_001/CNRSMH_E_1968_006_001_06.wav;CNRSMH_E_1968_006_001_
items/2018/07/17/CNRSMH_E_1968_006_001/CNRSMH_E_1968_006_001_07.wav;CNRSMH_E_1968_006_001_
items/2018/07/17/CNRSMH_E_1968_006_001/CNRSMH_E_1968_006_001_08.wav;CNRSMH_E_1968_006_001_
items/2018/07/17/CNRSMH_E_1969_006_016/CNRSMH_E_1969_006_016_01.wav;CNRSMH_E_1969_006_016_
items/2018/07/17/CNRSMH_E_1969_006_016/CNRSMH_E_1969_006_016_02.wav;CNRSMH_E_1969_006_016_
items/2018/07/17/CNRSMH_E_1969_006_016/CNRSMH_E_1969_006_016_03.wav;CNRSMH_E_1969_006_016_
items/2018/07/17/CNRSMH_E_1969_006_016/CNRSMH_E_1969_006_016_04.wav;CNRSMH_E_1969_006_016_
items/2018/07/17/CNRSMH_E_1969_006_016/CNRSMH_E_1969_006_016_05.wav;CNRSMH_E_1969_006_016_
items/2018/07/17/CNRSMH_E_1969_006_016/CNRSMH_E_1969_006_016_06.wav;CNRSMH_E_1969_006_016_
items/2018/07/17/CNRSMH_E_1969_006_016/CNRSMH_E_1969_006_016_07.wav;CNRSMH_E_1969_006_016_
items/2018/07/17/CNRSMH_E_1969_006_016/CNRSMH_E_1969_006_016_08.wav;CNRSMH_E_1969_006_016_
items/2018/07/17/CNRSMH_E_1969_006_016/CNRSMH_E_1969_006_016_09.wav;CNRSMH_E_1969_006_016_
items/2018/07/17/CNRSMH_E_1969_006_016/CNRSMH_E_1969_006_016_10.wav;CNRSMH_E_1969_006_016_
items/2018/07/17/CNRSMH_E_1969_006_016/CNRSMH_E_1969_006_016_11.wav;CNRSMH_E_1969_006_016_
items/2018/07/17/CNRSMH_E_1969_006_016/CNRSMH_E_1969_006_016_12.wav;CNRSMH_E_1969_006_016_
items/2018/07/17/CNRSMH_E_1969_006_016/CNRSMH_E_1969_006_016_13.wav;CNRSMH_E_1969_006_016_
items/2018/07/17/CNRSMH_E_1969_006_016/CNRSMH_E_1969_006_016_14.wav;CNRSMH_E_1969_006_016_
items/2018/07/17/CNRSMH_E_1969_006_016/CNRSMH_E_1969_006_016_15.wav;CNRSMH_E_1969_006_016_
items/2018/07/17/CNRSMH_E_1969_006_017/CNRSMH_E_1969_006_017_01.wav;CNRSMH_E_1969_006_017_
items/2018/07/17/CNRSMH_E_1969_006_017/CNRSMH_E_1969_006_017_02.wav;CNRSMH_E_1969_006_017_
items/2018/07/17/CNRSMH_E_1969_006_017/CNRSMH_E_1969_006_017_03.wav;CNRSMH_E_1969_006_017_
items/2018/07/17/CNRSMH_E_1969_006_017/CNRSMH_E_1969_006_017_04.wav;CNRSMH_E_1969_006_017_
items/2018/07/17/CNRSMH_E_1969_006_017/CNRSMH_E_1969_006_017_05.wav;CNRSMH_E_1969_006_017_
items/2018/07/17/CNRSMH_E_1969_006_017/CNRSMH_E_1969_006_017_06.wav;CNRSMH_E_1969_006_017_
items/2018/07/17/CNRSMH_E_1969_006_017/CNRSMH_E_1969_006_017_07.wav;CNRSMH_E_1969_006_017_
items/2018/07/17/CNRSMH_E_1969_006_017/CNRSMH_E_1969_006_017_08.wav;CNRSMH_E_1969_006_017_
items/2018/07/17/CNRSMH_E_1969_006_017/CNRSMH_E_1969_006_017_09.wav;CNRSMH_E_1969_006_017_
items/2018/07/17/CNRSMH_E_1969_006_017/CNRSMH_E_1969_006_017_10.wav;CNRSMH_E_1969_006_017_
items/2018/07/17/CNRSMH_E_1969_006_017/CNRSMH_E_1969_006_017_11.wav;CNRSMH_E_1969_006_017_
items/2018/07/17/CNRSMH_E_1969_006_017/CNRSMH_E_1969_006_017_12.wav;CNRSMH_E_1969_006_017_
items/2018/07/17/CNRSMH_E_1969_006_017/CNRSMH_E_1969_006_017_13.wav;CNRSMH_E_1969_006_017_
items/2018/07/17/CNRSMH_E_1969_006_017/CNRSMH_E_1969_006_017_14.wav;CNRSMH_E_1969_006_017_
items/2018/07/17/CNRSMH_E_1969_006_017/CNRSMH_E_1969_006_017_15.wav;CNRSMH_E_1969_006_017_
items/2018/07/17/CNRSMH_E_1969_006_017/CNRSMH_E_1969_006_017_16.wav;CNRSMH_E_1969_006_017_
items/2018/07/17/CNRSMH_E_1969_006_019/CNRSMH_E_1969_006_019_01.wav;CNRSMH_E_1969_006_019_
items/2018/07/17/CNRSMH_E_1969_006_019/CNRSMH_E_1969_006_019_02.wav;CNRSMH_E_1969_006_019_
items/2018/07/17/CNRSMH_E_1969_006_019/CNRSMH_E_1969_006_019_03.wav;CNRSMH_E_1969_006_019_
items/2018/07/17/CNRSMH_E_1969_006_019/CNRSMH_E_1969_006_019_04.wav;CNRSMH_E_1969_006_019_
items/2018/07/17/CNRSMH_E_1969_006_019/CNRSMH_E_1969_006_019_05.wav;CNRSMH_E_1969_006_019_
items/2018/07/17/CNRSMH_E_1969_006_019/CNRSMH_E_1969_006_019_06.wav;CNRSMH_E_1969_006_019_
items/2018/07/17/CNRSMH_E_1969_006_019/CNRSMH_E_1969_006_019_07.wav;CNRSMH_E_1969_006_019_
items/2018/07/17/CNRSMH_E_1969_006_019/CNRSMH_E_1969_006_019_08.wav;CNRSMH_E_1969_006_019_
items/2018/07/17/CNRSMH_E_1969_006_019/CNRSMH_E_1969_006_019_09.wav;CNRSMH_E_1969_006_019_
items/2018/07/17/CNRSMH_E_1969_006_019/CNRSMH_E_1969_006_019_10.wav;CNRSMH_E_1969_006_019_
items/2018/07/17/CNRSMH_E_1969_006_019/CNRSMH_E_1969_006_019_11.wav;CNRSMH_E_1969_006_019_
items/2018/07/17/CNRSMH_E_1969_006_019/CNRSMH_E_1969_006_019_12.wav;CNRSMH_E_1969_006_019_
items/2018/07/17/CNRSMH_E_1969_006_019/CNRSMH_E_1969_006_019_13.wav;CNRSMH_E_1969_006_019_
items/2018/07/17/CNRSMH_E_1969_006_019/CNRSMH_E_1969_006_019_14.wav;CNRSMH_E_1969_006_019_
items/2018/07/17/CNRSMH_E_1969_006_020/CNRSMH_E_1969_006_020_001_01.wav;CNRSMH_E_1969_006_020_
items/2018/07/17/CNRSMH_E_1969_006_020/CNRSMH_E_1969_006_020_001_02.wav;CNRSMH_E_1969_006_020_
items/2018/07/17/CNRSMH_E_1969_006_020/CNRSMH_E_1969_006_020_001_03.wav;CNRSMH_E_1969_006_020_
items/2018/07/17/CNRSMH_E_1969_006_020/CNRSMH_E_1969_006_020_001_04.wav;CNRSMH_E_1969_006_020_
items/2018/07/17/CNRSMH_E_1969_006_020/CNRSMH_E_1969_006_020_001_05.wav;CNRSMH_E_1969_006_020_
items/2018/07/17/CNRSMH_E_1969_006_020/CNRSMH_E_1969_006_020_001_06.wav;CNRSMH_E_1969_006_020_
items/2018/07/17/CNRSMH_E_1969_006_020/CNRSMH_E_1969_006_020_001_07.wav;CNRSMH_E_1969_006_020_
items/2018/07/17/CNRSMH_E_1969_006_020/CNRSMH_E_1969_006_020_001_08.wav;CNRSMH_E_1969_006_020_
items/2018/07/17/CNRSMH_E_1969_006_020/CNRSMH_E_1969_006_020_001_09.wav;CNRSMH_E_1969_006_020_
items/2018/07/17/CNRSMH_E_1969_006_020/CNRSMH_E_1969_006_020_001_10.wav;CNRSMH_E_1969_006_020_
items/2018/07/17/CNRSMH_E_1969_006_020/CNRSMH_E_1969_006_020_001_11.wav;CNRSMH_E_1969_006_020_
items/2018/07/17/CNRSMH_E_1969_006_020/CNRSMH_E_1969_006_020_001_12.wav;CNRSMH_E_1969_006_020_
items/2018/07/17/CNRSMH_E_1969_006_020/CNRSMH_E_1969_006_020_001_13.wav;CNRSMH_E_1969_006_020_
items/2018/07/17/CNRSMH_E_1969_006_020/CNRSMH_E_1969_006_020_001_14.wav;CNRSMH_E_1969_006_020_
items/2018/07/17/CNRSMH_E_1969_006_020/CNRSMH_E_1969_006_020_001_15.wav;CNRSMH_E_1969_006_020_
items/2018/07/17/CNRSMH_E_1969_006_020/CNRSMH_E_1969_006_020_001_16.wav;CNRSMH_E_1969_006_020_
items/2018/07/17/CNRSMH_E_1969_006_020/CNRSMH_E_1969_006_020_001_17.wav;CNRSMH_E_1969_006_020_
items/2018/07/17/CNRSMH_E_1969_006_020/CNRSMH_E_1969_006_020_001_18.wav;CNRSMH_E_1969_006_020_
items/2018/07/17/CNRSMH_E_1969_006_020/CNRSMH_E_1969_006_020_001_19.wav;CNRSMH_E_1969_006_020_
items/2018/07/17/CNRSMH_E_1969_006_020/CNRSMH_E_1969_006_020_001_20.wav;CNRSMH_E_1969_006_020_
items/2018/07/17/CNRSMH_E_1969_010_001/CNRSMH_E_1969_010_001_001_03.wav;CNRSMH_E_1969_010_001_
items/2018/07/17/CNRSMH_E_1969_010_001/CNRSMH_E_1969_010_001_001_04.wav;CNRSMH_E_1969_010_001_
items/2018/07/17/CNRSMH_E_1969_010_001/CNRSMH_E_1969_010_001_001_05.wav;CNRSMH_E_1969_010_001_
items/2018/07/17/CNRSMH_E_1969_010_001/CNRSMH_E_1969_010_001_001_06.wav;CNRSMH_E_1969_010_001_
items/2018/07/17/CNRSMH_E_1969_010_001/CNRSMH_E_1969_010_001_001_07.wav;CNRSMH_E_1969_010_001_
items/2018/07/17/CNRSMH_E_1969_010_001/CNRSMH_E_1969_010_001_001_08.wav;CNRSMH_E_1969_010_001_
items/2018/07/17/CNRSMH_E_1969_010_001/CNRSMH_E_1969_010_001_001_09.wav;CNRSMH_E_1969_010_001_
items/2018/07/17/CNRSMH_E_1969_010_001/CNRSMH_E_1969_010_001_001_10.wav;CNRSMH_E_1969_010_001_
items/2018/07/17/CNRSMH_E_1969_010_001/CNRSMH_E_1969_010_001_001_11.wav;CNRSMH_E_1969_010_001_
items/2018/07/17/CNRSMH_E_1969_010_001/CNRSMH_E_1969_010_001_001_12.wav;CNRSMH_E_1969_010_001_
items/2018/07/17/CNRSMH_E_1969_010_001/CNRSMH_E_1969_010_001_001_13.wav;CNRSMH_E_1969_010_001_
items/2018/07/17/CNRSMH_E_1969_010_001/CNRSMH_E_1969_010_001_001_14.wav;CNRSMH_E_1969_010_001_
items/2018/07/17/CNRSMH_E_1969_010_001/CNRSMH_E_1969_010_001_001_15.wav;CNRSMH_E_1969_010_001_
items/2018/07/17/CNRSMH_E_1969_010_001/CNRSMH_E_1969_010_001_001_16.wav;CNRSMH_E_1969_010_001_
items/2018/07/17/CNRSMH_E_1969_010_001/CNRSMH_E_1969_010_001_001_17.wav;CNRSMH_E_1969_010_001_
items/2018/07/17/CNRSMH_E_1969_010_001/CNRSMH_E_1969_010_001_001_18.wav;CNRSMH_E_1969_010_001_
items/2018/07/17/CNRSMH_E_1969_010_001/CNRSMH_E_1969_010_001_001_19.wav;CNRSMH_E_1969_010_001_
items/2018/07/17/CNRSMH_E_1969_010_001/CNRSMH_E_1969_010_001_001_20.wav;CNRSMH_E_1969_010_001_
items/2018/07/17/CNRSMH_E_1969_010_001/CNRSMH_E_1969_010_001_001_21.wav;CNRSMH_E_1969_010_001_
items/2018/07/17/CNRSMH_E_1969_010_001/CNRSMH_E_1969_010_001_001_22.wav;CNRSMH_E_1969_010_001_
items/2018/07/17/CNRSMH_E_1969_010_001/CNRSMH_E_1969_010_001_002_01.wav;CNRSMH_E_1969_010_001_
items/2018/07/17/CNRSMH_E_1969_010_001/CNRSMH_E_1969_010_001_002_02.wav;CNRSMH_E_1969_010_001_
items/2018/07/17/CNRSMH_E_1969_010_001/CNRSMH_E_1969_010_001_002_03.wav;CNRSMH_E_1969_010_001_
items/2018/07/17/CNRSMH_E_1969_010_001/CNRSMH_E_1969_010_001_002_04.wav;CNRSMH_E_1969_010_001_
items/2018/07/17/CNRSMH_E_1969_010_001/CNRSMH_E_1969_010_001_002_05.wav;CNRSMH_E_1969_010_001_
items/2018/07/17/CNRSMH_E_1969_010_001/CNRSMH_E_1969_010_001_002_06.wav;CNRSMH_E_1969_010_001_
items/2018/07/17/CNRSMH_E_1969_010_001/CNRSMH_E_1969_010_001_002_07.wav;CNRSMH_E_1969_010_001_
items/2018/07/17/CNRSMH_E_1969_010_001/CNRSMH_E_1969_010_001_002_08.wav;CNRSMH_E_1969_010_001_
items/2018/07/17/CNRSMH_E_1969_010_001/CNRSMH_E_1969_010_001_002_09.wav;CNRSMH_E_1969_010_001_
items/2018/07/17/CNRSMH_E_1969_010_001/CNRSMH_E_1969_010_001_002_10.wav;CNRSMH_E_1969_010_001_
items/2018/07/17/CNRSMH_E_1969_010_001/CNRSMH_E_1969_010_001_002_11.wav;CNRSMH_E_1969_010_001_
items/2018/07/17/CNRSMH_E_1969_010_001/CNRSMH_E_1969_010_001_002_12.wav;CNRSMH_E_1969_010_001_
items/2018/07/17/CNRSMH_E_1969_010_001/CNRSMH_E_1969_010_001_002_13.wav;CNRSMH_E_1969_010_001_
items/2018/07/17/CNRSMH_E_1969_010_001/CNRSMH_E_1969_010_001_002_14.wav;CNRSMH_E_1969_010_001_
items/2018/07/17/CNRSMH_E_1969_010_001/CNRSMH_E_1969_010_001_002_15.wav;CNRSMH_E_1969_010_001_
items/2018/07/17/CNRSMH_E_1969_010_001/CNRSMH_E_1969_010_001_002_16.wav;CNRSMH_E_1969_010_001_
items/2018/07/17/CNRSMH_E_1969_010_001_001_01.wav;CNRSMH_E_1969_010_001_
items/2018/07/17/CNRSMH_E_1969_018_007/CNRSMH_E_1969_018_007_001_02.wav;CNRSMH_E_1969_018_007_
items/2018/07/17/CNRSMH_E_1969_018_007/CNRSMH_E_1969_018_007_001_03.wav;CNRSMH_E_1969_018_007_
items/2018/07/17/CNRSMH_E_1969_018_007/CNRSMH_E_1969_018_007_001_04.wav;CNRSMH_E_1969_018_007_
items/2018/07/17/CNRSMH_E_1969_018_007/CNRSMH_E_1969_018_007_001_05.wav;CNRSMH_E_1969_018_007_
items/2018/07/17/CNRSMH_E_1969_018_007/CNRSMH_E_1969_018_007_001_06.wav;CNRSMH_E_1969_018_007_
items/2018/07/17/CNRSMH_E_1969_018_007/CNRSMH_E_1969_018_007_001_07.wav;CNRSMH_E_1969_018_007_
items/2018/07/17/CNRSMH_E_1969_018_007/CNRSMH_E_1969_018_007_001_08.wav;CNRSMH_E_1969_018_007_
items/2018/07/17/CNRSMH_E_1969_018_007/CNRSMH_E_1969_018_007_001_09.wav;CNRSMH_E_1969_018_007_
items/2018/07/17/CNRSMH_E_1969_018_007_001_01.wav;CNRSMH_E_1969_018_007_
items/2018/07/17/CNRSMH_E_1969_018_008/CNRSMH_E_1969_018_008_01.wav;CNRSMH_E_1969_018_008_
items/2018/07/17/CNRSMH_E_1969_018_008/CNRSMH_E_1969_018_008_02.wav;CNRSMH_E_1969_018_008_
items/2018/07/17/CNRSMH_E_1969_018_008/CNRSMH_E_1969_018_008_03.wav;CNRSMH_E_1969_018_008_
items/2018/07/17/CNRSMH_E_1969_018_008/CNRSMH_E_1969_018_008_04.wav;CNRSMH_E_1969_018_008_
items/2018/07/17/CNRSMH_E_1969_018_008/CNRSMH_E_1969_018_008_05.wav;CNRSMH_E_1969_018_008_
items/2018/07/17/CNRSMH_E_1969_018_009/CNRSMH_E_1969_018_009_001_02.wav;CNRSMH_E_1969_018_009_
items/2018/07/17/CNRSMH_E_1969_018_009/CNRSMH_E_1969_018_009_001_03.wav;CNRSMH_E_1969_018_009_
items/2018/07/17/CNRSMH_E_1969_018_009/CNRSMH_E_1969_018_009_001_04.wav;CNRSMH_E_1969_018_009_
items/2018/07/17/CNRSMH_E_1969_018_009/CNRSMH_E_1969_018_009_001_05.wav;CNRSMH_E_1969_018_009_
items/2018/07/17/CNRSMH_E_1969_018_009_001_01.wav;CNRSMH_E_1969_018_009_
items/2018/07/17/CNRSMH_E_1969_022_006/CNRSMH_E_1969_022_006_001_02.wav;CNRSMH_E_1969_022_006_
items/2018/07/17/CNRSMH_E_1969_022_006/CNRSMH_E_1969_022_006_001_03.wav;CNRSMH_E_1969_022_006_
items/2018/07/17/CNRSMH_E_1969_022_006_001_01.wav;CNRSMH_E_1969_022_006_
items/2018/07/17/CNRSMH_E_1969_022_007/CNRSMH_E_1969_022_007_001_02.wav;CNRSMH_E_1969_022_007_
items/2018/07/17/CNRSMH_E_1969_022_007/CNRSMH_E_1969_022_007_001_03.wav;CNRSMH_E_1969_022_007_
items/2018/07/17/CNRSMH_E_1970_017_014/CNRSMH_E_1970_017_014_001_02.wav;CNRSMH_E_1970_017_014_
items/2018/07/17/CNRSMH_E_1970_017_014/CNRSMH_E_1970_017_014_001_03.wav;CNRSMH_E_1970_017_014_
items/2018/07/17/CNRSMH_E_1970_017_014/CNRSMH_E_1970_017_014_001_04.wav;CNRSMH_E_1970_017_014_
items/2018/07/17/CNRSMH_E_1970_017_014/CNRSMH_E_1970_017_014_001_05.wav;CNRSMH_E_1970_017_014_
items/2018/07/17/CNRSMH_E_1970_017_015/CNRSMH_E_1970_017_015_001_02.wav;CNRSMH_E_1970_017_015_
items/2018/07/17/CNRSMH_E_1970_017_015/CNRSMH_E_1970_017_015_001_03.wav;CNRSMH_E_1970_017_015_
items/2018/07/17/CNRSMH_E_1970_017_015/CNRSMH_E_1970_017_015_001_04.wav;CNRSMH_E_1970_017_015_
items/2018/07/17/CNRSMH_E_1970_017_015/CNRSMH_E_1970_017_015_001_05.wav;CNRSMH_E_1970_017_015_
items/2018/07/17/CNRSMH_E_1970_017_015/CNRSMH_E_1970_017_015_001_06.wav;CNRSMH_E_1970_017_015_
items/2018/07/17/CNRSMH_E_1970_017_030/CNRSMH_E_1970_017_030_001_02.wav;CNRSMH_E_1970_017_030_
items/2018/07/17/CNRSMH_E_1970_017_030/CNRSMH_E_1970_017_030_001_03.wav;CNRSMH_E_1970_017_030_
items/2018/07/17/CNRSMH_E_1970_017_030/CNRSMH_E_1970_017_030_001_04.wav;CNRSMH_E_1970_017_030_
items/2018/07/17/CNRSMH_E_1970_017_030/CNRSMH_E_1970_017_030_001_05.wav;CNRSMH_E_1970_017_030_
items/2018/07/17/CNRSMH_E_1970_017_030/CNRSMH_E_1970_017_030_001_06.wav;CNRSMH_E_1970_017_030_
items/2018/07/17/CNRSMH_E_1970_017_030/CNRSMH_E_1970_017_030_001_07.wav;CNRSMH_E_1970_017_030_
items/2018/07/17/CNRSMH_E_1970_017_030/CNRSMH_E_1970_017_030_001_08.wav;CNRSMH_E_1970_017_030_
items/2018/07/17/CNRSMH_E_1970_017_030/CNRSMH_E_1970_017_030_001_09.wav;CNRSMH_E_1970_017_030_
items/2018/07/17/CNRSMH_E_1970_017_030/CNRSMH_E_1970_017_030_001_10.wav;CNRSMH_E_1970_017_030_
items/2018/07/17/CNRSMH_E_1970_017_031/CNRSMH_E_1970_017_031_02.wav;CNRSMH_E_1970_017_031_
items/2018/07/17/CNRSMH_E_1970_017_031/CNRSMH_E_1970_017_031_03.wav;CNRSMH_E_1970_017_031_
items/2018/07/17/CNRSMH_E_1970_017_031/CNRSMH_E_1970_017_031_04.wav;CNRSMH_E_1970_017_031_
items/2018/07/17/CNRSMH_E_1970_017_031/CNRSMH_E_1970_017_031_05.wav;CNRSMH_E_1970_017_031_
items/2018/07/17/CNRSMH_E_1972_003_008/CNRSMH_E_1972_003_008_001_02.wav;CNRSMH_E_1972_003_008_
items/2018/07/17/CNRSMH_E_1972_003_008/CNRSMH_E_1972_003_008_001_03.wav;CNRSMH_E_1972_003_008_
items/2018/07/17/CNRSMH_E_1972_003_008/CNRSMH_E_1972_003_008_001_04.wav;CNRSMH_E_1972_003_008_
items/2018/07/17/CNRSMH_E_1972_003_008/CNRSMH_E_1972_003_008_001_05.wav;CNRSMH_E_1972_003_008_
items/2018/07/17/CNRSMH_E_1972_003_008/CNRSMH_E_1972_003_008_001_06.wav;CNRSMH_E_1972_003_008_
items/2018/07/17/CNRSMH_E_1974_009_002/CNRSMH_E_1974_009_002_001_02.wav;CNRSMH_E_1974_009_002_
items/2018/07/17/CNRSMH_E_1974_009_002/CNRSMH_E_1974_009_002_001_03.wav;CNRSMH_E_1974_009_002_
items/2018/07/17/CNRSMH_E_1974_009_002/CNRSMH_E_1974_009_002_001_04.wav;CNRSMH_E_1974_009_002_
items/2018/07/17/CNRSMH_E_1974_009_002/CNRSMH_E_1974_009_002_001_05.wav;CNRSMH_E_1974_009_002_
items/2018/07/17/CNRSMH_E_1974_009_003/CNRSMH_E_1974_009_003_001_02.wav;CNRSMH_E_1974_009_003_
items/2018/07/17/CNRSMH_E_1974_009_003/CNRSMH_E_1974_009_003_001_03.wav;CNRSMH_E_1974_009_003_
items/2018/07/17/CNRSMH_E_1974_009_003/CNRSMH_E_1974_009_003_001_04.wav;CNRSMH_E_1974_009_003_
items/2018/07/17/CNRSMH_E_1974_009_004/CNRSMH_E_1974_009_004_001_02.wav;CNRSMH_E_1974_009_004_
items/2018/07/17/CNRSMH_E_1974_009_004/CNRSMH_E_1974_009_004_001_03.wav;CNRSMH_E_1974_009_004_
items/2018/07/17/CNRSMH_E_1974_009_004/CNRSMH_E_1974_009_004_001_04.wav;CNRSMH_E_1974_009_004_
items/2018/07/17/CNRSMH_E_1974_009_004/CNRSMH_E_1974_009_004_001_05.wav;CNRSMH_E_1974_009_004_
items/2018/07/17/CNRSMH_E_1974_009_004/CNRSMH_E_1974_009_004_001_06.wav;CNRSMH_E_1974_009_004_
items/2018/07/17/CNRSMH_E_1974_009_004/CNRSMH_E_1974_009_004_001_07.wav;CNRSMH_E_1974_009_004_
items/2018/07/17/CNRSMH_E_1974_009_004/CNRSMH_E_1974_009_004_001_08.wav;CNRSMH_E_1974_009_004_
items/2018/07/17/CNRSMH_E_1974_009_004/CNRSMH_E_1974_009_004_001_09.wav;CNRSMH_E_1974_009_004_
items/2018/07/17/CNRSMH_E_1974_009_004/CNRSMH_E_1974_009_004_001_10.wav;CNRSMH_E_1974_009_004_
items/2018/07/17/CNRSMH_E_1974_009_004/CNRSMH_E_1974_009_004_001_11.wav;CNRSMH_E_1974_009_004_
items/2018/07/17/CNRSMH_E_1974_009_004/CNRSMH_E_1974_009_004_001_12.wav;CNRSMH_E_1974_009_004_
items/2018/07/17/CNRSMH_E_1974_009_005/CNRSMH_E_1974_009_005_001_02.wav;CNRSMH_E_1974_009_005_
items/2018/07/17/CNRSMH_E_1974_009_005/CNRSMH_E_1974_009_005_001_03.wav;CNRSMH_E_1974_009_005_
items/2018/07/17/CNRSMH_E_1974_009_005/CNRSMH_E_1974_009_005_001_04.wav;CNRSMH_E_1974_009_005_
items/2018/07/17/CNRSMH_E_1974_009_005/CNRSMH_E_1974_009_005_001_05.wav;CNRSMH_E_1974_009_005_
items/2018/07/17/CNRSMH_E_1974_009_005/CNRSMH_E_1974_009_005_001_06.wav;CNRSMH_E_1974_009_005_
items/2018/07/17/CNRSMH_E_1977_005_003/CNRSMH_E_1977_005_003_01.wav;CNRSMH_E_1977_005_003_
items/2018/07/17/CNRSMH_E_1977_005_003/CNRSMH_E_1977_005_003_02.wav;CNRSMH_E_1977_005_003_
items/2018/07/17/CNRSMH_E_1977_005_003/CNRSMH_E_1977_005_003_03.wav;CNRSMH_E_1977_005_003_
items/2018/07/17/CNRSMH_E_1977_005_003/CNRSMH_E_1977_005_003_04.wav;CNRSMH_E_1977_005_003_
items/2018/07/17/CNRSMH_E_1977_005_003/CNRSMH_E_1977_005_003_05.wav;CNRSMH_E_1977_005_003_
items/2018/07/17/CNRSMH_E_1977_005_003/CNRSMH_E_1977_005_003_06.wav;CNRSMH_E_1977_005_003_
items/2018/07/17/CNRSMH_E_1977_005_003/CNRSMH_E_1977_005_003_07.wav;CNRSMH_E_1977_005_003_
items/2018/07/17/CNRSMH_E_1977_005_003/CNRSMH_E_1977_005_003_08.wav;CNRSMH_E_1977_005_003_
items/2018/07/17/CNRSMH_E_1977_005_003/CNRSMH_E_1977_005_003_09.wav;CNRSMH_E_1977_005_003_
items/2018/07/17/CNRSMH_E_1977_005_003/CNRSMH_E_1977_005_003_10.wav;CNRSMH_E_1977_005_003_
items/2018/07/17/CNRSMH_E_1977_005_003/CNRSMH_E_1977_005_003_11.wav;CNRSMH_E_1977_005_003_
items/2018/07/17/CNRSMH_E_1977_005_003/CNRSMH_E_1977_005_003_12.wav;CNRSMH_E_1977_005_003_
items/2018/07/17/CNRSMH_E_1977_005_003/CNRSMH_E_1977_005_003_13.wav;CNRSMH_E_1977_005_003_
items/2018/07/17/CNRSMH_E_1980_008_002/CNRSMH_E_1980_008_002_02.wav;CNRSMH_E_1980_008_002_
items/2018/07/17/CNRSMH_E_1980_008_002/CNRSMH_E_1980_008_002_03.wav;CNRSMH_E_1980_008_002_
items/2018/07/17/CNRSMH_E_1980_008_002/CNRSMH_E_1980_008_002_04.wav;CNRSMH_E_1980_008_002_
items/2018/07/17/CNRSMH_E_1980_008_002/CNRSMH_E_1980_008_002_05.wav;CNRSMH_E_1980_008_002_
items/2018/07/17/CNRSMH_E_1980_008_002/CNRSMH_E_1980_008_002_06.wav;CNRSMH_E_1980_008_002_
items/2018/07/17/CNRSMH_E_1980_008_002/CNRSMH_E_1980_008_002_07.wav;CNRSMH_E_1980_008_002_
items/2018/07/17/CNRSMH_E_1980_008_002/CNRSMH_E_1980_008_002_08.wav;CNRSMH_E_1980_008_002_
items/2018/07/17/CNRSMH_E_1980_008_002/CNRSMH_E_1980_008_002_09.wav;CNRSMH_E_1980_008_002_
items/2018/07/17/CNRSMH_E_1984_010_007/CNRSMH_E_1984_010_007_02.wav;CNRSMH_E_1984_010_007_
items/2018/07/17/CNRSMH_E_1984_010_007/CNRSMH_E_1984_010_007_03.wav;CNRSMH_E_1984_010_007_
items/2018/07/17/CNRSMH_E_1984_010_007/CNRSMH_E_1984_010_007_04.wav;CNRSMH_E_1984_010_007_
items/2018/07/17/CNRSMH_E_1984_010_007/CNRSMH_E_1984_010_007_05.wav;CNRSMH_E_1984_010_007_
items/2018/07/17/CNRSMH_E_1984_010_007/CNRSMH_E_1984_010_007_06.wav;CNRSMH_E_1984_010_007_
items/2018/07/17/CNRSMH_E_1984_010_007/CNRSMH_E_1984_010_007_07.wav;CNRSMH_E_1984_010_007_
items/2018/07/17/CNRSMH_E_1984_010_007/CNRSMH_E_1984_010_007_08.wav;CNRSMH_E_1984_010_007_
items/2018/07/17/CNRSMH_E_1984_010_007/CNRSMH_E_1984_010_007_09.wav;CNRSMH_E_1984_010_007_
items/2018/07/17/CNRSMH_E_1984_010_007/CNRSMH_E_1984_010_007_10.wav;CNRSMH_E_1984_010_007_
items/2018/07/17/CNRSMH_E_1984_010_007/CNRSMH_E_1984_010_007_11.wav;CNRSMH_E_1984_010_007_
items/2018/07/17/CNRSMH_E_1984_010_007/CNRSMH_E_1984_010_007_12.wav;CNRSMH_E_1984_010_007_
items/2018/07/17/CNRSMH_E_1984_010_007/CNRSMH_E_1984_010_007_13.wav;CNRSMH_E_1984_010_007_
items/2018/07/17/CNRSMH_E_1984_017_004/CNRSMH_E_1984_017_004_01.wav;CNRSMH_E_1984_017_004_
items/2018/07/17/CNRSMH_E_1984_017_004/CNRSMH_E_1984_017_004_02.wav;CNRSMH_E_1984_017_004_
items/2018/07/17/CNRSMH_E_1984_017_004/CNRSMH_E_1984_017_004_03.wav;CNRSMH_E_1984_017_004_
items/2018/07/17/CNRSMH_E_1984_017_004/CNRSMH_E_1984_017_004_04.wav;CNRSMH_E_1984_017_004_
items/2018/07/17/CNRSMH_E_1984_017_004/CNRSMH_E_1984_017_004_05.wav;CNRSMH_E_1984_017_004_
items/2018/07/17/CNRSMH_E_1984_017_004/CNRSMH_E_1984_017_004_06.wav;CNRSMH_E_1984_017_004_
items/2018/07/17/CNRSMH_E_1984_017_004/CNRSMH_E_1984_017_004_07.wav;CNRSMH_E_1984_017_004_
items/2018/07/17/CNRSMH_E_1984_017_004/CNRSMH_E_1984_017_004_08.wav;CNRSMH_E_1984_017_004_
items/2018/07/17/CNRSMH_E_1984_017_004/CNRSMH_E_1984_017_004_09.wav;CNRSMH_E_1984_017_004_
items/2018/07/17/CNRSMH_E_1984_017_004_10.wav;CNRSMH_E_1984_017_004_
items/2018/07/17/CNRSMH_E_1987_015_031/CNRSMH_E_1987_015_031_001_01.wav;CNRSMH_E_1987_015_031_
items/2018/07/17/CNRSMH_E_1987_015_031/CNRSMH_E_1987_015_031_001_02.wav;CNRSMH_E_1987_015_031_
items/2018/07/17/CNRSMH_E_1987_015_031/CNRSMH_E_1987_015_031_001_03.wav;CNRSMH_E_1987_015_031_
items/2018/07/17/CNRSMH_E_1987_015_031/CNRSMH_E_1987_015_031_001_04.wav;CNRSMH_E_1987_015_031_
items/2018/07/17/CNRSMH_E_1987_015_033/CNRSMH_E_1987_015_033_001_01.wav;CNRSMH_E_1987_015_033_
items/2018/07/17/CNRSMH_E_1987_015_033/CNRSMH_E_1987_015_033_001_02.wav;CNRSMH_E_1987_015_033_
items/2018/07/17/CNRSMH_E_1987_015_033/CNRSMH_E_1987_015_033_001_03.wav;CNRSMH_E_1987_015_033_
items/2018/07/17/CNRSMH_E_1987_015_033/CNRSMH_E_1987_015_033_001_04.wav;CNRSMH_E_1987_015_033_
items/2018/07/17/CNRSMH_E_1987_015_033/CNRSMH_E_1987_015_033_001_05.wav;CNRSMH_E_1987_015_033_
items/2018/07/17/CNRSMH_E_1987_015_037/CNRSMH_E_1987_015_037_01.wav;CNRSMH_E_1987_015_037_
items/2018/07/17/CNRSMH_E_1987_015_037/CNRSMH_E_1987_015_037_02.wav;CNRSMH_E_1987_015_037_
items/2018/07/17/CNRSMH_E_1987_015_037/CNRSMH_E_1987_015_037_03.wav;CNRSMH_E_1987_015_037_
items/2018/07/17/CNRSMH_E_1987_015_037/CNRSMH_E_1987_015_037_04.wav;CNRSMH_E_1987_015_037_
items/2018/07/17/CNRSMH_E_1987_015_037/CNRSMH_E_1987_015_037_05.wav;CNRSMH_E_1987_015_037_
items/2018/07/17/CNRSMH_E_1987_015_037/CNRSMH_E_1987_015_037_06.wav;CNRSMH_E_1987_015_037_
items/2018/07/17/CNRSMH_E_1987_015_037/CNRSMH_E_1987_015_037_07.wav;CNRSMH_E_1987_015_037_
items/2018/07/17/CNRSMH_E_1987_015_037/CNRSMH_E_1987_015_037_08.wav;CNRSMH_E_1987_015_037_
items/2018/07/17/CNRSMH_E_1988_008_001/CNRSMH_E_1988_008_001_01.wav;CNRSMH_E_1988_008_001_
items/2018/07/17/CNRSMH_E_1988_008_001/CNRSMH_E_1988_008_001_02.wav;CNRSMH_E_1988_008_001_
items/2018/07/17/CNRSMH_E_1988_008_001/CNRSMH_E_1988_008_001_03.wav;CNRSMH_E_1988_008_001_
items/2018/07/17/CNRSMH_E_1988_008_001/CNRSMH_E_1988_008_001_04.wav;CNRSMH_E_1988_008_001_
items/2018/07/17/CNRSMH_E_1988_008_001/CNRSMH_E_1988_008_001_05.wav;CNRSMH_E_1988_008_001_
items/2018/07/17/CNRSMH_E_1988_008_001/CNRSMH_E_1988_008_001_06.wav;CNRSMH_E_1988_008_001_
items/2018/07/17/CNRSMH_E_1988_008_001/CNRSMH_E_1988_008_001_07.wav;CNRSMH_E_1988_008_001_
items/2018/07/17/CNRSMH_E_1988_008_001/CNRSMH_E_1988_008_001_08.wav;CNRSMH_E_1988_008_001_
items/2018/07/17/CNRSMH_E_1988_012_022/CNRSMH_E_1988_012_022_001_01.wav;CNRSMH_E_1988_012_022_
items/2018/07/17/CNRSMH_E_1988_012_022/CNRSMH_E_1988_012_022_001_02.wav;CNRSMH_E_1988_012_022_
items/2018/07/17/CNRSMH_E_1988_012_022/CNRSMH_E_1988_012_022_001_03.wav;CNRSMH_E_1988_012_022_
items/2018/07/17/CNRSMH_E_1988_012_022/CNRSMH_E_1988_012_022_001_04.wav;CNRSMH_E_1988_012_022_
items/2018/07/17/CNRSMH_E_1988_012_022/CNRSMH_E_1988_012_022_001_05.wav;CNRSMH_E_1988_012_022_
items/2018/07/17/CNRSMH_E_1989_009_001/CNRSMH_E_1989_009_001_01.wav;CNRSMH_E_1989_009_001_
items/2018/07/17/CNRSMH_E_1989_009_001/CNRSMH_E_1989_009_001_02.wav;CNRSMH_E_1989_009_001_
items/2018/07/17/CNRSMH_E_1989_009_001/CNRSMH_E_1989_009_001_03.wav;CNRSMH_E_1989_009_001_
items/2018/07/17/CNRSMH_E_1989_009_001/CNRSMH_E_1989_009_001_04.wav;CNRSMH_E_1989_009_001_
items/2018/07/17/CNRSMH_E_1989_013_004/CNRSMH_E_1989_013_004_01.wav;CNRSMH_E_1989_013_004_
items/2018/07/17/CNRSMH_E_1989_013_004/CNRSMH_E_1989_013_004_02.wav;CNRSMH_E_1989_013_004_
items/2018/07/17/CNRSMH_E_1989_013_004/CNRSMH_E_1989_013_004_03.wav;CNRSMH_E_1989_013_004_
items/2018/07/17/CNRSMH_E_1989_013_004/CNRSMH_E_1989_013_004_04.wav;CNRSMH_E_1989_013_004_
items/2018/07/17/CNRSMH_E_1989_013_004/CNRSMH_E_1989_013_004_05.wav;CNRSMH_E_1989_013_004_
items/2018/07/17/CNRSMH_E_1989_013_004/CNRSMH_E_1989_013_004_06.wav;CNRSMH_E_1989_013_004_
items/2018/07/17/CNRSMH_E_1992_005_001/CNRSMH_E_1992_005_001_02.wav;CNRSMH_E_1992_005_001_
items/2018/07/17/CNRSMH_E_1992_005_001/CNRSMH_E_1992_005_001_03.wav;CNRSMH_E_1992_005_001_
items/2018/07/17/CNRSMH_E_1992_005_001/CNRSMH_E_1992_005_001_04.wav;CNRSMH_E_1992_005_001_
items/2018/07/17/CNRSMH_E_1992_005_001/CNRSMH_E_1992_005_001_05.wav;CNRSMH_E_1992_005_001_
items/2018/07/17/CNRSMH_E_1992_005_001/CNRSMH_E_1992_005_001_06.wav;CNRSMH_E_1992_005_001_
items/2018/07/17/CNRSMH_E_1992_005_001/CNRSMH_E_1992_005_001_07.wav;CNRSMH_E_1992_005_001_
items/2018/07/17/CNRSMH_E_1992_005_001/CNRSMH_E_1992_005_001_08.wav;CNRSMH_E_1992_005_001_
items/2018/07/17/CNRSMH_E_1992_005_001/CNRSMH_E_1992_005_001_09.wav;CNRSMH_E_1992_005_001_
items/2018/07/17/CNRSMH_E_1992_005_001/CNRSMH_E_1992_005_001_10.wav;CNRSMH_E_1992_005_001_
items/2018/07/17/CNRSMH_E_1992_005_001/CNRSMH_E_1992_005_001_11.wav;CNRSMH_E_1992_005_001_
items/2018/07/17/CNRSMH_E_1992_005_001/CNRSMH_E_1992_005_001_12.wav;CNRSMH_E_1992_005_001_
items/2018/07/17/CNRSMH_E_1992_005_001/CNRSMH_E_1992_005_001_13.wav;CNRSMH_E_1992_005_001_
items/2018/07/17/CNRSMH_E_1992_005_001/CNRSMH_E_1992_005_001_14.wav;CNRSMH_E_1992_005_001_
items/2018/07/17/CNRSMH_E_1992_005_001/CNRSMH_E_1992_005_001_15.wav;CNRSMH_E_1992_005_001_
items/2018/07/17/CNRSMH_E_1992_005_001/CNRSMH_E_1992_005_001_16.wav;CNRSMH_E_1992_005_001_
items/2018/07/17/CNRSMH_E_1992_005_001/CNRSMH_E_1992_005_001_17.wav;CNRSMH_E_1992_005_001_
items/2018/07/17/CNRSMH_E_1992_005_001/CNRSMH_E_1992_005_001_18.wav;CNRSMH_E_1992_005_001_
items/2018/07/17/CNRSMH_E_1992_005_002/CNRSMH_E_1992_005_002_02.wav;CNRSMH_E_1992_005_002_
items/2018/07/17/CNRSMH_E_1992_005_002/CNRSMH_E_1992_005_002_03.wav;CNRSMH_E_1992_005_002_
items/2018/07/17/CNRSMH_E_1992_005_002/CNRSMH_E_1992_005_002_04.wav;CNRSMH_E_1992_005_002_
items/2018/07/17/CNRSMH_E_1992_005_002/CNRSMH_E_1992_005_002_05.wav;CNRSMH_E_1992_005_002_
items/2018/07/17/CNRSMH_E_1992_005_002/CNRSMH_E_1992_005_002_06.wav;CNRSMH_E_1992_005_002_
items/2018/07/17/CNRSMH_E_1992_005_002/CNRSMH_E_1992_005_002_07.wav;CNRSMH_E_1992_005_002_
items/2018/07/17/CNRSMH_E_1992_005_002/CNRSMH_E_1992_005_002_08.wav;CNRSMH_E_1992_005_002_
items/2018/07/17/CNRSMH_E_1992_005_002/CNRSMH_E_1992_005_002_09.wav;CNRSMH_E_1992_005_002_
items/2018/07/17/CNRSMH_E_1992_005_002/CNRSMH_E_1992_005_002_10.wav;CNRSMH_E_1992_005_002_
items/2018/07/17/CNRSMH_E_1992_005_002/CNRSMH_E_1992_005_002_11.wav;CNRSMH_E_1992_005_002_
items/2018/07/17/CNRSMH_E_1992_005_002/CNRSMH_E_1992_005_002_12.wav;CNRSMH_E_1992_005_002_
items/2018/07/17/CNRSMH_E_1992_005_002/CNRSMH_E_1992_005_002_13.wav;CNRSMH_E_1992_005_002_
items/2018/07/17/CNRSMH_E_1992_005_002/CNRSMH_E_1992_005_002_14.wav;CNRSMH_E_1992_005_002_
items/2018/07/17/CNRSMH_E_1992_006_004/CNRSMH_E_1992_006_004_02.wav;CNRSMH_E_1992_006_004_
items/2018/07/17/CNRSMH_E_1992_006_004/CNRSMH_E_1992_006_004_03.wav;CNRSMH_E_1992_006_004_
items/2018/07/17/CNRSMH_E_1992_006_004/CNRSMH_E_1992_006_004_04.wav;CNRSMH_E_1992_006_004_
items/2018/07/17/CNRSMH_E_1992_006_004/CNRSMH_E_1992_006_004_05.wav;CNRSMH_E_1992_006_004_
items/2018/07/17/CNRSMH_E_1992_006_004/CNRSMH_E_1992_006_004_06.wav;CNRSMH_E_1992_006_004_
items/2018/07/17/CNRSMH_E_1992_006_004/CNRSMH_E_1992_006_004_07.wav;CNRSMH_E_1992_006_004_
items/2018/07/17/CNRSMH_E_1992_006_004/CNRSMH_E_1992_006_004_08.wav;CNRSMH_E_1992_006_004_
items/2018/07/17/CNRSMH_E_1992_006_004/CNRSMH_E_1992_006_004_09.wav;CNRSMH_E_1992_006_004_
items/2018/07/17/CNRSMH_E_1992_006_004/CNRSMH_E_1992_006_004_10.wav;CNRSMH_E_1992_006_004_
items/2018/07/17/CNRSMH_E_1992_006_004/CNRSMH_E_1992_006_004_11.wav;CNRSMH_E_1992_006_004_
items/2018/07/17/CNRSMH_E_1992_006_004/CNRSMH_E_1992_006_004_12.wav;CNRSMH_E_1992_006_004_
items/2018/07/17/CNRSMH_E_1992_006_004/CNRSMH_E_1992_006_004_13.wav;CNRSMH_E_1992_006_004_
items/2018/07/17/CNRSMH_E_1992_006_004/CNRSMH_E_1992_006_004_14.wav;CNRSMH_E_1992_006_004_
items/2018/07/17/CNRSMH_E_1992_006_004/CNRSMH_E_1992_006_004_15.wav;CNRSMH_E_1992_006_004_
items/2018/07/17/CNRSMH_E_1992_006_004/CNRSMH_E_1992_006_004_16.wav;CNRSMH_E_1992_006_004_
items/2018/07/17/CNRSMH_E_1992_006_004/CNRSMH_E_1992_006_004_17.wav;CNRSMH_E_1992_006_004_
items/2018/07/17/CNRSMH_E_1992_006_004/CNRSMH_E_1992_006_004_18.wav;CNRSMH_E_1992_006_004_
items/2018/07/17/CNRSMH_E_1992_006_004/CNRSMH_E_1992_006_004_19.wav;CNRSMH_E_1992_006_004_
items/2018/07/17/CNRSMH_E_1992_006_004/CNRSMH_E_1992_006_004_20.wav;CNRSMH_E_1992_006_004_
items/2018/07/17/CNRSMH_E_1992_006_004/CNRSMH_E_1992_006_004_21.wav;CNRSMH_E_1992_006_004_
items/2018/07/17/CNRSMH_E_1992_015_004/CNRSMH_E_1992_015_004_001_02.wav;CNRSMH_E_1992_015_004_
items/2018/07/17/CNRSMH_E_1992_015_004/CNRSMH_E_1992_015_004_001_03.wav;CNRSMH_E_1992_015_004_
items/2018/07/17/CNRSMH_E_1992_015_004/CNRSMH_E_1992_015_004_001_04.wav;CNRSMH_E_1992_015_004_
items/2018/07/17/CNRSMH_E_1992_015_004/CNRSMH_E_1992_015_004_001_05.wav;CNRSMH_E_1992_015_004_
items/2018/07/17/CNRSMH_E_1992_015_004/CNRSMH_E_1992_015_004_001_06.wav;CNRSMH_E_1992_015_004_
items/2018/07/17/CNRSMH_E_1992_015_004/CNRSMH_E_1992_015_004_001_07.wav;CNRSMH_E_1992_015_004_
items/2018/07/17/CNRSMH_E_1992_015_004/CNRSMH_E_1992_015_004_001_08.wav;CNRSMH_E_1992_015_004_
items/2018/07/17/CNRSMH_E_1992_015_004/CNRSMH_E_1992_015_004_001_09.wav;CNRSMH_E_1992_015_004_
items/2018/07/17/CNRSMH_E_1992_015_004/CNRSMH_E_1992_015_004_001_10.wav;CNRSMH_E_1992_015_004_
items/2018/07/17/CNRSMH_E_1992_015_004/CNRSMH_E_1992_015_004_001_11.wav;CNRSMH_E_1992_015_004_
items/2018/07/17/CNRSMH_E_1992_015_004/CNRSMH_E_1992_015_004_001_12.wav;CNRSMH_E_1992_015_004_
items/2018/07/17/CNRSMH_E_1992_015_004/CNRSMH_E_1992_015_004_001_13.wav;CNRSMH_E_1992_015_004_
items/2018/07/17/CNRSMH_E_1992_015_004/CNRSMH_E_1992_015_004_001_14.wav;CNRSMH_E_1992_015_004_
items/2018/07/17/CNRSMH_E_1992_015_004/CNRSMH_E_1992_015_004_001_15.wav;CNRSMH_E_1992_015_004_
items/2018/07/17/CNRSMH_E_1992_015_005/CNRSMH_E_1992_015_005_01.wav;CNRSMH_E_1992_015_005_
items/2018/07/17/CNRSMH_E_1992_015_005/CNRSMH_E_1992_015_005_02.wav;CNRSMH_E_1992_015_005_
items/2018/07/17/CNRSMH_E_1992_015_005/CNRSMH_E_1992_015_005_03.wav;CNRSMH_E_1992_015_005_
items/2018/07/17/CNRSMH_E_1992_015_005/CNRSMH_E_1992_015_005_04.wav;CNRSMH_E_1992_015_005_
items/2018/07/17/CNRSMH_E_1992_015_005/CNRSMH_E_1992_015_005_05.wav;CNRSMH_E_1992_015_005_
items/2018/07/17/CNRSMH_E_1992_015_005/CNRSMH_E_1992_015_005_06.wav;CNRSMH_E_1992_015_005_
items/2018/07/17/CNRSMH_E_1992_015_005/CNRSMH_E_1992_015_005_07.wav;CNRSMH_E_1992_015_005_
items/2018/07/17/CNRSMH_E_1992_015_006/CNRSMH_E_1992_015_006_01.wav;CNRSMH_E_1992_015_006_
items/2018/07/17/CNRSMH_E_1992_015_006/CNRSMH_E_1992_015_006_02.wav;CNRSMH_E_1992_015_006_
items/2018/07/17/CNRSMH_E_1992_015_006/CNRSMH_E_1992_015_006_03.wav;CNRSMH_E_1992_015_006_
items/2018/07/17/CNRSMH_E_1992_015_006/CNRSMH_E_1992_015_006_04.wav;CNRSMH_E_1992_015_006_
items/2018/07/17/CNRSMH_E_1992_015_006/CNRSMH_E_1992_015_006_05.wav;CNRSMH_E_1992_015_006_
items/2018/07/17/CNRSMH_E_1992_015_006/CNRSMH_E_1992_015_006_06.wav;CNRSMH_E_1992_015_006_
items/2018/07/17/CNRSMH_E_1992_015_008/CNRSMH_E_1992_015_008_001_01.wav;CNRSMH_E_1992_015_008_
items/2018/07/17/CNRSMH_E_1992_015_008/CNRSMH_E_1992_015_008_001_02.wav;CNRSMH_E_1992_015_008_
items/2018/07/17/CNRSMH_E_1992_015_008/CNRSMH_E_1992_015_008_001_03.wav;CNRSMH_E_1992_015_008_
items/2018/07/17/CNRSMH_E_1992_015_008/CNRSMH_E_1992_015_008_001_04.wav;CNRSMH_E_1992_015_008_
items/2018/07/17/CNRSMH_E_1992_015_008/CNRSMH_E_1992_015_008_001_05.wav;CNRSMH_E_1992_015_008_
items/2018/07/17/CNRSMH_E_1992_015_008/CNRSMH_E_1992_015_008_001_06.wav;CNRSMH_E_1992_015_008_
items/2018/07/17/CNRSMH_E_1992_015_011/CNRSMH_E_1992_015_011_001_02.wav;CNRSMH_E_1992_015_011_
items/2018/07/17/CNRSMH_E_1992_015_011/CNRSMH_E_1992_015_011_001_03.wav;CNRSMH_E_1992_015_011_
items/2018/07/17/CNRSMH_E_1992_015_011/CNRSMH_E_1992_015_011_001_04.wav;CNRSMH_E_1992_015_011_
items/2018/07/17/CNRSMH_E_1992_015_011/CNRSMH_E_1992_015_011_001_05.wav;CNRSMH_E_1992_015_011_
items/2018/07/17/CNRSMH_E_1992_015_011/CNRSMH_E_1992_015_011_001_06.wav;CNRSMH_E_1992_015_011_
items/2018/07/17/CNRSMH_E_1992_015_011/CNRSMH_E_1992_015_011_001_07.wav;CNRSMH_E_1992_015_011_
items/2018/07/17/CNRSMH_E_1992_015_011/CNRSMH_E_1992_015_011_001_08.wav;CNRSMH_E_1992_015_011_
items/2018/07/17/CNRSMH_E_1992_015_011/CNRSMH_E_1992_015_011_001_09.wav;CNRSMH_E_1992_015_011_
items/2018/07/17/CNRSMH_E_1992_015_011/CNRSMH_E_1992_015_011_001_10.wav;CNRSMH_E_1992_015_011_
items/2018/07/17/CNRSMH_E_1993_003_006/CNRSMH_E_1993_003_006_001_02.wav;CNRSMH_E_1993_003_006_
items/2018/07/17/CNRSMH_E_1993_003_006/CNRSMH_E_1993_003_006_001_03.wav;CNRSMH_E_1993_003_006_
items/2018/07/17/CNRSMH_E_1993_003_006/CNRSMH_E_1993_003_006_001_04.wav;CNRSMH_E_1993_003_006_
items/2018/07/17/CNRSMH_E_1993_003_006/CNRSMH_E_1993_003_006_001_05.wav;CNRSMH_E_1993_003_006_
items/2018/07/17/CNRSMH_E_1993_003_006/CNRSMH_E_1993_003_006_001_06.wav;CNRSMH_E_1993_003_006_
items/2018/07/17/CNRSMH_E_1993_003_006/CNRSMH_E_1993_003_006_001_07.wav;CNRSMH_E_1993_003_006_
items/2018/07/17/CNRSMH_E_1993_003_006/CNRSMH_E_1993_003_006_001_08.wav;CNRSMH_E_1993_003_006_
items/2018/07/17/CNRSMH_E_1993_003_006/CNRSMH_E_1993_003_006_001_09.wav;CNRSMH_E_1993_003_006_
items/2018/07/17/CNRSMH_E_1993_009_018/CNRSMH_E_1993_009_018_001_02.wav;CNRSMH_E_1993_009_018_
items/2018/07/17/CNRSMH_E_1993_009_018/CNRSMH_E_1993_009_018_001_03.wav;CNRSMH_E_1993_009_018_
items/2018/07/17/CNRSMH_E_1993_009_018/CNRSMH_E_1993_009_018_001_04.wav;CNRSMH_E_1993_009_018_
items/2018/07/17/CNRSMH_E_1993_009_018/CNRSMH_E_1993_009_018_001_05.wav;CNRSMH_E_1993_009_018_
items/2018/07/17/CNRSMH_E_1993_009_018/CNRSMH_E_1993_009_018_001_06.wav;CNRSMH_E_1993_009_018_
items/2018/07/17/CNRSMH_E_1993_009_018/CNRSMH_E_1993_009_018_001_07.wav;CNRSMH_E_1993_009_018_
items/2018/07/17/CNRSMH_E_1993_009_018/CNRSMH_E_1993_009_018_001_08.wav;CNRSMH_E_1993_009_018_
items/2018/07/17/CNRSMH_E_1993_009_018/CNRSMH_E_1993_009_018_001_09.wav;CNRSMH_E_1993_009_018_
items/2018/07/17/CNRSMH_E_1993_009_026/CNRSMH_E_1993_009_026_001_02.wav;CNRSMH_E_1993_009_026_
items/2018/07/17/CNRSMH_E_1993_009_026/CNRSMH_E_1993_009_026_001_03.wav;CNRSMH_E_1993_009_026_
items/2018/07/17/CNRSMH_E_1993_009_026/CNRSMH_E_1993_009_026_001_04.wav;CNRSMH_E_1993_009_026_
items/2018/07/17/CNRSMH_E_1993_009_026/CNRSMH_E_1993_009_026_001_05.wav;CNRSMH_E_1993_009_026_
items/2018/07/17/CNRSMH_E_1993_009_026/CNRSMH_E_1993_009_026_001_06.wav;CNRSMH_E_1993_009_026_
items/2018/07/17/CNRSMH_E_1993_009_030/CNRSMH_E_1993_009_030_001_01.wav;CNRSMH_E_1993_009_030_
items/2018/07/17/CNRSMH_E_1993_009_030/CNRSMH_E_1993_009_030_001_02.wav;CNRSMH_E_1993_009_030_
items/2018/07/17/CNRSMH_E_1993_009_030/CNRSMH_E_1993_009_030_001_03.wav;CNRSMH_E_1993_009_030_
items/2018/07/17/CNRSMH_E_1993_009_033/CNRSMH_E_1993_009_033_02.wav;CNRSMH_E_1993_009_033_
items/2018/07/17/CNRSMH_E_1993_009_033/CNRSMH_E_1993_009_033_03.wav;CNRSMH_E_1993_009_033_
items/2018/07/17/CNRSMH_E_1993_009_033/CNRSMH_E_1993_009_033_04.wav;CNRSMH_E_1993_009_033_
items/2018/07/17/CNRSMH_E_1993_009_033/CNRSMH_E_1993_009_033_05.wav;CNRSMH_E_1993_009_033_
items/2018/07/17/CNRSMH_E_1993_009_033/CNRSMH_E_1993_009_033_06.wav;CNRSMH_E_1993_009_033_
items/2018/07/17/CNRSMH_E_1993_009_033/CNRSMH_E_1993_009_033_07.wav;CNRSMH_E_1993_009_033_
items/2018/07/17/CNRSMH_E_1993_009_033/CNRSMH_E_1993_009_033_08.wav;CNRSMH_E_1993_009_033_
items/2018/07/17/CNRSMH_E_1993_009_033/CNRSMH_E_1993_009_033_09.wav;CNRSMH_E_1993_009_033_
items/2018/07/17/CNRSMH_E_1993_009_033/CNRSMH_E_1993_009_033_10.wav;CNRSMH_E_1993_009_033_
items/2018/07/17/CNRSMH_E_1993_009_033/CNRSMH_E_1993_009_033_11.wav;CNRSMH_E_1993_009_033_
items/2018/07/17/CNRSMH_E_1993_009_033/CNRSMH_E_1993_009_033_12.wav;CNRSMH_E_1993_009_033_
items/2018/07/17/CNRSMH_E_1993_009_033/CNRSMH_E_1993_009_033_13.wav;CNRSMH_E_1993_009_033_
items/2018/07/17/CNRSMH_E_1993_009_033/CNRSMH_E_1993_009_033_14.wav;CNRSMH_E_1993_009_033_
items/2018/07/17/CNRSMH_E_1993_009_033/CNRSMH_E_1993_009_033_15.wav;CNRSMH_E_1993_009_033_
items/2018/07/17/CNRSMH_E_1993_009_033/CNRSMH_E_1993_009_033_16.wav;CNRSMH_E_1993_009_033_
items/2018/07/17/CNRSMH_E_1993_009_046/CNRSMH_E_1993_009_046_02.wav;CNRSMH_E_1993_009_046_
items/2018/07/17/CNRSMH_E_1993_009_046/CNRSMH_E_1993_009_046_03.wav;CNRSMH_E_1993_009_046_
items/2018/07/17/CNRSMH_E_1993_009_046/CNRSMH_E_1993_009_046_04.wav;CNRSMH_E_1993_009_046_
items/2018/07/17/CNRSMH_E_1993_009_046/CNRSMH_E_1993_009_046_05.wav;CNRSMH_E_1993_009_046_
items/2018/07/17/CNRSMH_E_1993_009_046/CNRSMH_E_1993_009_046_06.wav;CNRSMH_E_1993_009_046_
items/2018/07/17/CNRSMH_E_1993_009_046/CNRSMH_E_1993_009_046_07.wav;CNRSMH_E_1993_009_046_
items/2018/07/17/CNRSMH_E_1993_009_046/CNRSMH_E_1993_009_046_08.wav;CNRSMH_E_1993_009_046_
items/2018/07/17/CNRSMH_E_1993_009_046/CNRSMH_E_1993_009_046_09.wav;CNRSMH_E_1993_009_046_
items/2018/07/17/CNRSMH_E_1993_009_046/CNRSMH_E_1993_009_046_10.wav;CNRSMH_E_1993_009_046_
items/2018/07/17/CNRSMH_E_1993_009_046/CNRSMH_E_1993_009_046_11.wav;CNRSMH_E_1993_009_046_
items/2018/07/17/CNRSMH_E_1993_009_046/CNRSMH_E_1993_009_046_12.wav;CNRSMH_E_1993_009_046_
items/2018/07/17/CNRSMH_E_1993_009_046/CNRSMH_E_1993_009_046_13.wav;CNRSMH_E_1993_009_046_
items/2018/07/17/CNRSMH_E_1993_009_046/CNRSMH_E_1993_009_046_14.wav;CNRSMH_E_1993_009_046_
items/2018/07/17/CNRSMH_E_1993_009_050/CNRSMH_E_1993_009_050_001_02.wav;CNRSMH_E_1993_009_050_
items/2018/07/17/CNRSMH_E_1993_009_050/CNRSMH_E_1993_009_050_001_03.wav;CNRSMH_E_1993_009_050_
items/2018/07/17/CNRSMH_E_1993_009_050/CNRSMH_E_1993_009_050_001_04.wav;CNRSMH_E_1993_009_050_
items/2018/07/17/CNRSMH_E_1993_009_050/CNRSMH_E_1993_009_050_001_05.wav;CNRSMH_E_1993_009_050_
items/2018/07/17/CNRSMH_E_1993_009_050/CNRSMH_E_1993_009_050_001_06.wav;CNRSMH_E_1993_009_050_
items/2018/07/17/CNRSMH_E_1993_009_050/CNRSMH_E_1993_009_050_001_07.wav;CNRSMH_E_1993_009_050_
items/2018/07/17/CNRSMH_E_1993_009_051/CNRSMH_E_1993_009_051_001_02.wav;CNRSMH_E_1993_009_051_
items/2018/07/17/CNRSMH_E_1993_009_051/CNRSMH_E_1993_009_051_001_03.wav;CNRSMH_E_1993_009_051_
items/2018/07/17/CNRSMH_E_1993_009_051/CNRSMH_E_1993_009_051_001_04.wav;CNRSMH_E_1993_009_051_
items/2018/07/17/CNRSMH_E_1993_009_051/CNRSMH_E_1993_009_051_001_05.wav;CNRSMH_E_1993_009_051_
items/2018/07/17/CNRSMH_E_1993_009_051/CNRSMH_E_1993_009_051_001_06.wav;CNRSMH_E_1993_009_051_
items/2018/07/17/CNRSMH_E_1993_009_051/CNRSMH_E_1993_009_051_001_07.wav;CNRSMH_E_1993_009_051_
items/2018/07/17/CNRSMH_E_1993_009_051/CNRSMH_E_1993_009_051_001_08.wav;CNRSMH_E_1993_009_051_
items/2018/07/17/CNRSMH_E_1993_009_059/CNRSMH_E_1993_009_059_001_02.wav;CNRSMH_E_1993_009_059_
items/2018/07/17/CNRSMH_E_1993_009_059/CNRSMH_E_1993_009_059_001_03.wav;CNRSMH_E_1993_009_059_
items/2018/07/17/CNRSMH_E_1993_009_059/CNRSMH_E_1993_009_059_001_04.wav;CNRSMH_E_1993_009_059_
items/2018/07/17/CNRSMH_E_1993_009_059/CNRSMH_E_1993_009_059_001_05.wav;CNRSMH_E_1993_009_059_
items/2018/07/17/CNRSMH_E_1993_009_059/CNRSMH_E_1993_009_059_001_06.wav;CNRSMH_E_1993_009_059_
items/2018/07/17/CNRSMH_E_1993_009_059/CNRSMH_E_1993_009_059_001_07.wav;CNRSMH_E_1993_009_059_
items/2018/07/17/CNRSMH_E_1993_009_059/CNRSMH_E_1993_009_059_001_08.wav;CNRSMH_E_1993_009_059_
items/2018/07/17/CNRSMH_E_1993_009_059/CNRSMH_E_1993_009_059_001_09.wav;CNRSMH_E_1993_009_059_
items/2018/07/17/CNRSMH_E_1993_009_059/CNRSMH_E_1993_009_059_001_10.wav;CNRSMH_E_1993_009_059_
items/2018/07/17/CNRSMH_E_1993_009_059/CNRSMH_E_1993_009_059_001_11.wav;CNRSMH_E_1993_009_059_
items/2018/07/17/CNRSMH_E_1993_009_059/CNRSMH_E_1993_009_059_001_12.wav;CNRSMH_E_1993_009_059_
items/2018/07/17/CNRSMH_E_1993_009_059/CNRSMH_E_1993_009_059_001_13.wav;CNRSMH_E_1993_009_059_
items/2018/07/17/CNRSMH_E_1993_009_059/CNRSMH_E_1993_009_059_001_14.wav;CNRSMH_E_1993_009_059_
items/2018/07/17/CNRSMH_E_1993_009_059/CNRSMH_E_1993_009_059_001_15.wav;CNRSMH_E_1993_009_059_
items/2018/07/17/CNRSMH_E_1993_009_059/CNRSMH_E_1993_009_059_001_16.wav;CNRSMH_E_1993_009_059_
items/2018/07/17/CNRSMH_E_1993_009_059/CNRSMH_E_1993_009_059_001_17.wav;CNRSMH_E_1993_009_059_
items/2018/07/17/CNRSMH_E_1993_009_059/CNRSMH_E_1993_009_059_001_18.wav;CNRSMH_E_1993_009_059_
items/2018/07/17/CNRSMH_E_1993_009_059/CNRSMH_E_1993_009_059_001_19.wav;CNRSMH_E_1993_009_059_
items/2018/07/17/CNRSMH_E_1993_009_059/CNRSMH_E_1993_009_059_001_20.wav;CNRSMH_E_1993_009_059_
items/2018/07/17/CNRSMH_E_1993_009_059/CNRSMH_E_1993_009_059_001_21.wav;CNRSMH_E_1993_009_059_
items/2018/07/17/CNRSMH_E_1993_009_059/CNRSMH_E_1993_009_059_001_22.wav;CNRSMH_E_1993_009_059_
items/2018/07/17/CNRSMH_E_1993_009_059/CNRSMH_E_1993_009_059_002_01.wav;CNRSMH_E_1993_009_059_
items/2018/07/17/CNRSMH_E_1993_009_059/CNRSMH_E_1993_009_059_002_02.wav;CNRSMH_E_1993_009_059_
items/2018/07/17/CNRSMH_E_1993_009_059/CNRSMH_E_1993_009_059_002_03.wav;CNRSMH_E_1993_009_059_
items/2018/07/17/CNRSMH_E_1993_009_059/CNRSMH_E_1993_009_059_002_04.wav;CNRSMH_E_1993_009_059_
items/2018/07/17/CNRSMH_E_1993_009_059/CNRSMH_E_1993_009_059_002_05.wav;CNRSMH_E_1993_009_059_
items/2018/07/17/CNRSMH_E_1993_009_059/CNRSMH_E_1993_009_059_002_06.wav;CNRSMH_E_1993_009_059_
items/2018/07/17/CNRSMH_E_1993_009_059/CNRSMH_E_1993_009_059_002_07.wav;CNRSMH_E_1993_009_059_
items/2018/07/17/CNRSMH_E_1993_009_059/CNRSMH_E_1993_009_059_002_08.wav;CNRSMH_E_1993_009_059_
items/2018/07/17/CNRSMH_E_1993_009_059/CNRSMH_E_1993_009_059_002_09.wav;CNRSMH_E_1993_009_059_
items/2018/07/17/CNRSMH_E_1993_009_059/CNRSMH_E_1993_009_059_002_10.wav;CNRSMH_E_1993_009_059_
items/2018/07/17/CNRSMH_E_1993_009_059/CNRSMH_E_1993_009_059_002_11.wav;CNRSMH_E_1993_009_059_
items/2018/07/17/CNRSMH_E_1993_009_059/CNRSMH_E_1993_009_059_002_12.wav;CNRSMH_E_1993_009_059_
items/2018/07/17/CNRSMH_E_1993_009_059/CNRSMH_E_1993_009_059_003_01.wav;CNRSMH_E_1993_009_059_
items/2018/07/17/CNRSMH_E_1993_009_059/CNRSMH_E_1993_009_059_003_02.wav;CNRSMH_E_1993_009_059_
items/2018/07/17/CNRSMH_E_1993_009_059/CNRSMH_E_1993_009_059_003_03.wav;CNRSMH_E_1993_009_059_
items/2018/07/17/CNRSMH_E_1993_009_059/CNRSMH_E_1993_009_059_003_04.wav;CNRSMH_E_1993_009_059_
items/2018/07/17/CNRSMH_E_1993_009_059/CNRSMH_E_1993_009_059_003_05.wav;CNRSMH_E_1993_009_059_
items/2018/07/17/CNRSMH_E_1993_009_059/CNRSMH_E_1993_009_059_003_06.wav;CNRSMH_E_1993_009_059_
items/2018/07/17/CNRSMH_E_1993_009_059/CNRSMH_E_1993_009_059_003_07.wav;CNRSMH_E_1993_009_059_
items/2018/07/17/CNRSMH_E_1993_009_059/CNRSMH_E_1993_009_059_003_08.wav;CNRSMH_E_1993_009_059_
items/2018/07/17/CNRSMH_E_1993_009_059/CNRSMH_E_1993_009_059_003_09.wav;CNRSMH_E_1993_009_059_
items/2018/07/17/CNRSMH_E_1993_009_059/CNRSMH_E_1993_009_059_003_10.wav;CNRSMH_E_1993_009_059_
items/2018/07/17/CNRSMH_E_1993_009_059/CNRSMH_E_1993_009_059_003_11.wav;CNRSMH_E_1993_009_059_
items/2018/07/17/CNRSMH_E_1993_009_059/CNRSMH_E_1993_009_059_003_12.wav;CNRSMH_E_1993_009_059_
items/2018/07/17/CNRSMH_E_1993_009_059/CNRSMH_E_1993_009_059_004_01.wav;CNRSMH_E_1993_009_059_
items/2018/07/17/CNRSMH_E_1993_009_059/CNRSMH_E_1993_009_059_004_02.wav;CNRSMH_E_1993_009_059_
items/2018/07/17/CNRSMH_E_1993_009_059/CNRSMH_E_1993_009_059_004_03.wav;CNRSMH_E_1993_009_059_
items/2018/07/17/CNRSMH_E_1993_009_065/CNRSMH_E_1993_009_065_001_02.wav;CNRSMH_E_1993_009_065_
items/2018/07/17/CNRSMH_E_1993_009_065/CNRSMH_E_1993_009_065_001_03.wav;CNRSMH_E_1993_009_065_
items/2018/07/17/CNRSMH_E_1993_009_065/CNRSMH_E_1993_009_065_002_01.wav;CNRSMH_E_1993_009_065_
items/2018/07/17/CNRSMH_E_1993_009_065/CNRSMH_E_1993_009_065_002_02.wav;CNRSMH_E_1993_009_065_
items/2018/07/17/CNRSMH_E_1993_009_065/CNRSMH_E_1993_009_065_002_03.wav;CNRSMH_E_1993_009_065_
items/2018/07/17/CNRSMH_E_1993_009_065/CNRSMH_E_1993_009_065_003_01.wav;CNRSMH_E_1993_009_065_
items/2018/07/17/CNRSMH_E_1993_009_065/CNRSMH_E_1993_009_065_003_02.wav;CNRSMH_E_1993_009_065_
items/2018/07/17/CNRSMH_E_1994_010_003/CNRSMH_E_1994_010_003_02.wav;CNRSMH_E_1994_010_003_
items/2018/07/17/CNRSMH_E_1994_010_003/CNRSMH_E_1994_010_003_03.wav;CNRSMH_E_1994_010_003_
items/2018/07/17/CNRSMH_E_1994_010_003/CNRSMH_E_1994_010_003_04.wav;CNRSMH_E_1994_010_003_
items/2018/07/17/CNRSMH_E_1994_010_003/CNRSMH_E_1994_010_003_05.wav;CNRSMH_E_1994_010_003_
items/2018/07/17/CNRSMH_E_1994_013_011/CNRSMH_E_1994_013_011_01.wav;CNRSMH_E_1994_013_011_
items/2018/07/17/CNRSMH_E_1994_013_011/CNRSMH_E_1994_013_011_02.wav;CNRSMH_E_1994_013_011_
items/2018/07/17/CNRSMH_E_1994_013_011/CNRSMH_E_1994_013_011_03.wav;CNRSMH_E_1994_013_011_
items/2018/07/17/CNRSMH_E_1994_013_011/CNRSMH_E_1994_013_011_04.wav;CNRSMH_E_1994_013_011_
items/2018/07/17/CNRSMH_E_1994_013_011/CNRSMH_E_1994_013_011_05.wav;CNRSMH_E_1994_013_011_
items/2018/07/17/CNRSMH_E_1994_013_011/CNRSMH_E_1994_013_011_06.wav;CNRSMH_E_1994_013_011_
items/2018/07/17/CNRSMH_E_1994_013_011/CNRSMH_E_1994_013_011_07.wav;CNRSMH_E_1994_013_011_
items/2018/07/17/CNRSMH_E_1994_013_011/CNRSMH_E_1994_013_011_08.wav;CNRSMH_E_1994_013_011_
items/2018/07/17/CNRSMH_E_1994_013_011/CNRSMH_E_1994_013_011_09.wav;CNRSMH_E_1994_013_011_
items/2018/07/17/CNRSMH_E_1994_013_011/CNRSMH_E_1994_013_011_10.wav;CNRSMH_E_1994_013_011_
items/2018/07/17/CNRSMH_E_1994_013_011/CNRSMH_E_1994_013_011_11.wav;CNRSMH_E_1994_013_011_
items/2018/07/17/CNRSMH_E_1994_013_011/CNRSMH_E_1994_013_011_12.wav;CNRSMH_E_1994_013_011_
items/2018/07/17/CNRSMH_E_1994_013_011/CNRSMH_E_1994_013_011_13.wav;CNRSMH_E_1994_013_011_
items/2018/07/17/CNRSMH_E_1994_013_011/CNRSMH_E_1994_013_011_14.wav;CNRSMH_E_1994_013_011_
items/2018/07/17/CNRSMH_E_1994_013_011/CNRSMH_E_1994_013_011_15.wav;CNRSMH_E_1994_013_011_
items/2018/07/17/CNRSMH_E_1994_013_011/CNRSMH_E_1994_013_011_16.wav;CNRSMH_E_1994_013_011_
items/2018/07/17/CNRSMH_E_1994_013_011/CNRSMH_E_1994_013_011_17.wav;CNRSMH_E_1994_013_011_
items/2018/07/17/CNRSMH_E_1994_013_011/CNRSMH_E_1994_013_011_18.wav;CNRSMH_E_1994_013_011_
items/2018/07/17/CNRSMH_E_1994_013_011/CNRSMH_E_1994_013_011_19.wav;CNRSMH_E_1994_013_011_
items/2018/07/17/CNRSMH_E_1994_013_011/CNRSMH_E_1994_013_011_20.wav;CNRSMH_E_1994_013_011_
items/2018/07/17/CNRSMH_E_1994_013_011/CNRSMH_E_1994_013_011_21.wav;CNRSMH_E_1994_013_011_
items/2018/07/17/CNRSMH_E_1994_013_011/CNRSMH_E_1994_013_011_22.wav;CNRSMH_E_1994_013_011_
items/2018/07/17/CNRSMH_E_1994_013_011/CNRSMH_E_1994_013_011_23.wav;CNRSMH_E_1994_013_011_
items/2018/07/17/CNRSMH_E_1994_013_011/CNRSMH_E_1994_013_011_24.wav;CNRSMH_E_1994_013_011_
items/2018/07/17/CNRSMH_E_1994_013_011/CNRSMH_E_1994_013_011_25.wav;CNRSMH_E_1994_013_011_
items/2018/07/17/CNRSMH_E_1994_013_011/CNRSMH_E_1994_013_011_26.wav;CNRSMH_E_1994_013_011_
items/2018/07/17/CNRSMH_E_1994_013_011/CNRSMH_E_1994_013_011_27.wav;CNRSMH_E_1994_013_011_
items/2018/07/17/CNRSMH_E_1994_015_001/CNRSMH_E_1994_015_001_001_02.wav;CNRSMH_E_1994_015_001_
items/2018/07/17/CNRSMH_E_1994_015_001/CNRSMH_E_1994_015_001_001_03.wav;CNRSMH_E_1994_015_001_
items/2018/07/17/CNRSMH_E_1994_015_001/CNRSMH_E_1994_015_001_001_04.wav;CNRSMH_E_1994_015_001_
items/2018/07/17/CNRSMH_E_1994_015_001/CNRSMH_E_1994_015_001_001_05.wav;CNRSMH_E_1994_015_001_
items/2018/07/17/CNRSMH_E_1994_015_001/CNRSMH_E_1994_015_001_001_06.wav;CNRSMH_E_1994_015_001_
items/2018/07/17/CNRSMH_E_1994_015_001/CNRSMH_E_1994_015_001_002_01.wav;CNRSMH_E_1994_015_001_
items/2018/07/17/CNRSMH_E_1994_015_001/CNRSMH_E_1994_015_001_002_02.wav;CNRSMH_E_1994_015_001_
items/2018/07/17/CNRSMH_E_1994_015_001/CNRSMH_E_1994_015_001_002_03.wav;CNRSMH_E_1994_015_001_
items/2018/07/17/CNRSMH_E_1994_015_001/CNRSMH_E_1994_015_001_002_04.wav;CNRSMH_E_1994_015_001_
items/2018/07/17/CNRSMH_E_1994_015_001/CNRSMH_E_1994_015_001_002_05.wav;CNRSMH_E_1994_015_001_
items/2018/07/17/CNRSMH_E_1994_015_001/CNRSMH_E_1994_015_001_002_06.wav;CNRSMH_E_1994_015_001_
items/2018/07/17/CNRSMH_E_1994_015_001/CNRSMH_E_1994_015_001_002_07.wav;CNRSMH_E_1994_015_001_
items/2018/07/17/CNRSMH_E_1994_015_001/CNRSMH_E_1994_015_001_002_08.wav;CNRSMH_E_1994_015_001_
items/2018/07/17/CNRSMH_E_1994_015_001/CNRSMH_E_1994_015_001_002_09.wav;CNRSMH_E_1994_015_001_
items/2018/07/17/CNRSMH_E_1994_019_007/CNRSMH_E_1994_019_007_001_02.wav;CNRSMH_E_1994_019_007_
items/2018/07/17/CNRSMH_E_1994_019_007/CNRSMH_E_1994_019_007_001_03.wav;CNRSMH_E_1994_019_007_
items/2018/07/17/CNRSMH_E_1994_019_007/CNRSMH_E_1994_019_007_001_04.wav;CNRSMH_E_1994_019_007_
items/2018/07/17/CNRSMH_E_1994_019_007/CNRSMH_E_1994_019_007_001_05.wav;CNRSMH_E_1994_019_007_
items/2018/07/17/CNRSMH_E_1994_019_007/CNRSMH_E_1994_019_007_001_06.wav;CNRSMH_E_1994_019_007_
items/2018/07/17/CNRSMH_E_1994_019_007/CNRSMH_E_1994_019_007_001_07.wav;CNRSMH_E_1994_019_007_
items/2018/07/17/CNRSMH_E_1994_019_007/CNRSMH_E_1994_019_007_001_08.wav;CNRSMH_E_1994_019_007_
items/2018/07/17/CNRSMH_E_1994_019_007/CNRSMH_E_1994_019_007_001_09.wav;CNRSMH_E_1994_019_007_
items/2018/07/17/CNRSMH_E_1994_019_007/CNRSMH_E_1994_019_007_001_10.wav;CNRSMH_E_1994_019_007_
items/2018/07/17/CNRSMH_E_1995_001_002/CNRSMH_E_1995_001_002_02.wav;CNRSMH_E_1995_001_002_
items/2018/07/17/CNRSMH_E_1995_001_002/CNRSMH_E_1995_001_002_03.wav;CNRSMH_E_1995_001_002_
items/2018/07/17/CNRSMH_E_1995_001_002/CNRSMH_E_1995_001_002_04.wav;CNRSMH_E_1995_001_002_
items/2018/07/17/CNRSMH_E_1995_001_002/CNRSMH_E_1995_001_002_05.wav;CNRSMH_E_1995_001_002_
items/2018/07/17/CNRSMH_E_1995_001_002/CNRSMH_E_1995_001_002_06.wav;CNRSMH_E_1995_001_002_
items/2018/07/17/CNRSMH_E_1995_001_002/CNRSMH_E_1995_001_002_07.wav;CNRSMH_E_1995_001_002_
items/2018/07/17/CNRSMH_E_1995_001_002/CNRSMH_E_1995_001_002_08.wav;CNRSMH_E_1995_001_002_
items/2018/07/17/CNRSMH_E_1995_001_002/CNRSMH_E_1995_001_002_09.wav;CNRSMH_E_1995_001_002_
items/2018/07/17/CNRSMH_E_1995_001_002/CNRSMH_E_1995_001_002_10.wav;CNRSMH_E_1995_001_002_
items/2018/07/17/CNRSMH_E_1995_001_002/CNRSMH_E_1995_001_002_11.wav;CNRSMH_E_1995_001_002_
items/2018/07/17/CNRSMH_E_1995_001_002/CNRSMH_E_1995_001_002_12.wav;CNRSMH_E_1995_001_002_
items/2018/07/17/CNRSMH_E_1995_001_002/CNRSMH_E_1995_001_002_13.wav;CNRSMH_E_1995_001_002_
items/2018/07/17/CNRSMH_E_1995_001_002/CNRSMH_E_1995_001_002_14.wav;CNRSMH_E_1995_001_002_
items/2018/07/17/CNRSMH_E_1995_001_002/CNRSMH_E_1995_001_002_15.wav;CNRSMH_E_1995_001_002_
items/2018/07/17/CNRSMH_E_1995_001_002/CNRSMH_E_1995_001_002_16.wav;CNRSMH_E_1995_001_002_
items/2018/07/17/CNRSMH_E_1995_001_002/CNRSMH_E_1995_001_002_17.wav;CNRSMH_E_1995_001_002_
items/2018/07/17/CNRSMH_E_1995_021_002/CNRSMH_E_1995_021_002_02.wav;CNRSMH_E_1995_021_002_
items/2018/07/17/CNRSMH_E_1995_021_002/CNRSMH_E_1995_021_002_03.wav;CNRSMH_E_1995_021_002_
items/2018/07/17/CNRSMH_E_1995_021_002/CNRSMH_E_1995_021_002_04.wav;CNRSMH_E_1995_021_002_
items/2018/07/17/CNRSMH_E_1995_021_002/CNRSMH_E_1995_021_002_05.wav;CNRSMH_E_1995_021_002_
items/2018/07/17/CNRSMH_E_1995_021_002/CNRSMH_E_1995_021_002_06.wav;CNRSMH_E_1995_021_002_
items/2018/07/17/CNRSMH_E_1995_021_002/CNRSMH_E_1995_021_002_07.wav;CNRSMH_E_1995_021_002_
items/2018/07/17/CNRSMH_E_1995_021_002/CNRSMH_E_1995_021_002_08.wav;CNRSMH_E_1995_021_002_
items/2018/07/17/CNRSMH_E_1995_021_002/CNRSMH_E_1995_021_002_09.wav;CNRSMH_E_1995_021_002_
items/2018/07/17/CNRSMH_E_1996_005_001/CNRSMH_E_1996_005_001_001_01.wav;CNRSMH_E_1996_005_001_
items/2018/07/17/CNRSMH_E_1996_005_001/CNRSMH_E_1996_005_001_001_02.wav;CNRSMH_E_1996_005_001_
items/2018/07/17/CNRSMH_E_1996_005_001/CNRSMH_E_1996_005_001_001_03.wav;CNRSMH_E_1996_005_001_
items/2018/07/17/CNRSMH_E_1996_005_001/CNRSMH_E_1996_005_001_001_04.wav;CNRSMH_E_1996_005_001_
items/2018/07/17/CNRSMH_E_1996_005_001/CNRSMH_E_1996_005_001_001_05.wav;CNRSMH_E_1996_005_001_
items/2018/07/17/CNRSMH_E_1996_005_001/CNRSMH_E_1996_005_001_001_06.wav;CNRSMH_E_1996_005_001_
items/2018/07/17/CNRSMH_E_1996_005_001/CNRSMH_E_1996_005_001_001_07.wav;CNRSMH_E_1996_005_001_
items/2018/07/17/CNRSMH_E_1996_005_001/CNRSMH_E_1996_005_001_001_08.wav;CNRSMH_E_1996_005_001_
items/2018/07/17/CNRSMH_E_1996_005_001/CNRSMH_E_1996_005_001_001_09.wav;CNRSMH_E_1996_005_001_
items/2018/07/17/CNRSMH_E_1996_005_001/CNRSMH_E_1996_005_001_001_10.wav;CNRSMH_E_1996_005_001_
items/2018/07/17/CNRSMH_E_1996_005_001/CNRSMH_E_1996_005_001_001_11.wav;CNRSMH_E_1996_005_001_
items/2018/07/17/CNRSMH_E_1996_005_001/CNRSMH_E_1996_005_001_001_12.wav;CNRSMH_E_1996_005_001_
items/2018/07/17/CNRSMH_E_1996_005_001/CNRSMH_E_1996_005_001_001_13.wav;CNRSMH_E_1996_005_001_
items/2018/07/17/CNRSMH_E_1996_005_001/CNRSMH_E_1996_005_001_001_14.wav;CNRSMH_E_1996_005_001_
items/2018/07/17/CNRSMH_E_1996_005_001/CNRSMH_E_1996_005_001_001_15.wav;CNRSMH_E_1996_005_001_
items/2018/07/17/CNRSMH_E_1996_005_001/CNRSMH_E_1996_005_001_001_16.wav;CNRSMH_E_1996_005_001_
items/2018/07/17/CNRSMH_E_1996_005_001/CNRSMH_E_1996_005_001_001_17.wav;CNRSMH_E_1996_005_001_
items/2018/07/17/CNRSMH_E_1996_005_001/CNRSMH_E_1996_005_001_001_18.wav;CNRSMH_E_1996_005_001_
items/2018/07/17/CNRSMH_E_1996_005_001/CNRSMH_E_1996_005_001_002_01.wav;CNRSMH_E_1996_005_001_
items/2018/07/17/CNRSMH_E_1996_005_001/CNRSMH_E_1996_005_001_002_02.wav;CNRSMH_E_1996_005_001_
items/2018/07/17/CNRSMH_E_1996_005_001/CNRSMH_E_1996_005_001_002_03.wav;CNRSMH_E_1996_005_001_
items/2018/07/17/CNRSMH_E_1996_005_001/CNRSMH_E_1996_005_001_002_04.wav;CNRSMH_E_1996_005_001_
items/2018/07/17/CNRSMH_E_1996_005_001/CNRSMH_E_1996_005_001_002_05.wav;CNRSMH_E_1996_005_001_
items/2018/07/17/CNRSMH_E_1996_005_001/CNRSMH_E_1996_005_001_002_06.wav;CNRSMH_E_1996_005_001_
items/2018/07/17/CNRSMH_E_1996_005_001/CNRSMH_E_1996_005_001_002_07.wav;CNRSMH_E_1996_005_001_
items/2018/07/17/CNRSMH_E_1996_005_001/CNRSMH_E_1996_005_001_002_08.wav;CNRSMH_E_1996_005_001_
items/2018/07/17/CNRSMH_E_1996_005_001/CNRSMH_E_1996_005_001_002_09.wav;CNRSMH_E_1996_005_001_
items/2018/07/17/CNRSMH_E_1996_005_001/CNRSMH_E_1996_005_001_002_10.wav;CNRSMH_E_1996_005_001_
items/2018/07/17/CNRSMH_E_1996_005_001/CNRSMH_E_1996_005_001_002_11.wav;CNRSMH_E_1996_005_001_
items/2018/07/17/CNRSMH_E_1996_005_001/CNRSMH_E_1996_005_001_002_12.wav;CNRSMH_E_1996_005_001_
items/2018/07/17/CNRSMH_E_1996_005_001/CNRSMH_E_1996_005_001_002_13.wav;CNRSMH_E_1996_005_001_
items/2018/07/17/CNRSMH_E_1996_005_001/CNRSMH_E_1996_005_001_002_14.wav;CNRSMH_E_1996_005_001_
items/2018/07/17/CNRSMH_E_1996_005_001/CNRSMH_E_1996_005_001_002_15.wav;CNRSMH_E_1996_005_001_
items/2018/07/17/CNRSMH_E_1996_005_001/CNRSMH_E_1996_005_001_002_16.wav;CNRSMH_E_1996_005_001_
items/2018/07/17/CNRSMH_E_1996_005_001/CNRSMH_E_1996_005_001_002_17.wav;CNRSMH_E_1996_005_001_
items/2018/07/17/CNRSMH_E_1996_005_001/CNRSMH_E_1996_005_001_002_18.wav;CNRSMH_E_1996_005_001_
items/2018/07/17/CNRSMH_E_1996_005_001/CNRSMH_E_1996_005_001_002_19.wav;CNRSMH_E_1996_005_001_
items/2018/07/17/CNRSMH_E_1996_005_001/CNRSMH_E_1996_005_001_002_20.wav;CNRSMH_E_1996_005_001_
items/2018/07/17/CNRSMH_E_1996_005_001/CNRSMH_E_1996_005_001_002_21.wav;CNRSMH_E_1996_005_001_
items/2018/07/17/CNRSMH_E_1996_005_001/CNRSMH_E_1996_005_001_002_22.wav;CNRSMH_E_1996_005_001_
items/2018/07/17/CNRSMH_E_1996_005_001/CNRSMH_E_1996_005_001_002_23.wav;CNRSMH_E_1996_005_001_
items/2018/07/17/CNRSMH_E_1996_018_001/CNRSMH_E_1996_018_001_018_01.wav;CNRSMH_E_1996_018_001_
items/2018/07/17/CNRSMH_E_1996_018_001/CNRSMH_E_1996_018_001_018_02.wav;CNRSMH_E_1996_018_001_
items/2018/07/17/CNRSMH_E_1996_018_001/CNRSMH_E_1996_018_001_018_03.wav;CNRSMH_E_1996_018_001_
items/2018/07/17/CNRSMH_E_1996_018_001/CNRSMH_E_1996_018_001_018_04.wav;CNRSMH_E_1996_018_001_
items/2018/07/17/CNRSMH_E_1996_018_001/CNRSMH_E_1996_018_001_018_05.wav;CNRSMH_E_1996_018_001_
items/2018/07/17/CNRSMH_E_1996_018_001/CNRSMH_E_1996_018_001_018_06.wav;CNRSMH_E_1996_018_001_
items/2018/07/17/CNRSMH_E_1996_018_001/CNRSMH_E_1996_018_001_018_07.wav;CNRSMH_E_1996_018_001_
items/2018/07/17/CNRSMH_E_1996_018_001/CNRSMH_E_1996_018_001_018_08.wav;CNRSMH_E_1996_018_001_
items/2018/07/17/CNRSMH_E_1997_004_001/CNRSMH_E_1997_004_001_02.wav;CNRSMH_E_1997_004_001_
items/2018/07/17/CNRSMH_E_1997_004_001/CNRSMH_E_1997_004_001_03.wav;CNRSMH_E_1997_004_001_
items/2018/07/17/CNRSMH_E_1997_004_001/CNRSMH_E_1997_004_001_04.wav;CNRSMH_E_1997_004_001_
items/2018/07/17/CNRSMH_E_1997_004_001/CNRSMH_E_1997_004_001_05.wav;CNRSMH_E_1997_004_001_
items/2018/07/17/CNRSMH_E_1997_004_001/CNRSMH_E_1997_004_001_06.wav;CNRSMH_E_1997_004_001_
items/2018/07/17/CNRSMH_E_1997_004_001/CNRSMH_E_1997_004_001_07.wav;CNRSMH_E_1997_004_001_
items/2018/07/17/CNRSMH_E_1997_004_001/CNRSMH_E_1997_004_001_08.wav;CNRSMH_E_1997_004_001_
items/2018/07/17/CNRSMH_E_1997_004_001/CNRSMH_E_1997_004_001_09.wav;CNRSMH_E_1997_004_001_
items/2018/07/17/CNRSMH_E_1997_004_001/CNRSMH_E_1997_004_001_10.wav;CNRSMH_E_1997_004_001_
items/2018/07/17/CNRSMH_E_1997_004_001/CNRSMH_E_1997_004_001_11.wav;CNRSMH_E_1997_004_001_
items/2018/07/17/CNRSMH_E_1997_004_001/CNRSMH_E_1997_004_001_12.wav;CNRSMH_E_1997_004_001_
items/2018/07/17/CNRSMH_E_1997_004_001/CNRSMH_E_1997_004_001_13.wav;CNRSMH_E_1997_004_001_
items/2018/07/17/CNRSMH_E_1997_004_001/CNRSMH_E_1997_004_001_14.wav;CNRSMH_E_1997_004_001_
items/2018/07/17/CNRSMH_E_1997_004_001/CNRSMH_E_1997_004_001_15.wav;CNRSMH_E_1997_004_001_
items/2018/07/17/CNRSMH_E_1997_004_001/CNRSMH_E_1997_004_001_16.wav;CNRSMH_E_1997_004_001_
items/2018/07/17/CNRSMH_E_1997_004_001/CNRSMH_E_1997_004_001_17.wav;CNRSMH_E_1997_004_001_
items/2018/07/17/CNRSMH_E_1997_008_020/CNRSMH_E_1997_008_020_001_02.wav;CNRSMH_E_1997_008_020_
items/2018/07/17/CNRSMH_E_1997_008_020/CNRSMH_E_1997_008_020_001_03.wav;CNRSMH_E_1997_008_020_
items/2018/07/17/CNRSMH_E_1997_008_020/CNRSMH_E_1997_008_020_001_04.wav;CNRSMH_E_1997_008_020_
items/2018/07/17/CNRSMH_E_1997_008_020/CNRSMH_E_1997_008_020_001_05.wav;CNRSMH_E_1997_008_020_
items/2018/07/17/CNRSMH_E_1997_008_020/CNRSMH_E_1997_008_020_001_06.wav;CNRSMH_E_1997_008_020_
items/2018/07/17/CNRSMH_E_1997_008_020/CNRSMH_E_1997_008_020_001_07.wav;CNRSMH_E_1997_008_020_
items/2018/07/17/CNRSMH_E_1997_008_020/CNRSMH_E_1997_008_020_001_08.wav;CNRSMH_E_1997_008_020_
items/2018/07/17/CNRSMH_E_1997_008_020/CNRSMH_E_1997_008_020_001_09.wav;CNRSMH_E_1997_008_020_
items/2018/07/17/CNRSMH_E_1997_008_020/CNRSMH_E_1997_008_020_001_10.wav;CNRSMH_E_1997_008_020_
items/2018/07/17/CNRSMH_E_1997_008_020/CNRSMH_E_1997_008_020_001_11.wav;CNRSMH_E_1997_008_020_
items/2018/07/17/CNRSMH_E_1997_008_020/CNRSMH_E_1997_008_020_001_12.wav;CNRSMH_E_1997_008_020_
items/2018/07/17/CNRSMH_E_1997_008_020/CNRSMH_E_1997_008_020_001_13.wav;CNRSMH_E_1997_008_020_
items/2018/07/17/CNRSMH_E_1997_008_020/CNRSMH_E_1997_008_020_001_14.wav;CNRSMH_E_1997_008_020_
items/2018/07/17/CNRSMH_E_1997_008_021/CNRSMH_E_1997_008_021_001_02.wav;CNRSMH_E_1997_008_021_
items/2018/07/17/CNRSMH_E_1997_008_021/CNRSMH_E_1997_008_021_001_03.wav;CNRSMH_E_1997_008_021_
items/2018/07/17/CNRSMH_E_1997_010_023/CNRSMH_E_1997_010_023_001_01.wav;CNRSMH_E_1997_010_023_
items/2018/07/17/CNRSMH_E_1997_010_023/CNRSMH_E_1997_010_023_001_02.wav;CNRSMH_E_1997_010_023_
items/2018/07/17/CNRSMH_E_1997_010_023/CNRSMH_E_1997_010_023_001_03.wav;CNRSMH_E_1997_010_023_
items/2018/07/17/CNRSMH_E_1997_010_023/CNRSMH_E_1997_010_023_001_04.wav;CNRSMH_E_1997_010_023_
items/2018/07/17/CNRSMH_E_1997_010_023/CNRSMH_E_1997_010_023_001_05.wav;CNRSMH_E_1997_010_023_
items/2018/07/17/CNRSMH_E_1997_010_023/CNRSMH_E_1997_010_023_001_06.wav;CNRSMH_E_1997_010_023_
items/2018/07/17/CNRSMH_E_1997_010_023/CNRSMH_E_1997_010_023_001_07.wav;CNRSMH_E_1997_010_023_
items/2018/07/17/CNRSMH_E_1997_010_023/CNRSMH_E_1997_010_023_001_08.wav;CNRSMH_E_1997_010_023_
items/2018/07/17/CNRSMH_E_1997_010_023/CNRSMH_E_1997_010_023_001_09.wav;CNRSMH_E_1997_010_023_
items/2018/07/17/CNRSMH_E_1997_010_023/CNRSMH_E_1997_010_023_001_10.wav;CNRSMH_E_1997_010_023_
items/2018/07/17/CNRSMH_E_1997_010_023/CNRSMH_E_1997_010_023_001_11.wav;CNRSMH_E_1997_010_023_
items/2018/07/17/CNRSMH_E_1997_010_023/CNRSMH_E_1997_010_023_001_12.wav;CNRSMH_E_1997_010_023_
items/2018/07/17/CNRSMH_E_1997_010_023/CNRSMH_E_1997_010_023_001_13.wav;CNRSMH_E_1997_010_023_
items/2018/07/17/CNRSMH_E_1997_010_023/CNRSMH_E_1997_010_023_001_14.wav;CNRSMH_E_1997_010_023_
items/2018/07/17/CNRSMH_E_1997_010_023/CNRSMH_E_1997_010_023_001_15.wav;CNRSMH_E_1997_010_023_
items/2018/07/17/CNRSMH_E_1997_010_023/CNRSMH_E_1997_010_023_001_16.wav;CNRSMH_E_1997_010_023_
items/2018/07/17/CNRSMH_E_1997_010_023/CNRSMH_E_1997_010_023_001_17.wav;CNRSMH_E_1997_010_023_
items/2018/07/17/CNRSMH_E_1999_001_019/CNRSMH_E_1999_001_019_02.wav;CNRSMH_E_1999_001_019_
items/2018/07/17/CNRSMH_E_1999_001_019/CNRSMH_E_1999_001_019_03.wav;CNRSMH_E_1999_001_019_
items/2018/07/17/CNRSMH_E_1999_001_019/CNRSMH_E_1999_001_019_04.wav;CNRSMH_E_1999_001_019_
items/2018/07/17/CNRSMH_E_1999_001_019/CNRSMH_E_1999_001_019_05.wav;CNRSMH_E_1999_001_019_
items/2018/07/17/CNRSMH_E_1999_001_019/CNRSMH_E_1999_001_019_06.wav;CNRSMH_E_1999_001_019_
items/2018/07/17/CNRSMH_E_1999_001_019/CNRSMH_E_1999_001_019_07.wav;CNRSMH_E_1999_001_019_
items/2018/07/17/CNRSMH_E_1999_001_019/CNRSMH_E_1999_001_019_08.wav;CNRSMH_E_1999_001_019_
items/2018/07/17/CNRSMH_E_1999_001_021/CNRSMH_E_1999_001_021_02.wav;CNRSMH_E_1999_001_021_
items/2018/07/17/CNRSMH_E_1999_001_021/CNRSMH_E_1999_001_021_03.wav;CNRSMH_E_1999_001_021_
items/2018/07/17/CNRSMH_E_1999_001_021/CNRSMH_E_1999_001_021_04.wav;CNRSMH_E_1999_001_021_
items/2018/07/17/CNRSMH_E_1999_001_021/CNRSMH_E_1999_001_021_05.wav;CNRSMH_E_1999_001_021_
items/2018/07/17/CNRSMH_E_1999_001_021/CNRSMH_E_1999_001_021_06.wav;CNRSMH_E_1999_001_021_
items/2018/07/17/CNRSMH_E_1999_008_001/CNRSMH_E_1999_008_001_01.wav;CNRSMH_E_1999_008_001_
items/2018/07/17/CNRSMH_E_1999_008_001/CNRSMH_E_1999_008_001_02.wav;CNRSMH_E_1999_008_001_
items/2018/07/17/CNRSMH_E_1999_008_001/CNRSMH_E_1999_008_001_03.wav;CNRSMH_E_1999_008_001_
items/2018/07/17/CNRSMH_E_1999_008_001/CNRSMH_E_1999_008_001_04.wav;CNRSMH_E_1999_008_001_
items/2018/07/17/CNRSMH_E_1999_008_001/CNRSMH_E_1999_008_001_05.wav;CNRSMH_E_1999_008_001_
items/2018/07/17/CNRSMH_E_1999_008_001/CNRSMH_E_1999_008_001_06.wav;CNRSMH_E_1999_008_001_
items/2018/07/17/CNRSMH_E_1999_008_001/CNRSMH_E_1999_008_001_07.wav;CNRSMH_E_1999_008_001_
items/2018/07/17/CNRSMH_E_1999_008_001/CNRSMH_E_1999_008_001_08.wav;CNRSMH_E_1999_008_001_
items/2018/07/17/CNRSMH_E_1999_008_001/CNRSMH_E_1999_008_001_09.wav;CNRSMH_E_1999_008_001_
items/2018/07/17/CNRSMH_E_1999_008_001/CNRSMH_E_1999_008_001_10.wav;CNRSMH_E_1999_008_001_
items/2018/07/17/CNRSMH_E_1999_008_001/CNRSMH_E_1999_008_001_11.wav;CNRSMH_E_1999_008_001_
items/2018/07/17/CNRSMH_E_1999_008_001/CNRSMH_E_1999_008_001_12.wav;CNRSMH_E_1999_008_001_
items/2018/07/17/CNRSMH_E_1999_008_001/CNRSMH_E_1999_008_001_13.wav;CNRSMH_E_1999_008_001_
items/2018/07/17/CNRSMH_E_1999_008_001/CNRSMH_E_1999_008_001_14.wav;CNRSMH_E_1999_008_001_
items/2018/07/17/CNRSMH_E_1999_008_001/CNRSMH_E_1999_008_001_15.wav;CNRSMH_E_1999_008_001_
items/2018/07/17/CNRSMH_E_1999_008_001/CNRSMH_E_1999_008_001_16.wav;CNRSMH_E_1999_008_001_
items/2018/07/17/CNRSMH_E_1999_008_001/CNRSMH_E_1999_008_001_17.wav;CNRSMH_E_1999_008_001_
items/2018/07/17/CNRSMH_E_1999_008_001/CNRSMH_E_1999_008_001_18.wav;CNRSMH_E_1999_008_001_
items/2018/07/17/CNRSMH_E_1999_008_001/CNRSMH_E_1999_008_001_19.wav;CNRSMH_E_1999_008_001_
items/2018/07/17/CNRSMH_E_1999_008_001/CNRSMH_E_1999_008_001_20.wav;CNRSMH_E_1999_008_001_
items/2018/07/17/CNRSMH_E_1999_008_001/CNRSMH_E_1999_008_001_21.wav;CNRSMH_E_1999_008_001_
items/2018/07/17/CNRSMH_E_1999_008_001/CNRSMH_E_1999_008_001_22.wav;CNRSMH_E_1999_008_001_
items/2018/07/17/CNRSMH_E_1999_008_001/CNRSMH_E_1999_008_001_23.wav;CNRSMH_E_1999_008_001_
items/2018/07/17/CNRSMH_E_2000_009_001/CNRSMH_E_2000_009_001_001_01.wav;CNRSMH_E_2000_009_001_
items/2018/07/17/CNRSMH_E_2000_009_001/CNRSMH_E_2000_009_001_001_02.wav;CNRSMH_E_2000_009_001_
items/2018/07/17/CNRSMH_E_2000_009_001/CNRSMH_E_2000_009_001_002_01.wav;CNRSMH_E_2000_009_001_
items/2018/07/17/CNRSMH_E_2000_009_001/CNRSMH_E_2000_009_001_002_02.wav;CNRSMH_E_2000_009_001_
items/2018/07/17/CNRSMH_E_2000_017_004/CNRSMH_E_2000_017_004_02.wav;CNRSMH_E_2000_017_004_
items/2018/07/17/CNRSMH_E_2000_017_004/CNRSMH_E_2000_017_004_03.wav;CNRSMH_E_2000_017_004_
items/2018/07/17/CNRSMH_E_2000_017_004/CNRSMH_E_2000_017_004_04.wav;CNRSMH_E_2000_017_004_
items/2018/07/17/CNRSMH_E_2000_017_004/CNRSMH_E_2000_017_004_05.wav;CNRSMH_E_2000_017_004_
items/2018/07/17/CNRSMH_E_2000_017_004/CNRSMH_E_2000_017_004_06.wav;CNRSMH_E_2000_017_004_
items/2018/07/17/CNRSMH_E_2000_017_004/CNRSMH_E_2000_017_004_07.wav;CNRSMH_E_2000_017_004_
items/2018/07/17/CNRSMH_E_2000_017_004/CNRSMH_E_2000_017_004_08.wav;CNRSMH_E_2000_017_004_
items/2018/07/17/CNRSMH_E_2000_017_009/CNRSMH_E_2000_017_009_01.wav;CNRSMH_E_2000_017_009_
items/2018/07/17/CNRSMH_E_2000_017_009/CNRSMH_E_2000_017_009_02.wav;CNRSMH_E_2000_017_009_
items/2018/07/17/CNRSMH_E_2000_017_009/CNRSMH_E_2000_017_009_03.wav;CNRSMH_E_2000_017_009_
items/2018/07/17/CNRSMH_E_2000_017_009/CNRSMH_E_2000_017_009_04.wav;CNRSMH_E_2000_017_009_
items/2018/07/17/CNRSMH_E_2000_017_009/CNRSMH_E_2000_017_009_05.wav;CNRSMH_E_2000_017_009_
items/2018/07/17/CNRSMH_E_2000_017_009/CNRSMH_E_2000_017_009_06.wav;CNRSMH_E_2000_017_009_
items/2018/07/17/CNRSMH_E_2000_017_009/CNRSMH_E_2000_017_009_07.wav;CNRSMH_E_2000_017_009_
items/2018/07/17/CNRSMH_E_2000_017_009/CNRSMH_E_2000_017_009_08.wav;CNRSMH_E_2000_017_009_
items/2018/07/17/CNRSMH_E_2000_017_009/CNRSMH_E_2000_017_009_09.wav;CNRSMH_E_2000_017_009_
items/2018/07/17/CNRSMH_E_2000_017_009/CNRSMH_E_2000_017_009_10.wav;CNRSMH_E_2000_017_009_
items/2018/07/17/CNRSMH_E_2000_017_009/CNRSMH_E_2000_017_009_11.wav;CNRSMH_E_2000_017_009_
items/2018/07/17/CNRSMH_E_2000_017_009/CNRSMH_E_2000_017_009_12.wav;CNRSMH_E_2000_017_009_
items/2018/07/17/CNRSMH_E_2000_017_009/CNRSMH_E_2000_017_009_13.wav;CNRSMH_E_2000_017_009_
items/2018/07/17/CNRSMH_E_2000_017_009/CNRSMH_E_2000_017_009_14.wav;CNRSMH_E_2000_017_009_
items/2018/07/17/CNRSMH_E_2000_017_009/CNRSMH_E_2000_017_009_15.wav;CNRSMH_E_2000_017_009_
items/2018/07/17/CNRSMH_E_2000_017_009/CNRSMH_E_2000_017_009_16.wav;CNRSMH_E_2000_017_009_
items/2018/07/17/CNRSMH_E_2000_017_009/CNRSMH_E_2000_017_009_17.wav;CNRSMH_E_2000_017_009_
items/2018/07/17/CNRSMH_E_2000_017_009/CNRSMH_E_2000_017_009_18.wav;CNRSMH_E_2000_017_009_
items/2018/07/17/CNRSMH_E_2000_017_009/CNRSMH_E_2000_017_009_19.wav;CNRSMH_E_2000_017_009_
items/2018/07/17/CNRSMH_E_2000_017_009/CNRSMH_E_2000_017_009_20.wav;CNRSMH_E_2000_017_009_
items/2018/07/17/CNRSMH_E_2000_017_009/CNRSMH_E_2000_017_009_21.wav;CNRSMH_E_2000_017_009_
items/2018/07/17/CNRSMH_E_2000_017_009/CNRSMH_E_2000_017_009_22.wav;CNRSMH_E_2000_017_009_
items/2018/07/17/CNRSMH_E_2000_017_009/CNRSMH_E_2000_017_009_23.wav;CNRSMH_E_2000_017_009_
items/2018/07/17/CNRSMH_E_2000_017_009/CNRSMH_E_2000_017_009_24.wav;CNRSMH_E_2000_017_009_
items/2018/07/17/CNRSMH_E_2000_017_009/CNRSMH_E_2000_017_009_25.wav;CNRSMH_E_2000_017_009_
items/2018/07/17/CNRSMH_E_2000_017_009/CNRSMH_E_2000_017_009_26.wav;CNRSMH_E_2000_017_009_
items/2018/07/17/CNRSMH_E_2000_017_009/CNRSMH_E_2000_017_009_27.wav;CNRSMH_E_2000_017_009_
items/2018/07/17/CNRSMH_E_2000_017_009/CNRSMH_E_2000_017_009_28.wav;CNRSMH_E_2000_017_009_
items/2018/07/17/CNRSMH_E_2000_017_009/CNRSMH_E_2000_017_009_29.wav;CNRSMH_E_2000_017_009_
items/2018/07/17/CNRSMH_E_2000_017_009/CNRSMH_E_2000_017_009_30.wav;CNRSMH_E_2000_017_009_
items/2018/07/17/CNRSMH_E_2000_017_011/CNRSMH_E_2000_017_011_01.wav;CNRSMH_E_2000_017_011_
items/2018/07/17/CNRSMH_E_2000_017_011/CNRSMH_E_2000_017_011_02.wav;CNRSMH_E_2000_017_011_
items/2018/07/17/CNRSMH_E_2000_017_011/CNRSMH_E_2000_017_011_03.wav;CNRSMH_E_2000_017_011_
items/2018/07/17/CNRSMH_E_2000_017_011/CNRSMH_E_2000_017_011_04.wav;CNRSMH_E_2000_017_011_
items/2018/07/17/CNRSMH_E_2000_017_012/CNRSMH_E_2000_017_012_02.wav;CNRSMH_E_2000_017_012_
items/2018/07/17/CNRSMH_E_2000_017_012/CNRSMH_E_2000_017_012_03.wav;CNRSMH_E_2000_017_012_
items/2018/07/17/CNRSMH_E_2000_017_012/CNRSMH_E_2000_017_012_04.wav;CNRSMH_E_2000_017_012_
items/2018/07/17/CNRSMH_E_2000_017_012/CNRSMH_E_2000_017_012_05.wav;CNRSMH_E_2000_017_012_
items/2018/07/17/CNRSMH_E_2000_017_012/CNRSMH_E_2000_017_012_06.wav;CNRSMH_E_2000_017_012_
items/2018/07/17/CNRSMH_E_2000_017_012/CNRSMH_E_2000_017_012_07.wav;CNRSMH_E_2000_017_012_
items/2018/07/17/CNRSMH_E_2000_017_012/CNRSMH_E_2000_017_012_08.wav;CNRSMH_E_2000_017_012_
items/2018/07/17/CNRSMH_E_2000_017_012/CNRSMH_E_2000_017_012_09.wav;CNRSMH_E_2000_017_012_
items/2018/07/17/CNRSMH_E_2000_017_012/CNRSMH_E_2000_017_012_10.wav;CNRSMH_E_2000_017_012_
items/2018/07/17/CNRSMH_E_2000_017_012/CNRSMH_E_2000_017_012_11.wav;CNRSMH_E_2000_017_012_
items/2018/07/17/CNRSMH_E_2000_017_012/CNRSMH_E_2000_017_012_12.wav;CNRSMH_E_2000_017_012_
items/2018/07/17/CNRSMH_E_2000_017_012/CNRSMH_E_2000_017_012_13.wav;CNRSMH_E_2000_017_012_
items/2018/07/17/CNRSMH_E_2000_017_012/CNRSMH_E_2000_017_012_14.wav;CNRSMH_E_2000_017_012_
items/2018/07/17/CNRSMH_E_2000_017_012/CNRSMH_E_2000_017_012_15.wav;CNRSMH_E_2000_017_012_
items/2018/07/17/CNRSMH_E_2000_017_012/CNRSMH_E_2000_017_012_16.wav;CNRSMH_E_2000_017_012_
items/2018/07/17/CNRSMH_E_2000_017_013/CNRSMH_E_2000_017_013_01.wav;CNRSMH_E_2000_017_013_
items/2018/07/17/CNRSMH_E_2000_017_013/CNRSMH_E_2000_017_013_02.wav;CNRSMH_E_2000_017_013_
items/2018/07/17/CNRSMH_E_2000_017_013/CNRSMH_E_2000_017_013_03.wav;CNRSMH_E_2000_017_013_
items/2018/07/17/CNRSMH_E_2000_017_013/CNRSMH_E_2000_017_013_04.wav;CNRSMH_E_2000_017_013_
items/2018/07/17/CNRSMH_E_2000_017_013/CNRSMH_E_2000_017_013_05.wav;CNRSMH_E_2000_017_013_
items/2018/07/17/CNRSMH_E_2000_017_013/CNRSMH_E_2000_017_013_06.wav;CNRSMH_E_2000_017_013_
items/2018/07/17/CNRSMH_E_2000_017_013/CNRSMH_E_2000_017_013_07.wav;CNRSMH_E_2000_017_013_
items/2018/07/17/CNRSMH_E_2000_017_013/CNRSMH_E_2000_017_013_08.wav;CNRSMH_E_2000_017_013_
items/2018/07/17/CNRSMH_E_2000_017_013/CNRSMH_E_2000_017_013_09.wav;CNRSMH_E_2000_017_013_
items/2018/07/17/CNRSMH_E_2000_017_013/CNRSMH_E_2000_017_013_10.wav;CNRSMH_E_2000_017_013_
items/2018/07/17/CNRSMH_E_2000_017_013/CNRSMH_E_2000_017_013_11.wav;CNRSMH_E_2000_017_013_
items/2018/07/17/CNRSMH_E_2000_017_013/CNRSMH_E_2000_017_013_12.wav;CNRSMH_E_2000_017_013_
items/2018/07/17/CNRSMH_E_2000_017_013/CNRSMH_E_2000_017_013_13.wav;CNRSMH_E_2000_017_013_
items/2018/07/17/CNRSMH_E_2000_017_014/CNRSMH_E_2000_017_014_01.wav;CNRSMH_E_2000_017_014_
items/2018/07/17/CNRSMH_E_2000_017_014/CNRSMH_E_2000_017_014_02.wav;CNRSMH_E_2000_017_014_
items/2018/07/17/CNRSMH_E_2000_017_014/CNRSMH_E_2000_017_014_03.wav;CNRSMH_E_2000_017_014_
items/2018/07/17/CNRSMH_E_2000_017_014/CNRSMH_E_2000_017_014_04.wav;CNRSMH_E_2000_017_014_
items/2018/07/17/CNRSMH_E_2000_017_014/CNRSMH_E_2000_017_014_05.wav;CNRSMH_E_2000_017_014_
items/2018/07/17/CNRSMH_E_2000_017_014/CNRSMH_E_2000_017_014_06.wav;CNRSMH_E_2000_017_014_
items/2018/07/17/CNRSMH_E_2000_017_014/CNRSMH_E_2000_017_014_07.wav;CNRSMH_E_2000_017_014_
items/2018/07/17/CNRSMH_E_2000_017_014/CNRSMH_E_2000_017_014_08.wav;CNRSMH_E_2000_017_014_
items/2018/07/17/CNRSMH_E_2000_017_014/CNRSMH_E_2000_017_014_09.wav;CNRSMH_E_2000_017_014_
items/2018/07/17/CNRSMH_E_2000_017_014/CNRSMH_E_2000_017_014_10.wav;CNRSMH_E_2000_017_014_
items/2018/07/17/CNRSMH_E_2003_015_003/CNRSMH_E_2003_015_003_001_18.wav;CNRSMH_E_2003_015_003_
items/2018/07/17/CNRSMH_E_2003_015_003/CNRSMH_E_2003_015_003_001_19.wav;CNRSMH_E_2003_015_003_
items/2018/07/17/CNRSMH_E_2003_015_003/CNRSMH_E_2003_015_003_001_20.wav;CNRSMH_E_2003_015_003_
items/2018/07/17/CNRSMH_E_2003_015_003/CNRSMH_E_2003_015_003_001_21.wav;CNRSMH_E_2003_015_003_
items/2018/07/17/CNRSMH_E_2003_015_003/CNRSMH_E_2003_015_003_001_22.wav;CNRSMH_E_2003_015_003_
items/2018/07/17/CNRSMH_E_2003_015_003/CNRSMH_E_2003_015_003_001_23.wav;CNRSMH_E_2003_015_003_
items/2018/07/17/CNRSMH_E_2003_015_003/CNRSMH_E_2003_015_003_001_24.wav;CNRSMH_E_2003_015_003_
items/2018/07/17/CNRSMH_E_2003_015_003/CNRSMH_E_2003_015_003_001_25.wav;CNRSMH_E_2003_015_003_
items/2018/07/17/CNRSMH_E_2003_015_003/CNRSMH_E_2003_015_003_001_26.wav;CNRSMH_E_2003_015_003_
items/2018/07/17/CNRSMH_E_2003_015_003/CNRSMH_E_2003_015_003_001_27.wav;CNRSMH_E_2003_015_003_
items/2018/07/17/CNRSMH_E_2003_018_001/CNRSMH_E_2003_018_001_001_01.wav;CNRSMH_E_2003_018_001_
items/2018/07/17/CNRSMH_E_2003_018_001/CNRSMH_E_2003_018_001_001_02.wav;CNRSMH_E_2003_018_001_
items/2018/07/17/CNRSMH_E_2003_018_001/CNRSMH_E_2003_018_001_001_03.wav;CNRSMH_E_2003_018_001_
items/2018/07/17/CNRSMH_E_2003_018_001/CNRSMH_E_2003_018_001_001_04.wav;CNRSMH_E_2003_018_001_
items/2018/07/17/CNRSMH_E_2003_018_001/CNRSMH_E_2003_018_001_001_05.wav;CNRSMH_E_2003_018_001_
items/2018/07/17/CNRSMH_E_2003_018_001/CNRSMH_E_2003_018_001_001_06.wav;CNRSMH_E_2003_018_001_
items/2018/07/17/CNRSMH_E_2003_018_001/CNRSMH_E_2003_018_001_001_07.wav;CNRSMH_E_2003_018_001_
items/2018/07/17/CNRSMH_E_2003_018_001/CNRSMH_E_2003_018_001_001_08.wav;CNRSMH_E_2003_018_001_
items/2018/07/17/CNRSMH_E_2003_018_001/CNRSMH_E_2003_018_001_001_09.wav;CNRSMH_E_2003_018_001_
items/2018/07/17/CNRSMH_E_2003_018_001/CNRSMH_E_2003_018_001_001_10.wav;CNRSMH_E_2003_018_001_
items/2018/07/17/CNRSMH_E_2003_018_001/CNRSMH_E_2003_018_001_001_11.wav;CNRSMH_E_2003_018_001_
items/2018/07/17/CNRSMH_E_2005_005_018/CNRSMH_E_2005_005_018_01.wav;CNRSMH_E_2005_005_018_
items/2018/07/17/CNRSMH_E_2005_005_018/CNRSMH_E_2005_005_018_02.wav;CNRSMH_E_2005_005_018_
items/2018/07/17/CNRSMH_E_2005_005_018/CNRSMH_E_2005_005_018_03.wav;CNRSMH_E_2005_005_018_
items/2018/07/17/CNRSMH_E_2005_005_018/CNRSMH_E_2005_005_018_04.wav;CNRSMH_E_2005_005_018_
items/2018/07/17/CNRSMH_E_2005_005_018/CNRSMH_E_2005_005_018_05.wav;CNRSMH_E_2005_005_018_
items/2018/07/17/CNRSMH_E_2005_005_018/CNRSMH_E_2005_005_018_06.wav;CNRSMH_E_2005_005_018_
items/2018/07/17/CNRSMH_E_2005_005_018/CNRSMH_E_2005_005_018_07.wav;CNRSMH_E_2005_005_018_
items/2018/07/17/CNRSMH_E_2005_005_018/CNRSMH_E_2005_005_018_08.wav;CNRSMH_E_2005_005_018_
items/2018/07/17/CNRSMH_E_2005_005_018/CNRSMH_E_2005_005_018_09.wav;CNRSMH_E_2005_005_018_
items/2018/07/17/CNRSMH_E_2005_005_018/CNRSMH_E_2005_005_018_10.wav;CNRSMH_E_2005_005_018_
items/2018/07/17/CNRSMH_E_2005_005_019/CNRSMH_E_2005_005_019_01.wav;CNRSMH_E_2005_005_019_
items/2018/07/17/CNRSMH_E_2005_005_019/CNRSMH_E_2005_005_019_02.wav;CNRSMH_E_2005_005_019_
items/2018/07/17/CNRSMH_E_2005_005_019/CNRSMH_E_2005_005_019_03.wav;CNRSMH_E_2005_005_019_
items/2018/07/17/CNRSMH_E_2005_005_019/CNRSMH_E_2005_005_019_04.wav;CNRSMH_E_2005_005_019_
items/2018/07/17/CNRSMH_E_2005_005_019/CNRSMH_E_2005_005_019_05.wav;CNRSMH_E_2005_005_019_
items/2018/07/17/CNRSMH_E_2005_005_019/CNRSMH_E_2005_005_019_06.wav;CNRSMH_E_2005_005_019_
items/2018/07/17/CNRSMH_E_2005_005_019/CNRSMH_E_2005_005_019_07.wav;CNRSMH_E_2005_005_019_
items/2018/07/17/CNRSMH_E_2005_005_019/CNRSMH_E_2005_005_019_08.wav;CNRSMH_E_2005_005_019_
items/2018/07/17/CNRSMH_E_2005_005_019/CNRSMH_E_2005_005_019_09.wav;CNRSMH_E_2005_005_019_
items/2018/07/17/CNRSMH_E_2005_005_019/CNRSMH_E_2005_005_019_10.wav;CNRSMH_E_2005_005_019_
items/2018/07/17/CNRSMH_E_2005_005_019/CNRSMH_E_2005_005_019_11.wav;CNRSMH_E_2005_005_019_
items/2018/07/17/CNRSMH_E_2005_005_019/CNRSMH_E_2005_005_019_12.wav;CNRSMH_E_2005_005_019_
items/2018/07/17/CNRSMH_E_2005_005_019/CNRSMH_E_2005_005_019_13.wav;CNRSMH_E_2005_005_019_
items/2018/07/17/CNRSMH_E_2005_005_019/CNRSMH_E_2005_005_019_14.wav;CNRSMH_E_2005_005_019_
items/2018/07/17/CNRSMH_E_2005_005_019/CNRSMH_E_2005_005_019_15.wav;CNRSMH_E_2005_005_019_
items/2018/07/17/CNRSMH_E_2005_005_020/CNRSMH_E_2005_005_020_01.wav;CNRSMH_E_2005_005_020_
items/2018/07/17/CNRSMH_E_2005_005_020/CNRSMH_E_2005_005_020_02.wav;CNRSMH_E_2005_005_020_
items/2018/07/17/CNRSMH_E_2005_005_020/CNRSMH_E_2005_005_020_03.wav;CNRSMH_E_2005_005_020_
items/2018/07/17/CNRSMH_E_2005_005_020/CNRSMH_E_2005_005_020_04.wav;CNRSMH_E_2005_005_020_
items/2018/07/17/CNRSMH_E_2005_005_020/CNRSMH_E_2005_005_020_05.wav;CNRSMH_E_2005_005_020_
items/2018/07/17/CNRSMH_E_2005_005_020/CNRSMH_E_2005_005_020_06.wav;CNRSMH_E_2005_005_020_
items/2018/07/17/CNRSMH_E_2005_005_020/CNRSMH_E_2005_005_020_07.wav;CNRSMH_E_2005_005_020_
items/2018/07/17/CNRSMH_E_2005_005_020/CNRSMH_E_2005_005_020_08.wav;CNRSMH_E_2005_005_020_
items/2018/07/17/CNRSMH_E_2005_005_020/CNRSMH_E_2005_005_020_09.wav;CNRSMH_E_2005_005_020_
items/2018/07/17/CNRSMH_E_2005_005_020/CNRSMH_E_2005_005_020_10.wav;CNRSMH_E_2005_005_020_
items/2018/07/17/CNRSMH_E_2005_005_020/CNRSMH_E_2005_005_020_11.wav;CNRSMH_E_2005_005_020_
items/2018/07/17/CNRSMH_E_2011_002_006/CNRSMH_E_2011_002_006_001_03.wav;CNRSMH_E_2011_002_006_
items/2018/07/17/CNRSMH_E_2011_002_006/CNRSMH_E_2011_002_006_001_04.wav;CNRSMH_E_2011_002_006_
items/2018/07/17/CNRSMH_E_2011_002_006/CNRSMH_E_2011_002_006_001_05.wav;CNRSMH_E_2011_002_006_
items/2018/07/17/CNRSMH_E_2011_002_006/CNRSMH_E_2011_002_006_001_06.wav;CNRSMH_E_2011_002_006_
items/2018/07/17/CNRSMH_E_2011_002_006/CNRSMH_E_2011_002_006_001_07.wav;CNRSMH_E_2011_002_006_
items/2018/07/17/CNRSMH_E_2011_002_006/CNRSMH_E_2011_002_006_001_08.wav;CNRSMH_E_2011_002_006_
items/2018/07/17/CNRSMH_E_2011_002_006/CNRSMH_E_2011_002_006_001_09.wav;CNRSMH_E_2011_002_006_
items/2018/07/17/CNRSMH_E_2011_002_006/CNRSMH_E_2011_002_006_001_10.wav;CNRSMH_E_2011_002_006_
items/2018/07/17/CNRSMH_E_2011_002_006/CNRSMH_E_2011_002_006_001_11.wav;CNRSMH_E_2011_002_006_
items/2018/07/17/CNRSMH_E_2011_002_006/CNRSMH_E_2011_002_006_001_12.wav;CNRSMH_E_2011_002_006_
items/2018/07/17/CNRSMH_E_2011_002_006/CNRSMH_E_2011_002_006_001_13.wav;CNRSMH_E_2011_002_006_
items/2018/07/17/CNRSMH_E_2011_002_006/CNRSMH_E_2011_002_006_001_14.wav;CNRSMH_E_2011_002_006_
items/2018/07/17/CNRSMH_E_2011_002_006/CNRSMH_E_2011_002_006_001_15.wav;CNRSMH_E_2011_002_006_
items/2018/07/17/CNRSMH_E_2011_002_006/CNRSMH_E_2011_002_006_001_16.wav;CNRSMH_E_2011_002_006_
items/2018/07/17/CNRSMH_E_2011_002_059/CNRSMH_E_2011_002_059_02.wav;CNRSMH_E_2011_002_059_
items/2018/07/17/CNRSMH_E_2011_002_059/CNRSMH_E_2011_002_059_03.wav;CNRSMH_E_2011_002_059_
items/2018/07/17/CNRSMH_E_2011_002_101/CNRSMH_E_2011_002_101_001_01.wav;CNRSMH_E_2011_002_101_
items/2018/07/17/CNRSMH_E_2011_002_101/CNRSMH_E_2011_002_101_001_02.wav;CNRSMH_E_2011_002_101_
items/2018/07/17/CNRSMH_E_2011_002_101/CNRSMH_E_2011_002_101_001_03.wav;CNRSMH_E_2011_002_101_
items/2018/07/17/CNRSMH_E_2011_002_101/CNRSMH_E_2011_002_101_001_04.wav;CNRSMH_E_2011_002_101_
items/2018/07/17/CNRSMH_E_2011_002_101/CNRSMH_E_2011_002_101_001_05.wav;CNRSMH_E_2011_002_101_
items/2018/07/17/CNRSMH_E_2011_002_101/CNRSMH_E_2011_002_101_001_06.wav;CNRSMH_E_2011_002_101_
items/2018/07/17/CNRSMH_E_2011_002_101/CNRSMH_E_2011_002_101_001_07.wav;CNRSMH_E_2011_002_101_
items/2018/07/17/CNRSMH_E_2011_002_101/CNRSMH_E_2011_002_101_001_08.wav;CNRSMH_E_2011_002_101_
items/2018/07/17/CNRSMH_E_2011_002_101/CNRSMH_E_2011_002_101_001_09.wav;CNRSMH_E_2011_002_101_
items/2018/07/17/CNRSMH_E_2011_002_101/CNRSMH_E_2011_002_101_001_10.wav;CNRSMH_E_2011_002_101_
items/2018/07/17/CNRSMH_E_2011_002_101/CNRSMH_E_2011_002_101_001_11.wav;CNRSMH_E_2011_002_101_
items/2018/07/17/CNRSMH_E_2011_002_101/CNRSMH_E_2011_002_101_001_12.wav;CNRSMH_E_2011_002_101_
items/2018/07/17/CNRSMH_E_2011_002_101/CNRSMH_E_2011_002_101_001_13.wav;CNRSMH_E_2011_002_101_
items/2018/07/17/CNRSMH_E_2011_002_101/CNRSMH_E_2011_002_101_001_14.wav;CNRSMH_E_2011_002_101_
items/2018/07/17/CNRSMH_E_2011_002_101/CNRSMH_E_2011_002_101_001_15.wav;CNRSMH_E_2011_002_101_
items/2018/07/17/CNRSMH_E_2011_002_101/CNRSMH_E_2011_002_101_001_16.wav;CNRSMH_E_2011_002_101_
items/2018/07/17/CNRSMH_E_2011_002_101/CNRSMH_E_2011_002_101_001_17.wav;CNRSMH_E_2011_002_101_
items/2018/07/17/CNRSMH_E_2011_002_101/CNRSMH_E_2011_002_101_001_18.wav;CNRSMH_E_2011_002_101_
items/2018/07/17/CNRSMH_E_2011_002_101/CNRSMH_E_2011_002_101_001_19.wav;CNRSMH_E_2011_002_101_
items/2018/07/17/CNRSMH_E_2011_002_101/CNRSMH_E_2011_002_101_001_20.wav;CNRSMH_E_2011_002_101_
items/2018/07/17/CNRSMH_E_2011_002_101/CNRSMH_E_2011_002_101_001_21.wav;CNRSMH_E_2011_002_101_
items/2018/07/17/CNRSMH_E_2011_002_101/CNRSMH_E_2011_002_101_001_22.wav;CNRSMH_E_2011_002_101_
items/2018/07/17/CNRSMH_E_2011_002_101/CNRSMH_E_2011_002_101_001_23.wav;CNRSMH_E_2011_002_101_
items/2018/07/17/CNRSMH_E_2011_002_101/CNRSMH_E_2011_002_101_001_24.wav;CNRSMH_E_2011_002_101_
items/2018/07/17/CNRSMH_E_2011_002_101/CNRSMH_E_2011_002_101_001_25.wav;CNRSMH_E_2011_002_101_
items/2018/07/17/CNRSMH_E_2011_002_101/CNRSMH_E_2011_002_101_001_26.wav;CNRSMH_E_2011_002_101_
items/2018/07/17/CNRSMH_E_2011_002_101/CNRSMH_E_2011_002_101_001_27.wav;CNRSMH_E_2011_002_101_
items/2018/07/17/CNRSMH_E_2011_002_101/CNRSMH_E_2011_002_101_001_28.wav;CNRSMH_E_2011_002_101_
items/2018/07/17/CNRSMH_E_2011_002_101/CNRSMH_E_2011_002_101_001_29.wav;CNRSMH_E_2011_002_101_
items/2018/07/17/CNRSMH_E_2011_002_101/CNRSMH_E_2011_002_101_001_30.wav;CNRSMH_E_2011_002_101_
items/2018/07/23/CNRSMH_E_1932_006_027_001_01.wav;CNRSMH_E_1932_006_027_
items/2018/07/23/CNRSMH_E_1932_006_027_001_02.wav;CNRSMH_E_1932_006_027_
items/2018/07/23/CNRSMH_E_1934_006_022_001_01.wav;CNRSMH_E_1934_006_022_
items/2018/07/23/CNRSMH_E_1934_006_022_001_02.wav;CNRSMH_E_1934_006_022_
items/2018/07/23/CNRSMH_E_1934_006_023_001_01.wav;CNRSMH_E_1934_006_023_
items/2018/07/23/CNRSMH_E_1934_006_023_001_02.wav;CNRSMH_E_1934_006_023_
items/2018/07/23/CNRSMH_E_1934_006_024_001_01.wav;CNRSMH_E_1934_006_024_
items/2018/07/23/CNRSMH_E_1934_006_024_001_02.wav;CNRSMH_E_1934_006_024_
items/2018/07/23/CNRSMH_E_1934_006_025_001_01.wav;CNRSMH_E_1934_006_025_
items/2018/07/23/CNRSMH_E_1934_006_025_001_02.wav;CNRSMH_E_1934_006_025_
items/2018/07/23/CNRSMH_E_1934_006_026_001_01.wav;CNRSMH_E_1934_006_026_
items/2018/07/23/CNRSMH_E_1934_006_026_001_02.wav;CNRSMH_E_1934_006_026_
items/2018/07/23/CNRSMH_E_1934_006_031_001_01.wav;CNRSMH_E_1934_006_031_
items/2018/07/23/CNRSMH_E_1934_006_031_001_02.wav;CNRSMH_E_1934_006_031_
items/2018/07/23/CNRSMH_E_1934_006_032_001_01.wav;CNRSMH_E_1934_006_032_
items/2018/07/23/CNRSMH_E_1969_022_007_001_01.wav;CNRSMH_E_1969_022_007_
items/2018/07/23/CNRSMH_E_1970_017_014_001_01.wav;CNRSMH_E_1970_017_014_
items/2018/07/23/CNRSMH_E_1970_017_015_001_01.wav;CNRSMH_E_1970_017_015_
items/2018/07/23/CNRSMH_E_1970_017_030_001_01.wav;CNRSMH_E_1970_017_030_
items/2018/07/23/CNRSMH_E_1970_017_031_01.wav;CNRSMH_E_1970_017_031_
items/2018/07/23/CNRSMH_E_1972_003_008_001_01.wav;CNRSMH_E_1972_003_008_
items/2018/07/23/CNRSMH_E_1974_009_002_001_01.wav;CNRSMH_E_1974_009_002_
items/2018/07/23/CNRSMH_E_1974_009_003_001_01.wav;CNRSMH_E_1974_009_003_
items/2018/07/23/CNRSMH_E_1974_009_004_001_01.wav;CNRSMH_E_1974_009_004_
items/2018/07/23/CNRSMH_E_1974_009_005_001_01.wav;CNRSMH_E_1974_009_005_
items/2018/07/23/CNRSMH_E_1980_008_002_01.wav;CNRSMH_E_1980_008_002_
items/2018/07/23/CNRSMH_E_1984_010_007_01.wav;CNRSMH_E_1984_010_007_
items/2018/07/23/CNRSMH_E_1992_005_001_01.wav;CNRSMH_E_1992_005_001_
items/2018/07/23/CNRSMH_E_1992_005_002_01.wav;CNRSMH_E_1992_005_002_
items/2018/07/23/CNRSMH_E_1992_006_004_01.wav;CNRSMH_E_1992_006_004_
items/2018/07/23/CNRSMH_E_1992_015_004_001_01.wav;CNRSMH_E_1992_015_004_
items/2018/07/23/CNRSMH_E_1992_015_011_001_01.wav;CNRSMH_E_1992_015_011_
items/2018/07/23/CNRSMH_E_1993_003_006_001_01.wav;CNRSMH_E_1993_003_006_
items/2018/07/23/CNRSMH_E_1993_009_018_001_01.wav;CNRSMH_E_1993_009_018_
items/2018/07/23/CNRSMH_E_1993_009_026_001_01.wav;CNRSMH_E_1993_009_026_
items/2018/07/23/CNRSMH_E_1993_009_033_01.wav;CNRSMH_E_1993_009_033_
items/2018/07/23/CNRSMH_E_1993_009_046_01.wav;CNRSMH_E_1993_009_046_
items/2018/07/23/CNRSMH_E_1993_009_050_001_01.wav;CNRSMH_E_1993_009_050_
items/2018/07/23/CNRSMH_E_1993_009_051_001_01.wav;CNRSMH_E_1993_009_051_
items/2018/07/23/CNRSMH_E_1993_009_059_001_01.wav;CNRSMH_E_1993_009_059_
items/2018/07/23/CNRSMH_E_1993_009_065_001_01.wav;CNRSMH_E_1993_009_065_
items/2018/07/23/CNRSMH_E_1994_010_003_01.wav;CNRSMH_E_1994_010_003_
items/2018/07/23/CNRSMH_E_1994_015_001_001_01.wav;CNRSMH_E_1994_015_001_
items/2018/07/23/CNRSMH_E_1994_019_007_001_01.wav;CNRSMH_E_1994_019_007_
items/2018/07/23/CNRSMH_E_1995_001_002_01.wav;CNRSMH_E_1995_001_002_
items/2018/07/23/CNRSMH_E_1995_021_002_01.wav;CNRSMH_E_1995_021_002_
items/2018/07/23/CNRSMH_E_1997_004_001_01.wav;CNRSMH_E_1997_004_001_
items/2018/07/23/CNRSMH_E_1997_008_020_001_01.wav;CNRSMH_E_1997_008_020_
items/2018/07/23/CNRSMH_E_1997_008_021_001_01.wav;CNRSMH_E_1997_008_021_
items/2018/07/23/CNRSMH_E_1999_001_019_01.wav;CNRSMH_E_1999_001_019_
items/2018/07/23/CNRSMH_E_1999_001_021_01.wav;CNRSMH_E_1999_001_021_
items/2018/07/23/CNRSMH_E_2000_017_004_01.wav;CNRSMH_E_2000_017_004_
items/2018/07/23/CNRSMH_E_2000_017_012_01.wav;CNRSMH_E_2000_017_012_
items/2018/07/24/CNRSMH_E_1934_006_032_001_02.wav;CNRSMH_E_1934_006_032_
items/2018/07/24/CNRSMH_E_1934_006_033_001_01.wav;CNRSMH_E_1934_006_033_
items/2018/07/24/CNRSMH_E_1934_006_033_001_02.wav;CNRSMH_E_1934_006_033_
items/2018/07/24/CNRSMH_E_1934_006_034_001_01.wav;CNRSMH_E_1934_006_034_
items/2018/07/24/CNRSMH_E_1934_006_034_001_02.wav;CNRSMH_E_1934_006_034_
items/2018/07/24/CNRSMH_E_1934_006_035_001_01.wav;CNRSMH_E_1934_006_035_
items/2018/07/24/CNRSMH_E_1934_006_035_001_02.wav;CNRSMH_E_1934_006_035_
items/2018/07/24/CNRSMH_E_1934_006_043_001_01.wav;CNRSMH_E_1934_006_043_
items/2018/07/24/CNRSMH_E_1934_006_043_001_02.wav;CNRSMH_E_1934_006_043_
items/2018/07/24/CNRSMH_E_1934_006_044_001_01.wav;CNRSMH_E_1934_006_044_
items/2018/07/24/CNRSMH_E_1934_006_044_001_02.wav;CNRSMH_E_1934_006_044_
items/2018/07/24/CNRSMH_E_1934_006_047_001_02.wav;CNRSMH_E_1934_006_047_
items/2018/07/24/CNRSMH_E_1934_006_048_001_01.wav;CNRSMH_E_1934_006_048_
items/2018/07/24/CNRSMH_E_1934_006_048_001_02.wav;CNRSMH_E_1934_006_048_
items/2018/07/24/CNRSMH_E_1934_006_049_001_01.wav;CNRSMH_E_1934_006_049_
items/2018/07/24/CNRSMH_E_1934_006_049_001_02.wav;CNRSMH_E_1934_006_049_
items/2018/07/24/CNRSMH_E_1934_006_050_001_01.wav;CNRSMH_E_1934_006_050_
items/2018/07/24/CNRSMH_E_1934_006_050_001_02.wav;CNRSMH_E_1934_006_050_
items/2018/07/24/CNRSMH_E_1934_006_051_001_01.wav;CNRSMH_E_1934_006_051_
items/2018/07/24/CNRSMH_E_1934_006_051_001_02.wav;CNRSMH_E_1934_006_051_
items/2018/07/24/CNRSMH_E_1934_006_053_001_01.wav;CNRSMH_E_1934_006_053_
items/2018/07/24/CNRSMH_E_1934_006_053_001_02.wav;CNRSMH_E_1934_006_053_
items/2018/07/24/CNRSMH_E_2011_002_041_001_01.wav;CNRSMH_E_2011_002_041_
items/2018/07/24/CNRSMH_E_2011_002_041_001_02.wav;CNRSMH_E_2011_002_041_
items/2018/07/24/CNRSMH_E_2011_002_041_001_03.wav;CNRSMH_E_2011_002_041_
items/2018/07/24/CNRSMH_E_2011_002_041_001_04.wav;CNRSMH_E_2011_002_041_
items/2018/07/24/CNRSMH_E_2011_002_041_002_01.wav;CNRSMH_E_2011_002_041_
items/2018/07/24/CNRSMH_E_2011_002_041_002_02.wav;CNRSMH_E_2011_002_041_
items/2018/07/24/CNRSMH_E_2011_002_041_002_03.wav;CNRSMH_E_2011_002_041_
items/2018/07/24/CNRSMH_E_2011_002_041_002_04.wav;CNRSMH_E_2011_002_041_
items/2018/07/24/CNRSMH_E_2011_002_041_003_01.wav;CNRSMH_E_2011_002_041_
items/2018/07/24/CNRSMH_E_2011_002_041_003_02.wav;CNRSMH_E_2011_002_041_
items/2018/07/24/CNRSMH_E_2011_002_041_003_03.wav;CNRSMH_E_2011_002_041_
items/2018/07/24/CNRSMH_E_2011_002_041_004_01.wav;CNRSMH_E_2011_002_041_
items/2018/07/24/CNRSMH_E_2011_002_041_004_02.wav;CNRSMH_E_2011_002_041_
items/2018/07/24/CNRSMH_E_2011_002_041_004_03.wav;CNRSMH_E_2011_002_041_
items/2018/07/24/CNRSMH_E_2011_002_041_004_04.wav;CNRSMH_E_2011_002_041_
items/2018/07/24/CNRSMH_E_2011_002_041_004_05.wav;CNRSMH_E_2011_002_041_
items/2018/07/24/CNRSMH_E_2011_002_041_005_01.wav;CNRSMH_E_2011_002_041_
items/2018/07/24/CNRSMH_E_2011_002_041_005_02.wav;CNRSMH_E_2011_002_041_
items/2018/07/24/CNRSMH_E_2011_002_041_005_03.wav;CNRSMH_E_2011_002_041_
items/2018/07/24/CNRSMH_E_2011_002_041_005_04.wav;CNRSMH_E_2011_002_041_
items/2018/07/24/CNRSMH_E_2011_002_041_005_05.wav;CNRSMH_E_2011_002_041_
items/2018/07/24/CNRSMH_E_2011_002_041_006_01.wav;CNRSMH_E_2011_002_041_
items/2018/07/24/CNRSMH_E_2011_002_041_006_02.wav;CNRSMH_E_2011_002_041_
items/2018/07/24/CNRSMH_E_2011_002_041_006_03.wav;CNRSMH_E_2011_002_041_
items/2018/07/24/CNRSMH_E_2011_002_041_006_04.wav;CNRSMH_E_2011_002_041_
items/2018/07/24/CNRSMH_E_2011_002_041_006_05.wav;CNRSMH_E_2011_002_041_
items/2018/07/25/CNRSMH_E_1934_006_047_01.wav;CNRSMH_E_1934_006_047_
items/2018/07/25/CNRSMH_E_1934_006_052_02.wav;CNRSMH_E_1934_006_052_
items/2018/07/25/CNRSMH_E_1934_006_056_001_01.wav;CNRSMH_E_1934_006_056_
items/2018/07/25/CNRSMH_E_1934_006_056_001_02.wav;CNRSMH_E_1934_006_056_
items/2018/07/25/CNRSMH_E_1934_006_057_001_01.wav;CNRSMH_E_1934_006_057_
items/2018/07/25/CNRSMH_E_1934_006_057_001_02.wav;CNRSMH_E_1934_006_057_
items/2018/07/25/CNRSMH_E_1965_020_001_01.wav;CNRSMH_E_1965_020_001_
items/2018/07/25/CNRSMH_E_1965_023_001_01.wav;CNRSMH_E_1965_023_001_
items/2018/07/25/CNRSMH_E_1965_050_001_02_F5VPUcB.wav;CNRSMH_E_1965_050_001_
items/2018/07/25/CNRSMH_E_1965_072_001_01.wav;CNRSMH_E_1965_072_001_
items/2018/07/25/CNRSMH_E_1965_128_001_01.wav;CNRSMH_E_1965_128_001_
items/2018/07/26/CNRSMH_E_1965_025_001_01.wav;CNRSMH_E_1965_025_001_
items/2018/07/26/CNRSMH_E_1965_025_001_02.wav;CNRSMH_E_1965_025_001_
items/2018/07/26/CNRSMH_E_1965_028_001_01.wav;CNRSMH_E_1965_028_001_
items/2018/07/26/CNRSMH_E_1965_028_001_02.wav;CNRSMH_E_1965_028_001_
items/2018/07/26/CNRSMH_E_1965_031_001_01.wav;CNRSMH_E_1965_031_001_
items/2018/07/26/CNRSMH_E_1965_031_001_02.wav;CNRSMH_E_1965_031_001_
items/2018/07/26/CNRSMH_E_1965_043_001_01.wav;CNRSMH_E_1965_043_001_
items/2018/07/26/CNRSMH_E_1965_043_001_02.wav;CNRSMH_E_1965_043_001_
items/2018/07/27/CNRSMH_E_1951_010_001_001_01.wav;CNRSMH_E_1951_010_001_
items/2018/07/27/CNRSMH_E_1951_010_001_001_02.wav;CNRSMH_E_1951_010_001_
items/2018/07/27/CNRSMH_E_1951_010_001_002_01.wav;CNRSMH_E_1951_010_001_
items/2018/07/27/CNRSMH_E_1951_010_001_002_02.wav;CNRSMH_E_1951_010_001_
items/2018/07/27/CNRSMH_E_1951_010_001_003_01.wav;CNRSMH_E_1951_010_001_
items/2018/07/30/CNRSMH_E_1955_016_012_01.wav;CNRSMH_E_1955_016_012_
items/2018/07/30/CNRSMH_E_1955_016_012_02.wav;CNRSMH_E_1955_016_012_
items/2018/07/30/CNRSMH_E_1955_016_012_03.wav;CNRSMH_E_1955_016_012_
items/2018/07/30/CNRSMH_E_1955_016_012_04.wav;CNRSMH_E_1955_016_012_
items/2018/07/30/CNRSMH_E_1955_016_012_05.wav;CNRSMH_E_1955_016_012_
items/2018/07/30/CNRSMH_E_1955_016_012_06.wav;CNRSMH_E_1955_016_012_
items/2018/07/30/CNRSMH_E_1955_016_012_07.wav;CNRSMH_E_1955_016_012_
items/2018/07/30/CNRSMH_E_1955_016_012_08.wav;CNRSMH_E_1955_016_012_
items/2018/07/30/CNRSMH_E_1955_016_012_09.wav;CNRSMH_E_1955_016_012_
items/2018/07/30/CNRSMH_E_1955_016_012_10.wav;CNRSMH_E_1955_016_012_
items/2018/07/30/CNRSMH_E_1955_016_012_11_rKJnL1d.wav;CNRSMH_E_1955_016_012_
items/2018/07/30/CNRSMH_E_1955_016_012_12.wav;CNRSMH_E_1955_016_012_
items/2018/07/30/CNRSMH_E_1955_016_012_13.wav;CNRSMH_E_1955_016_012_
items/2018/07/30/CNRSMH_E_1955_016_012_14.wav;CNRSMH_E_1955_016_012_
items/2018/07/30/CNRSMH_E_1955_016_012_15.wav;CNRSMH_E_1955_016_012_
items/2018/07/30/CNRSMH_E_1955_016_012_16.wav;CNRSMH_E_1955_016_012_
items/2018/07/30/CNRSMH_E_1955_016_012_17.wav;CNRSMH_E_1955_016_012_
items/2018/07/30/CNRSMH_E_1955_016_012_18.wav;CNRSMH_E_1955_016_012_
items/2018/07/30/CNRSMH_E_1965_044_001_01.wav;CNRSMH_E_1965_044_001_
items/2018/07/30/CNRSMH_E_1965_044_001_02.wav;CNRSMH_E_1965_044_001_
items/2018/07/30/CNRSMH_E_1965_045_001_02.wav;CNRSMH_E_1965_045_001_
items/2018/07/30/CNRSMH_E_1965_047_001_01.wav;CNRSMH_E_1965_047_001_
items/2018/07/30/CNRSMH_E_1965_048_001_01.wav;CNRSMH_E_1965_048_001_
items/2018/07/30/CNRSMH_E_1965_048_001_02.wav;CNRSMH_E_1965_048_001_
items/2018/07/30/CNRSMH_E_1965_049_001_01.wav;CNRSMH_E_1965_049_001_
items/2018/07/30/CNRSMH_E_1965_049_001_02.wav;CNRSMH_E_1965_049_001_
items/2018/07/30/CNRSMH_E_1965_052_001_01.wav;CNRSMH_E_1965_052_001_
items/2018/07/30/CNRSMH_E_1965_053_001_01.wav;CNRSMH_E_1965_053_001_
items/2018/07/30/CNRSMH_E_1965_053_001_02.wav;CNRSMH_E_1965_053_001_
items/2018/07/31/CNRSMH_E_1959_003_008_05.wav;CNRSMH_E_1959_003_008_
items/2018/07/31/CNRSMH_E_1959_003_008_06.wav;CNRSMH_E_1959_003_008_
items/2018/07/31/CNRSMH_E_1959_003_008_07.wav;CNRSMH_E_1959_003_008_
items/2018/07/31/CNRSMH_E_1965_055_001_01.wav;CNRSMH_E_1965_055_001_
items/2018/07/31/CNRSMH_E_1965_056_001_01.wav;CNRSMH_E_1965_056_001_
items/2018/07/31/CNRSMH_E_1965_056_001_02.wav;CNRSMH_E_1965_056_001_
items/2018/07/31/CNRSMH_E_1965_057_001_01.wav;CNRSMH_E_1965_057_001_
items/2018/07/31/CNRSMH_E_1965_058_001_01.wav;CNRSMH_E_1965_058_001_
items/2018/07/31/CNRSMH_E_1965_059_001_02.wav;CNRSMH_E_1965_059_001_
items/2018/07/31/CNRSMH_E_1965_067_001_01.wav;CNRSMH_E_1965_067_001_
items/2018/07/31/CNRSMH_E_1965_070_001_01.wav;CNRSMH_E_1965_070_001_
items/2018/07/31/CNRSMH_E_1965_070_001_02.wav;CNRSMH_E_1965_070_001_
items/2018/07/31/CNRSMH_E_1965_073_001_01.wav;CNRSMH_E_1965_073_001_
items/2018/07/31/CNRSMH_E_1965_073_001_02.wav;CNRSMH_E_1965_073_001_
items/2018/07/31/CNRSMH_E_1965_074_001_02.wav;CNRSMH_E_1965_074_001_
items/2018/07/31/CNRSMH_E_1965_075_001_01.wav;CNRSMH_E_1965_075_001_
items/2018/07/31/CNRSMH_E_1965_076_001_01.wav;CNRSMH_E_1965_076_001_
items/2018/08/01/CNRSMH_E_1965_037_001_01.wav;CNRSMH_E_1965_037_001_
items/2018/08/01/CNRSMH_E_1965_038_001_02.wav;CNRSMH_E_1965_038_001_
items/2018/08/01/CNRSMH_E_1965_077_001_02.wav;CNRSMH_E_1965_077_001_
items/2018/08/01/CNRSMH_E_1965_079_001_02.wav;CNRSMH_E_1965_079_001_
items/2018/08/01/CNRSMH_E_1965_080_001_01.wav;CNRSMH_E_1965_080_001_
items/2018/08/01/CNRSMH_E_1965_081_001_01.wav;CNRSMH_E_1965_081_001_
items/2018/08/01/CNRSMH_E_1965_082_001_01.wav;CNRSMH_E_1965_082_001_
items/2018/08/01/CNRSMH_E_1965_083_001_01.wav;CNRSMH_E_1965_083_001_
items/2018/08/01/CNRSMH_E_1965_083_001_02.wav;CNRSMH_E_1965_083_001_
items/2018/08/01/CNRSMH_E_1965_084_001_01.wav;CNRSMH_E_1965_084_001_
items/2018/08/01/CNRSMH_E_1965_084_001_02.wav;CNRSMH_E_1965_084_001_
items/2018/08/01/CNRSMH_E_1965_085_001_01.wav;CNRSMH_E_1965_085_001_
items/2018/08/01/CNRSMH_E_1965_086_001_01.wav;CNRSMH_E_1965_086_001_
items/2018/08/01/CNRSMH_E_1965_086_001_02.wav;CNRSMH_E_1965_086_001_
items/2018/08/01/CNRSMH_E_1965_087_001_01.wav;CNRSMH_E_1965_087_001_
items/2018/08/01/CNRSMH_E_1965_087_001_02.wav;CNRSMH_E_1965_087_001_
items/2018/08/01/CNRSMH_E_1965_090_001_02.wav;CNRSMH_E_1965_090_001_
items/2018/08/01/CNRSMH_E_1965_092_001_01.wav;CNRSMH_E_1965_092_001_
items/2018/08/01/CNRSMH_E_1965_093_001_01.wav;CNRSMH_E_1965_093_001_
items/2018/08/01/CNRSMH_E_1965_094_001_02.wav;CNRSMH_E_1965_094_001_
items/2018/08/01/CNRSMH_E_1965_096_001_02.wav;CNRSMH_E_1965_096_001_
items/2018/08/01/CNRSMH_E_1965_097_001_02.wav;CNRSMH_E_1965_097_001_
items/2018/08/01/CNRSMH_E_1965_098_001_01.wav;CNRSMH_E_1965_098_001_
items/2018/08/01/CNRSMH_E_1965_107_001_01.wav;CNRSMH_E_1965_107_001_
items/2018/08/01/CNRSMH_E_1965_109_001_01.wav;CNRSMH_E_1965_109_001_
items/2018/08/01/CNRSMH_E_1965_110_001_01.wav;CNRSMH_E_1965_110_001_
items/2018/08/01/CNRSMH_E_1965_111_001_02.wav;CNRSMH_E_1965_111_001_
items/2018/08/01/CNRSMH_E_1965_115_001_02.wav;CNRSMH_E_1965_115_001_
items/2018/08/01/CNRSMH_E_1965_116_001_01.wav;CNRSMH_E_1965_116_001_
items/2018/08/01/CNRSMH_E_1965_118_001_01.wav;CNRSMH_E_1965_118_001_
items/2018/08/03/CNRSMH_E_1965_012_001_10.wav;CNRSMH_E_1965_012_001_
items/2018/08/03/CNRSMH_E_1965_012_001_11.wav;CNRSMH_E_1965_012_001_
items/2018/08/03/CNRSMH_E_1965_012_001_12.wav;CNRSMH_E_1965_012_001_
items/2018/08/03/CNRSMH_E_1965_012_001_13.wav;CNRSMH_E_1965_012_001_
items/2018/08/03/CNRSMH_E_1965_012_001_14.wav;CNRSMH_E_1965_012_001_
items/2018/08/03/CNRSMH_E_1965_012_001_15.wav;CNRSMH_E_1965_012_001_
items/2018/08/03/CNRSMH_E_1965_022_001_01.wav;CNRSMH_E_1965_022_001_
items/2018/08/03/CNRSMH_E_1965_022_001_02.wav;CNRSMH_E_1965_022_001_
items/2018/08/03/CNRSMH_E_1965_122_001_01.wav;CNRSMH_E_1965_122_001_
items/2018/08/03/CNRSMH_E_1965_123_001_01.wav;CNRSMH_E_1965_123_001_
items/2018/08/03/CNRSMH_E_1965_126_001_01.wav;CNRSMH_E_1965_126_001_
items/2018/08/03/CNRSMH_E_1965_127_001_01.wav;CNRSMH_E_1965_127_001_
items/2018/08/03/CNRSMH_E_1965_132_001_01.wav;CNRSMH_E_1965_132_001_
items/2018/08/03/CNRSMH_E_1965_133_001_01.wav;CNRSMH_E_1965_133_001_
items/2018/08/03/CNRSMH_E_1965_136_001_01.wav;CNRSMH_E_1965_136_001_
items/2018/08/03/CNRSMH_E_1965_139_001_01.wav;CNRSMH_E_1965_139_001_
items/2018/08/03/CNRSMH_E_1965_146_001_01.wav;CNRSMH_E_1965_146_001_
items/2018/08/03/CNRSMH_E_1965_147_001_01.wav;CNRSMH_E_1965_147_001_
items/2018/08/03/CNRSMH_E_1965_149_001_01.wav;CNRSMH_E_1965_149_001_
items/2018/08/03/CNRSMH_E_1965_152_001_01.wav;CNRSMH_E_1965_152_001_
items/2018/08/30/CNRSMH_E_1955_029_001_01.wav;CNRSMH_E_1955_029_001_
items/2018/08/30/CNRSMH_E_1955_029_001_02.wav;CNRSMH_E_1955_029_001_
items/2018/08/30/CNRSMH_E_1955_030_001_01.wav;CNRSMH_E_1955_030_001_
items/2018/08/30/CNRSMH_E_1955_030_001_02.wav;CNRSMH_E_1955_030_001_
items/2018/09/03/CNRSMH_E_1969_010_001_001_02.wav;CNRSMH_E_1969_010_001_
items/2018/09/22/CNRSMH_E_2018_003_001_001_01_cJNWDov.wav;CNRSMH_E_2018_003_001_
items/2018/11/28/CNRSMH_E_2018_007_001_01.wav;CNRSMH_E_2018_007_001_
items/2018/11/28/CNRSMH_E_2018_007_001_02.wav;CNRSMH_E_2018_007_001_
items/2018/11/28/CNRSMH_E_2018_007_001_03.wav;CNRSMH_E_2018_007_001_
items/2018/11/28/CNRSMH_E_2018_007_001_04.wav;CNRSMH_E_2018_007_001_
items/2018/11/28/CNRSMH_E_2018_007_001_05.wav;CNRSMH_E_2018_007_001_
items/2018/11/28/CNRSMH_E_2018_007_001_06.wav;CNRSMH_E_2018_007_001_
items/2018/11/28/CNRSMH_E_2018_007_001_07.wav;CNRSMH_E_2018_007_001_
items/2018/11/28/CNRSMH_E_2018_007_001_08.wav;CNRSMH_E_2018_007_001_
items/2018/11/28/CNRSMH_E_2018_007_001_09.wav;CNRSMH_E_2018_007_001_
items/2018/11/28/CNRSMH_E_2018_007_001_10.wav;CNRSMH_E_2018_007_001_
items/2018/12/03/CNRSMH_E_1932_002_003_01.wav;CNRSMH_E_1932_002_003_
items/2018/12/03/CNRSMH_E_1932_002_004_01.wav;CNRSMH_E_1932_002_004_
items/2018/12/03/CNRSMH_E_1933_001_036_03.wav;CNRSMH_E_1933_001_036_
items/2018/12/03/CNRSMH_E_1933_001_036_04.wav;CNRSMH_E_1933_001_036_
items/2018/12/03/CNRSMH_E_1933_001_037_01.wav;CNRSMH_E_1933_001_037_
items/2018/12/03/CNRSMH_E_1933_001_038_01.wav;CNRSMH_E_1933_001_038_
items/2018/12/03/CNRSMH_E_1933_001_039_01.wav;CNRSMH_E_1933_001_039_
items/2018/12/03/CNRSMH_E_1933_001_040_02.wav;CNRSMH_E_1933_001_040_
items/2018/12/03/CNRSMH_E_1933_001_041_02.wav;CNRSMH_E_1933_001_041_
items/2018/12/03/CNRSMH_E_1933_001_042_01.wav;CNRSMH_E_1933_001_042_
items/2018/12/03/CNRSMH_E_1933_001_050_01.wav;CNRSMH_E_1933_001_050_
items/2018/12/05/CNRSMH_E_2017_001_001_008_01.mp3;CNRSMH_E_2017_001_001_
items/2018/12/05/CNRSMH_E_2017_001_001_008_02.mp3;CNRSMH_E_2017_001_001_
items/2018/12/05/CNRSMH_E_2017_001_001_008_03.mp3;CNRSMH_E_2017_001_001_
items/2018/12/05/CNRSMH_E_2017_001_001_008_04.mp3;CNRSMH_E_2017_001_001_
items/2018/12/05/CNRSMH_E_2017_001_001_008_05.mp3;CNRSMH_E_2017_001_001_
items/2018/12/05/CNRSMH_E_2017_001_001_008_06.mp3;CNRSMH_E_2017_001_001_
items/2018/12/05/CNRSMH_E_2017_001_001_008_07.mp3;CNRSMH_E_2017_001_001_
items/2018/12/05/CNRSMH_E_2017_001_001_008_08.mp3;CNRSMH_E_2017_001_001_
items/2018/12/05/CNRSMH_E_2017_001_001_008_09.mp3;CNRSMH_E_2017_001_001_
items/2018/12/05/CNRSMH_E_2017_001_001_008_10.mp3;CNRSMH_E_2017_001_001_
items/2018/12/05/CNRSMH_E_2017_001_001_008_11.mp3;CNRSMH_E_2017_001_001_
items/2018/12/16/CNRSMH_E_2018_009_001_06.wav;CNRSMH_E_2018_009_001_
items/2019/01/03/CNRSMH_E_2018_008_001_01.wav;CNRSMH_E_2018_008_001_
items/2019/01/03/CNRSMH_E_2018_008_001_02.wav;CNRSMH_E_2018_008_001_
items/2019/01/03/CNRSMH_E_2018_008_001_03.wav;CNRSMH_E_2018_008_001_
items/2019/01/03/CNRSMH_E_2018_008_001_04.wav;CNRSMH_E_2018_008_001_
items/2019/01/03/CNRSMH_E_2018_008_001_05.wav;CNRSMH_E_2018_008_001_
items/2019/01/03/CNRSMH_E_2018_008_001_06.wav;CNRSMH_E_2018_008_001_
items/2019/01/03/CNRSMH_E_2018_008_001_07.wav;CNRSMH_E_2018_008_001_
items/2019/01/03/CNRSMH_E_2018_008_001_08.wav;CNRSMH_E_2018_008_001_
items/2019/01/03/CNRSMH_E_2018_008_001_09.wav;CNRSMH_E_2018_008_001_
items/2019/01/03/CNRSMH_E_2018_008_001_10.wav;CNRSMH_E_2018_008_001_
items/2019/01/03/CNRSMH_E_2018_008_001_11.wav;CNRSMH_E_2018_008_001_
items/2019/01/03/CNRSMH_E_2018_008_001_12.wav;CNRSMH_E_2018_008_001_
items/2019/01/03/CNRSMH_E_2018_008_001_13.wav;CNRSMH_E_2018_008_001_
items/2019/01/03/CNRSMH_E_2018_008_001_14.wav;CNRSMH_E_2018_008_001_
items/2019/01/03/CNRSMH_E_2018_008_001_15.wav;CNRSMH_E_2018_008_001_
items/2019/01/04/CNRSMH_E_2018_010_001_01.wav;CNRSMH_E_2018_010_001_
items/2019/01/04/CNRSMH_E_2018_010_001_02.wav;CNRSMH_E_2018_010_001_
items/2019/01/04/CNRSMH_E_2018_010_001_03.wav;CNRSMH_E_2018_010_001_
items/2019/01/04/CNRSMH_E_2018_010_001_04.wav;CNRSMH_E_2018_010_001_
items/2019/01/04/CNRSMH_E_2018_010_001_05.wav;CNRSMH_E_2018_010_001_
items/2019/01/04/CNRSMH_E_2018_010_001_06.wav;CNRSMH_E_2018_010_001_
items/2019/01/04/CNRSMH_E_2018_010_001_07.wav;CNRSMH_E_2018_010_001_
items/2019/01/04/CNRSMH_E_2018_010_001_08.wav;CNRSMH_E_2018_010_001_
items/2019/01/04/CNRSMH_E_2018_010_001_09.wav;CNRSMH_E_2018_010_001_
items/2019/01/04/CNRSMH_E_2018_010_001_10.wav;CNRSMH_E_2018_010_001_
items/2019/01/04/CNRSMH_E_2018_010_001_11.wav;CNRSMH_E_2018_010_001_
items/2019/01/04/CNRSMH_E_2018_010_001_12.wav;CNRSMH_E_2018_010_001_
items/2019/01/04/CNRSMH_E_2018_010_001_21.wav;CNRSMH_E_2018_010_001_
items/2019/01/04/CNRSMH_E_2018_010_001_22.wav;CNRSMH_E_2018_010_001_
items/2019/01/04/CNRSMH_E_2018_010_001_23.wav;CNRSMH_E_2018_010_001_
items/2019/01/04/CNRSMH_E_2018_010_001_24.wav;CNRSMH_E_2018_010_001_
items/2019/01/04/CNRSMH_E_2018_010_001_25.wav;CNRSMH_E_2018_010_001_
items/2019/01/07/CNRSMH_E_1932_006_008_008_01.wav;CNRSMH_E_1932_006_008_
items/2019/01/07/CNRSMH_E_1932_006_008_008_02.wav;CNRSMH_E_1932_006_008_
items/2019/01/15/CNRSMH_E_1933_001_041_01def.wav;CNRSMH_E_1933_001_041_
items/2019/01/16/CNRSMH_E_2018_003_001_006_01.wav;CNRSMH_E_2018_003_001_
items/2019/01/16/CNRSMH_E_2018_003_001_006_02.wav;CNRSMH_E_2018_003_001_
items/2019/01/16/CNRSMH_E_2018_003_001_006_03.wav;CNRSMH_E_2018_003_001_
items/2019/01/16/CNRSMH_E_2018_003_001_006_04.wav;CNRSMH_E_2018_003_001_
items/2019/01/16/CNRSMH_E_2018_003_001_006_05.wav;CNRSMH_E_2018_003_001_
items/2019/01/16/CNRSMH_E_2018_003_001_006_06.wav;CNRSMH_E_2018_003_001_
items/2019/01/16/CNRSMH_E_2018_003_001_006_07.wav;CNRSMH_E_2018_003_001_
items/2019/01/18/CNRSMH_E_1950_014_001_03.wav;CNRSMH_E_1950_014_001_
items/2019/01/18/CNRSMH_E_1950_014_001_04.wav;CNRSMH_E_1950_014_001_
items/2019/01/18/CNRSMH_E_1950_014_001_05.wav;CNRSMH_E_1950_014_001_
items/2019/01/30/CNRSMH_E_1955_034_001_01.wav;CNRSMH_E_1955_034_001_
items/2019/01/30/CNRSMH_E_1955_034_001_02.wav;CNRSMH_E_1955_034_001_
items/2019/02/01/CNRSMH_E_1948_002_045_01.wav;CNRSMH_E_1948_002_045_
items/2019/02/01/CNRSMH_E_1948_002_046_02.wav;CNRSMH_E_1948_002_046_
items/2019/02/04/CNRSMH_E_2011_002_021_01.wav;CNRSMH_E_2011_002_021_
items/2019/02/04/CNRSMH_E_2011_002_021_02.wav;CNRSMH_E_2011_002_021_
items/2019/02/04/CNRSMH_E_2018_003_001_003_01.wav;CNRSMH_E_2018_003_001_
items/2019/02/04/CNRSMH_E_2018_003_001_003_02.wav;CNRSMH_E_2018_003_001_
items/2019/02/04/CNRSMH_E_2018_003_001_003_03.wav;CNRSMH_E_2018_003_001_
items/2019/02/04/CNRSMH_E_2018_003_001_003_04.wav;CNRSMH_E_2018_003_001_
items/2019/02/04/CNRSMH_E_2018_003_001_003_05.wav;CNRSMH_E_2018_003_001_
items/2019/02/04/CNRSMH_E_2018_003_001_003_06.wav;CNRSMH_E_2018_003_001_
items/2019/02/04/CNRSMH_E_2018_003_001_003_07.wav;CNRSMH_E_2018_003_001_
items/2019/02/04/CNRSMH_E_2018_003_001_003_08.wav;CNRSMH_E_2018_003_001_
items/2019/02/04/CNRSMH_E_2018_003_001_003_09.wav;CNRSMH_E_2018_003_001_
items/2019/02/05/CNRSMH_E_2018_003_001_005_01.wav;CNRSMH_E_2018_003_001_
items/2019/02/06/CNRSMH_E_2011_002_044_01.wav;CNRSMH_E_2011_002_044_
items/2019/02/06/CNRSMH_E_2011_002_044_02.wav;CNRSMH_E_2011_002_044_
items/2019/02/18/CNRSMH_E_2018_024_001_006_01.wav;CNRSMH_E_2018_024_001_
items/2019/02/22/CNRSMH_E_1974_015_001_01.wav;CNRSMH_E_1974_015_001_
items/2019/02/22/CNRSMH_E_1974_015_001_02.wav;CNRSMH_E_1974_015_001_
items/2019/04/02/CNRSMH_E_2018_013_001_04.wav;CNRSMH_E_2018_013_001_
items/2019/04/10/CNRSMH_E_1964_001_001_01.wav;CNRSMH_E_1964_001_001_
items/2019/04/10/CNRSMH_E_1964_001_001_02.wav;CNRSMH_E_1964_001_001_
items/2019/04/10/CNRSMH_E_1964_001_004_01.wav;CNRSMH_E_1964_001_004_
items/2019/04/10/CNRSMH_E_1995_024_001_01.wav;CNRSMH_E_1995_024_001_
items/2019/04/10/CNRSMH_E_1995_024_001_02.wav;CNRSMH_E_1995_024_001_
items/2019/04/15/CNRSMH_E_1950_014_001_01.wav;CNRSMH_E_1950_014_001_
items/2019/04/15/CNRSMH_E_1950_014_001_02.wav;CNRSMH_E_1950_014_001_
items/2019/05/06/CNRSMH_E_2018_024_001_002_01.mp3;CNRSMH_E_2018_024_001_
items/2019/05/06/CNRSMH_E_2018_024_001_003_01.mp3;CNRSMH_E_2018_024_001_
items/2019/05/23/CNRSMH_E_2018_003_001_007_01.wav;CNRSMH_E_2018_003_001_
items/2019/05/23/CNRSMH_E_2018_003_001_007_02.wav;CNRSMH_E_2018_003_001_
items/2019/05/23/CNRSMH_E_2018_003_001_007_03.WAV;CNRSMH_E_2018_003_001_
items/2019/05/24/CNRSMH_E_1950_011_016_002_01.wav;CNRSMH_E_1950_011_016_
items/2019/05/29/CNRSMH_E_2018_003_001_004_01.wav;CNRSMH_E_2018_003_001_
items/2019/05/29/CNRSMH_E_2018_003_001_004_02.wav;CNRSMH_E_2018_003_001_
items/2019/05/29/CNRSMH_E_2018_003_001_004_03.wav;CNRSMH_E_2018_003_001_
items/2019/06/12/CNRSMH_E_1950_011_016_002_02.wav;CNRSMH_E_1950_011_016_
items/2019/06/12/CNRSMH_E_1950_011_016_002_03.wav;CNRSMH_E_1950_011_016_
items/2019/06/12/CNRSMH_E_1950_011_016_002_04.wav;CNRSMH_E_1950_011_016_
items/2019/08/26/CNRSMH_E_1965_088_001_01.wav;CNRSMH_E_1965_088_001_
items/2019/08/26/CNRSMH_E_1965_088_001_02.wav;CNRSMH_E_1965_088_001_
items/2019/08/28/CNRSMH_E_1965_112_001_01.wav;CNRSMH_E_1965_112_001_
items/2019/08/28/CNRSMH_E_1965_112_001_02.wav;CNRSMH_E_1965_112_001_
items/2019/08/28/CNRSMH_E_1965_117_001_01.wav;CNRSMH_E_1965_117_001_
items/2019/08/28/CNRSMH_E_1965_117_001_02.wav;CNRSMH_E_1965_117_001_
items/2019/08/28/CNRSMH_E_1965_125_001_01.wav;CNRSMH_E_1965_125_001_
items/2019/08/28/CNRSMH_E_1965_125_001_02.wav;CNRSMH_E_1965_125_001_
items/2019/08/28/CNRSMH_E_1965_137_001_01.wav;CNRSMH_E_1965_137_001_
items/2019/08/28/CNRSMH_E_1965_137_001_02.wav;CNRSMH_E_1965_137_001_
items/2019/08/28/CNRSMH_E_1965_144_001_01.wav;CNRSMH_E_1965_144_001_
items/2019/08/28/CNRSMH_E_1965_144_001_02.wav;CNRSMH_E_1965_144_001_
items/2019/08/28/CNRSMH_E_1974_009_001_001_02.wav;CNRSMH_E_1974_009_001_
items/2019/08/28/CNRSMH_E_2004_040_001_06.wav;CNRSMH_E_2004_040_001_
items/2019/08/28/CNRSMH_E_2004_040_001_07.wav;CNRSMH_E_2004_040_001_
items/2019/08/28/CNRSMH_E_2004_040_001_08.wav;CNRSMH_E_2004_040_001_
items/2019/08/28/CNRSMH_E_2004_040_001_09.wav;CNRSMH_E_2004_040_001_
items/2019/08/28/CNRSMH_E_2004_040_001_10.wav;CNRSMH_E_2004_040_001_
items/2019/08/28/CNRSMH_E_2011_002_029_01.wav;CNRSMH_E_2011_002_029_
items/2019/08/28/CNRSMH_E_2011_002_029_01.wav;CNRSMH_E_2011_002_029_
items/2019/08/28/CNRSMH_E_2011_002_029_03.wav;CNRSMH_E_2011_002_029_
items/2019/08/28/CNRSMH_E_2011_002_029_04.wav;CNRSMH_E_2011_002_029_
items/2019/08/28/CNRSMH_E_2011_002_029_05.wav;CNRSMH_E_2011_002_029_
items/2019/09/09/CNRSMH_E_1979_029_001_01_5agk8Yu.wav;CNRSMH_E_1979_029_001_
items/2019/09/12/CNRSMH_E_2018_011_001_01.wav;CNRSMH_E_2018_011_001_
items/2019/09/12/CNRSMH_E_2018_011_001_02.wav;CNRSMH_E_2018_011_001_
items/2019/09/12/CNRSMH_E_2018_011_001_03.wav;CNRSMH_E_2018_011_001_
items/2019/09/12/CNRSMH_E_2018_011_001_04.wav;CNRSMH_E_2018_011_001_
items/2019/09/12/CNRSMH_E_2018_011_001_05.wav;CNRSMH_E_2018_011_001_
items/2019/09/12/CNRSMH_E_2018_011_001_06.wav;CNRSMH_E_2018_011_001_
items/2019/09/12/CNRSMH_E_2018_011_001_07.wav;CNRSMH_E_2018_011_001_
items/2019/09/12/CNRSMH_E_2018_011_001_08.wav;CNRSMH_E_2018_011_001_
items/2019/09/12/CNRSMH_E_2018_011_001_09.wav;CNRSMH_E_2018_011_001_
items/2019/09/12/CNRSMH_E_2018_011_001_10.wav;CNRSMH_E_2018_011_001_
items/2019/09/12/CNRSMH_E_2018_011_001_11.wav;CNRSMH_E_2018_011_001_
items/2019/09/12/CNRSMH_E_2018_011_001_12.wav;CNRSMH_E_2018_011_001_
items/2019/09/12/CNRSMH_E_2018_011_001_13.wav;CNRSMH_E_2018_011_001_
items/2019/09/12/CNRSMH_E_2018_011_001_14.wav;CNRSMH_E_2018_011_001_
items/2019/09/12/CNRSMH_E_2018_011_001_15.wav;CNRSMH_E_2018_011_001_
items/2019/09/12/CNRSMH_E_2018_011_001_16.wav;CNRSMH_E_2018_011_001_
items/2019/09/12/CNRSMH_E_2018_011_001_17.wav;CNRSMH_E_2018_011_001_
items/2019/09/12/CNRSMH_E_2018_011_001_18.wav;CNRSMH_E_2018_011_001_
items/2019/09/12/CNRSMH_E_2018_011_001_19.wav;CNRSMH_E_2018_011_001_
items/2019/09/12/CNRSMH_E_2018_011_001_20.wav;CNRSMH_E_2018_011_001_
items/2019/09/12/CNRSMH_E_2018_011_001_21.wav;CNRSMH_E_2018_011_001_
items/2019/09/12/CNRSMH_E_2018_011_001_22.wav;CNRSMH_E_2018_011_001_
items/2019/09/12/CNRSMH_E_2018_011_001_23.wav;CNRSMH_E_2018_011_001_
items/2019/09/12/CNRSMH_E_2018_011_001_24.wav;CNRSMH_E_2018_011_001_
items/2019/09/12/CNRSMH_E_2018_011_001_25.wav;CNRSMH_E_2018_011_001_
items/2019/09/12/CNRSMH_E_2018_011_001_26.wav;CNRSMH_E_2018_011_001_
items/2019/09/12/CNRSMH_E_2018_011_001_27.wav;CNRSMH_E_2018_011_001_
items/2019/09/12/CNRSMH_E_2018_011_001_28.wav;CNRSMH_E_2018_011_001_
items/2019/09/12/CNRSMH_E_2018_011_001_29.wav;CNRSMH_E_2018_011_001_
items/2019/09/12/CNRSMH_E_2018_011_001_30.wav;CNRSMH_E_2018_011_001_
items/2019/09/12/CNRSMH_E_2018_011_001_31.wav;CNRSMH_E_2018_011_001_
items/2019/09/12/CNRSMH_E_2018_011_001_32.wav;CNRSMH_E_2018_011_001_
items/2019/09/12/CNRSMH_E_2018_011_001_33.wav;CNRSMH_E_2018_011_001_
items/2019/09/12/CNRSMH_E_2018_011_001_34.wav;CNRSMH_E_2018_011_001_
items/2019/10/09/CNRSMH_E_2018_013_001_01.mp4;CNRSMH_E_2018_013_001_
items/2019/10/09/CNRSMH_E_2018_013_001_02.mp4;CNRSMH_E_2018_013_001_
items/2019/10/09/CNRSMH_E_2018_013_001_03.mp4;CNRSMH_E_2018_013_001_
items/2019/10/09/CNRSMH_E_2018_013_001_05.mp4;CNRSMH_E_2018_013_001_
items/2019/10/09/CNRSMH_E_2018_013_001_06.mp4;CNRSMH_E_2018_013_001_
items/2019/10/11/CNRSMH_E_2018_024_001_001_01.mp4;CNRSMH_E_2018_024_001_
items/2020/01/15/CNRSMH_E_1932_006_008_001_01.wav;CNRSMH_E_1932_006_008_
items/2020/01/15/CNRSMH_E_1932_006_008_001_02.wav;CNRSMH_E_1932_006_008_
items/2020/01/15/CNRSMH_E_1932_006_008_002_01.wav;CNRSMH_E_1932_006_008_
items/2020/01/15/CNRSMH_E_1932_006_008_002_02.wav;CNRSMH_E_1932_006_008_
items/2020/01/16/CNRSMH_E_1932_006_008_003_01.wav;CNRSMH_E_1932_006_008_
items/2020/01/16/CNRSMH_E_1932_006_008_003_02.wav;CNRSMH_E_1932_006_008_
items/2020/01/21/CNRSMH_E_1974_004_001_A.wav;CNRSMH_E_1974_004_001_
items/2020/01/21/CNRSMH_E_1974_004_001_B.wav;CNRSMH_E_1974_004_001_
items/2020/02/17/CNRSMH_E_1932_006_008_004_01.wav;CNRSMH_E_1932_006_008_
items/2020/02/17/CNRSMH_E_1932_006_008_004_02.wav;CNRSMH_E_1932_006_008_
items/2020/02/17/CNRSMH_E_1932_006_008_006_01.wav;CNRSMH_E_1932_006_008_
items/2020/02/17/CNRSMH_E_1932_006_008_006_02.wav;CNRSMH_E_1932_006_008_
items/2020/02/17/CNRSMH_E_1932_006_008_007_01.wav;CNRSMH_E_1932_006_008_
items/2020/02/17/CNRSMH_E_1932_006_008_007_02.wav;CNRSMH_E_1932_006_008_
items/2020/02/21/CNRSMH_E_1986_022_001_003_01.wav;CNRSMH_E_1986_022_001_
items/2020/02/21/CNRSMH_E_1986_022_001_003_02.wav;CNRSMH_E_1986_022_001_
items/2020/02/21/CNRSMH_E_1986_022_001_003_03.wav;CNRSMH_E_1986_022_001_
items/2020/02/21/CNRSMH_E_1986_022_001_003_04.wav;CNRSMH_E_1986_022_001_
items/2020/02/21/CNRSMH_E_1986_022_001_003_05.wav;CNRSMH_E_1986_022_001_
items/2020/02/21/CNRSMH_E_1986_022_001_003_06.wav;CNRSMH_E_1986_022_001_
items/2020/02/21/CNRSMH_E_1986_022_001_003_07.wav;CNRSMH_E_1986_022_001_
items/2020/02/21/CNRSMH_E_1986_022_001_003_10.wav;CNRSMH_E_1986_022_001_
items/2020/02/24/CNRSMH_E_2020_001_001_01.wav;CNRSMH_E_2020_001_001_
items/2020/02/24/CNRSMH_E_2020_001_001_02.wav;CNRSMH_E_2020_001_001_
items/2020/02/24/CNRSMH_E_2020_001_001_03.wav;CNRSMH_E_2020_001_001_
items/2020/02/24/CNRSMH_E_2020_001_001_04.wav;CNRSMH_E_2020_001_001_
items/2020/02/24/CNRSMH_E_2020_001_001_05.wav;CNRSMH_E_2020_001_001_
items/2020/02/24/CNRSMH_E_2020_001_001_06.wav;CNRSMH_E_2020_001_001_
items/2020/02/27/CNRSMH_E_1986_022_001_003_08.wav;CNRSMH_E_1986_022_001_
items/2020/02/27/CNRSMH_E_1986_022_001_003_09.wav;CNRSMH_E_1986_022_001_
items/2020/02/28/CNRSMH_E_2020_001_001_07.wav;CNRSMH_E_2020_001_001_
items/2020/02/28/CNRSMH_E_2020_001_001_08.wav;CNRSMH_E_2020_001_001_
items/2020/02/28/CNRSMH_E_2020_001_001_09.wav;CNRSMH_E_2020_001_001_
items/2020/03/16/CNRSMH_E_1958_017_001_001_01.wav;CNRSMH_E_1958_017_001_
items/2020/03/16/CNRSMH_E_1958_017_001_001_02.wav;CNRSMH_E_1958_017_001_
items/2020/03/16/CNRSMH_E_1958_017_001_001_03.wav;CNRSMH_E_1958_017_001_
items/2020/03/16/CNRSMH_E_1958_017_001_001_04.wav;CNRSMH_E_1958_017_001_
items/2020/03/16/CNRSMH_E_1958_017_001_001_05.wav;CNRSMH_E_1958_017_001_
items/2020/03/16/CNRSMH_E_1958_017_001_001_06.wav;CNRSMH_E_1958_017_001_
items/2020/03/16/CNRSMH_E_1958_017_001_001_07.wav;CNRSMH_E_1958_017_001_
items/2020/03/17/CNRSMH_E_1958_017_001_001_08.wav;CNRSMH_E_1958_017_001_
items/2020/03/17/CNRSMH_E_1958_017_001_001_09.wav;CNRSMH_E_1958_017_001_
items/2020/04/02/CNRSMH_E_1989_008_003_01.wav;CNRSMH_E_1989_008_003_
items/2020/04/02/CNRSMH_E_2011_002_038_18.wav;CNRSMH_E_2011_002_038_
items/2020/04/02/CNRSMH_E_2011_002_038_26.wav;CNRSMH_E_2011_002_038_
items/2020/04/03/CNRSMH_E_1963_011_001_01.wav;CNRSMH_E_1963_011_001_
items/2020/04/03/CNRSMH_E_1963_011_001_02.wav;CNRSMH_E_1963_011_001_
items/2020/04/03/CNRSMH_E_1963_011_001_03.wav;CNRSMH_E_1963_011_001_
items/2020/07/03/CNRSMH_E_2020_002_001_01.wav;CNRSMH_E_2020_002_001_
items/2020/07/03/CNRSMH_E_2020_002_001_06.wav;CNRSMH_E_2020_002_001_
items/2020/08/04/CNRSMH_E_2008_001_019_01.wav;CNRSMH_E_2008_001_019_
items/2020/08/04/CNRSMH_E_2008_001_019_02.wav;CNRSMH_E_2008_001_019_
items/2020/08/04/CNRSMH_E_2008_001_019_03.wav;CNRSMH_E_2008_001_019_
items/2020/08/04/CNRSMH_E_2008_001_019_04.wav;CNRSMH_E_2008_001_019_
items/2020/08/04/CNRSMH_E_2008_001_019_05.wav;CNRSMH_E_2008_001_019_
items/2020/08/04/CNRSMH_E_2008_001_019_06.wav;CNRSMH_E_2008_001_019_
items/2020/08/04/CNRSMH_E_2008_001_019_07.wav;CNRSMH_E_2008_001_019_
items/2020/09/03/CNRSMH_E_2020_004_001_08.wav;CNRSMH_E_2020_004_001_
items/2020/09/15/CNRSMH_E_1979_029_001_02.wav;CNRSMH_E_1979_029_001_
items/2020/09/15/CNRSMH_E_2018_014_001_01.webm;CNRSMH_E_2018_014_001_
items/2020/09/22/CNRSMH_E_1964_001_003_01.wav;CNRSMH_E_1964_001_003_
items/2020/09/22/CNRSMH_E_1964_001_003_02.wav;CNRSMH_E_1964_001_003_
items/2020/09/22/CNRSMH_E_1978_013_001_003_17.wav;CNRSMH_E_1978_013_001_
items/2020/09/30/CNRSMH_E_2006_010_001_02.wav;CNRSMH_E_2006_010_001_
items/2020/09/30/CNRSMH_E_2006_010_001_05.wav;CNRSMH_E_2006_010_001_
items/2020/09/30/CNRSMH_E_2006_010_001_47.wav;CNRSMH_E_2006_010_001_
items/2020/09/30/CNRSMH_E_2006_010_001_471.wav;CNRSMH_E_2006_010_001_
items/2020/09/30/CNRSMH_E_2006_010_001_472.wav;CNRSMH_E_2006_010_001_
items/2020/10/01/CNRSMH_E_2019_005_001_01.mp4;CNRSMH_E_2019_005_001_
items/2021/10/27/CNRSMH_E_2020_002_001_02.wav;CNRSMH_E_2020_002_001_
items/2021/11/05/CNRSMH_E_2011_005_064_001_01.aiff;CNRSMH_E_2011_005_064_
items/2021/11/05/CNRSMH_E_2011_005_064_001_02.aiff;CNRSMH_E_2011_005_064_
items/2021/11/05/CNRSMH_E_2011_005_064_001_03.aiff;CNRSMH_E_2011_005_064_
items/2021/11/05/CNRSMH_E_2011_005_064_001_04.aiff;CNRSMH_E_2011_005_064_
items/2021/11/05/CNRSMH_E_2011_005_064_001_05.aiff;CNRSMH_E_2011_005_064_
items/2021/11/05/CNRSMH_E_2011_005_064_001_06.aiff;CNRSMH_E_2011_005_064_
items/2021/11/05/CNRSMH_E_2011_005_064_001_07.aiff;CNRSMH_E_2011_005_064_
items/2021/11/05/CNRSMH_E_2011_005_064_001_08.aiff;CNRSMH_E_2011_005_064_
items/2021/11/05/CNRSMH_E_2011_005_064_001_09.aiff;CNRSMH_E_2011_005_064_
items/2021/11/05/CNRSMH_E_2011_005_064_001_10.aiff;CNRSMH_E_2011_005_064_
items/2021/11/05/CNRSMH_E_2011_005_065_001_01.aiff;CNRSMH_E_2011_005_065_
items/2021/11/05/CNRSMH_E_2011_005_065_001_02.aiff;CNRSMH_E_2011_005_065_
items/2021/11/05/CNRSMH_E_2011_005_065_001_03.aiff;CNRSMH_E_2011_005_065_
items/2021/11/05/CNRSMH_E_2011_005_065_001_04.aiff;CNRSMH_E_2011_005_065_
items/2021/11/10/CNRSMH_E_2011_005_065_001_05.aiff;CNRSMH_E_2011_005_065_
items/2021/11/10/CNRSMH_E_2011_005_065_001_06.aiff;CNRSMH_E_2011_005_065_
items/2021/11/10/CNRSMH_E_2011_005_065_001_07.aiff;CNRSMH_E_2011_005_065_
items/2021/11/10/CNRSMH_E_2011_005_065_001_08.aiff;CNRSMH_E_2011_005_065_
items/2021/11/10/CNRSMH_E_2011_005_065_001_09.aiff;CNRSMH_E_2011_005_065_
items/2021/11/10/CNRSMH_E_2011_005_065_001_10.aiff;CNRSMH_E_2011_005_065_
items/2021/11/10/CNRSMH_E_2011_005_066_001_01.aiff;CNRSMH_E_2011_005_066_
items/2021/11/10/CNRSMH_E_2011_005_066_001_02.aiff;CNRSMH_E_2011_005_066_
items/2021/11/10/CNRSMH_E_2011_005_066_001_03.aiff;CNRSMH_E_2011_005_066_
items/2021/11/10/CNRSMH_E_2011_005_066_001_04.aiff;CNRSMH_E_2011_005_066_
items/2021/11/10/CNRSMH_E_2011_005_066_001_05.aiff;CNRSMH_E_2011_005_066_
items/2021/11/10/CNRSMH_E_2011_005_066_001_06.aiff;CNRSMH_E_2011_005_066_
items/2021/11/10/CNRSMH_E_2011_005_066_001_07.aiff;CNRSMH_E_2011_005_066_
items/2021/11/10/CNRSMH_E_2011_005_066_001_08.aiff;CNRSMH_E_2011_005_066_
items/2021/11/10/CNRSMH_E_2011_005_066_001_09.aiff;CNRSMH_E_2011_005_066_
items/2021/11/10/CNRSMH_E_2011_005_066_001_10.aiff;CNRSMH_E_2011_005_066_
items/2021/11/16/CNRSMH_E_2011_005_067_001_01.aiff;CNRSMH_E_2011_005_067_
items/2021/11/16/CNRSMH_E_2011_005_067_001_01_LaBsIT0.aiff;CNRSMH_E_2011_005_067_
items/2021/11/16/CNRSMH_E_2011_005_067_001_02.aiff;CNRSMH_E_2011_005_067_
items/2021/11/16/CNRSMH_E_2011_005_067_001_02_m9VlfJz.aiff;CNRSMH_E_2011_005_067_
items/2021/11/16/CNRSMH_E_2011_005_067_001_03.aiff;CNRSMH_E_2011_005_067_
items/2021/11/16/CNRSMH_E_2011_005_067_001_03_t8rf1DX.aiff;CNRSMH_E_2011_005_067_
items/2021/11/16/CNRSMH_E_2011_005_067_001_04.aiff;CNRSMH_E_2011_005_067_
items/2021/11/16/CNRSMH_E_2011_005_067_001_04_HusPgQD.aiff;CNRSMH_E_2011_005_067_
items/2021/11/16/CNRSMH_E_2011_005_067_001_05.aiff;CNRSMH_E_2011_005_067_
items/2021/11/16/CNRSMH_E_2011_005_067_001_05_R3QwPQ6.aiff;CNRSMH_E_2011_005_067_
items/2021/11/16/CNRSMH_E_2011_005_067_001_06.aiff;CNRSMH_E_2011_005_067_
items/2021/11/16/CNRSMH_E_2011_005_067_001_06_YPXlV1S.aiff;CNRSMH_E_2011_005_067_
items/2021/11/16/CNRSMH_E_2011_005_067_001_07.aiff;CNRSMH_E_2011_005_067_
items/2021/11/16/CNRSMH_E_2011_005_067_001_07_2qmTUGx.aiff;CNRSMH_E_2011_005_067_
items/2021/11/16/CNRSMH_E_2011_005_067_001_08.aiff;CNRSMH_E_2011_005_067_
items/2021/11/16/CNRSMH_E_2011_005_067_001_08_bQFrK70.aiff;CNRSMH_E_2011_005_067_
items/2021/11/16/CNRSMH_E_2011_005_067_001_09.aiff;CNRSMH_E_2011_005_067_
items/2021/11/16/CNRSMH_E_2011_005_067_001_09_aDL5Mzs.aiff;CNRSMH_E_2011_005_067_
items/2021/11/16/CNRSMH_E_2011_005_067_001_10.aiff;CNRSMH_E_2011_005_067_
items/2021/11/16/CNRSMH_E_2011_005_067_001_10_Jz0wUCn.aiff;CNRSMH_E_2011_005_067_
items/2021/11/16/CNRSMH_E_2011_005_069_001_01.aiff;CNRSMH_E_2011_005_069_
items/2021/11/16/CNRSMH_E_2011_005_069_001_02.aiff;CNRSMH_E_2011_005_069_
items/2021/11/16/CNRSMH_E_2011_005_069_001_03.aiff;CNRSMH_E_2011_005_069_
items/2021/11/16/CNRSMH_E_2011_005_069_001_04.aiff;CNRSMH_E_2011_005_069_
items/2021/11/16/CNRSMH_E_2011_005_069_001_05.aiff;CNRSMH_E_2011_005_069_
items/2021/11/16/CNRSMH_E_2011_005_069_001_06.aiff;CNRSMH_E_2011_005_069_
items/2021/11/16/CNRSMH_E_2011_005_069_001_07.aiff;CNRSMH_E_2011_005_069_
items/2021/11/16/CNRSMH_E_2011_005_069_001_08.aiff;CNRSMH_E_2011_005_069_
items/2021/11/16/CNRSMH_E_2011_005_069_001_09.aiff;CNRSMH_E_2011_005_069_
items/2021/11/16/CNRSMH_E_2011_005_069_001_10.aiff;CNRSMH_E_2011_005_069_
items/2021/11/16/CNRSMH_E_2011_005_070_001_01.aiff;CNRSMH_E_2011_005_070_
items/2021/11/16/CNRSMH_E_2011_005_070_001_02.aiff;CNRSMH_E_2011_005_070_
items/2021/11/16/CNRSMH_E_2011_005_070_001_03.aiff;CNRSMH_E_2011_005_070_
items/2021/11/16/CNRSMH_E_2011_005_070_001_04.aiff;CNRSMH_E_2011_005_070_
items/2021/11/16/CNRSMH_E_2011_005_070_001_05.aiff;CNRSMH_E_2011_005_070_
items/2021/11/16/CNRSMH_E_2011_005_070_001_06.aiff;CNRSMH_E_2011_005_070_
items/2021/11/16/CNRSMH_E_2011_005_070_001_07.aiff;CNRSMH_E_2011_005_070_
items/2021/11/16/CNRSMH_E_2011_005_070_001_08.aiff;CNRSMH_E_2011_005_070_
items/2021/11/16/CNRSMH_E_2011_005_070_001_09.aiff;CNRSMH_E_2011_005_070_
items/2021/11/16/CNRSMH_E_2011_005_070_001_10.aiff;CNRSMH_E_2011_005_070_
items/2021/12/02/CNRSMH_E_2011_005_071_001_01.aiff;CNRSMH_E_2011_005_071_
items/2021/12/02/CNRSMH_E_2011_005_071_001_02.aiff;CNRSMH_E_2011_005_071_
items/2021/12/02/CNRSMH_E_2011_005_071_001_03.aiff;CNRSMH_E_2011_005_071_
items/2021/12/02/CNRSMH_E_2011_005_071_001_04.aiff;CNRSMH_E_2011_005_071_
items/2021/12/02/CNRSMH_E_2011_005_071_001_05.aiff;CNRSMH_E_2011_005_071_
items/2021/12/02/CNRSMH_E_2011_005_071_001_06_h6RjiBs.aiff;CNRSMH_E_2011_005_071_
items/2021/12/02/CNRSMH_E_2011_005_071_001_07.aiff;CNRSMH_E_2011_005_071_
items/2021/12/02/CNRSMH_E_2011_005_071_001_08.aiff;CNRSMH_E_2011_005_071_
items/2021/12/15/CNRSMH_E_2011_005_072_001_01_.aiff;CNRSMH_E_2011_005_072_
items/2021/12/15/CNRSMH_E_2011_005_072_001_02.aiff;CNRSMH_E_2011_005_072_
items/2021/12/15/CNRSMH_E_2011_005_072_001_03.aiff;CNRSMH_E_2011_005_072_
items/2021/12/15/CNRSMH_E_2011_005_072_001_04.aiff;CNRSMH_E_2011_005_072_
items/2021/12/15/CNRSMH_E_2011_005_072_001_05.aiff;CNRSMH_E_2011_005_072_
items/2021/12/15/CNRSMH_E_2011_005_072_001_06.aiff;CNRSMH_E_2011_005_072_
items/2021/12/15/CNRSMH_E_2011_005_072_001_07.aiff;CNRSMH_E_2011_005_072_
items/2021/12/15/CNRSMH_E_2011_005_072_001_08.aiff;CNRSMH_E_2011_005_072_
items/2021/12/15/CNRSMH_E_2011_005_072_001_09.aiff;CNRSMH_E_2011_005_072_
items/2021/12/15/CNRSMH_E_2011_005_073_001_01.aiff;CNRSMH_E_2011_005_073_
items/2021/12/15/CNRSMH_E_2011_005_073_001_02.aiff;CNRSMH_E_2011_005_073_
items/2021/12/15/CNRSMH_E_2011_005_073_001_03.aiff;CNRSMH_E_2011_005_073_
items/2021/12/15/CNRSMH_E_2011_005_073_001_04.aiff;CNRSMH_E_2011_005_073_
items/2021/12/15/CNRSMH_E_2011_005_073_001_05.aiff;CNRSMH_E_2011_005_073_
items/2021/12/15/CNRSMH_E_2011_005_073_001_06.aiff;CNRSMH_E_2011_005_073_
items/2021/12/15/CNRSMH_E_2011_005_073_001_07.aiff;CNRSMH_E_2011_005_073_
items/2021/12/15/CNRSMH_E_2011_005_073_001_08.aiff;CNRSMH_E_2011_005_073_
items/2021/12/15/CNRSMH_E_2011_005_073_001_09.aiff;CNRSMH_E_2011_005_073_
items/2021/12/15/CNRSMH_E_2011_005_074_001_01.aiff;CNRSMH_E_2011_005_074_
items/2021/12/15/CNRSMH_E_2011_005_074_001_02.aiff;CNRSMH_E_2011_005_074_
items/2021/12/15/CNRSMH_E_2011_005_074_001_03.aiff;CNRSMH_E_2011_005_074_
items/2021/12/15/CNRSMH_E_2011_005_074_001_04.aiff;CNRSMH_E_2011_005_074_
items/2021/12/15/CNRSMH_E_2011_005_074_001_05_ugj3pJa.aiff;CNRSMH_E_2011_005_074_
items/2021/12/15/CNRSMH_E_2011_005_074_001_06_NYqXEgg.aiff;CNRSMH_E_2011_005_074_
items/2021/12/15/CNRSMH_E_2011_005_074_001_07.aiff;CNRSMH_E_2011_005_074_
items/2021/12/15/CNRSMH_E_2011_005_074_001_08.aiff;CNRSMH_E_2011_005_074_
items/2021/12/15/CNRSMH_E_2011_005_074_001_09.aiff;CNRSMH_E_2011_005_074_
items/2021/12/15/CNRSMH_E_2011_005_074_001_10.aiff;CNRSMH_E_2011_005_074_
items/2021/12/15/CNRSMH_E_2011_005_075_001_01.aiff;CNRSMH_E_2011_005_075_
items/2021/12/15/CNRSMH_E_2011_005_075_001_02.aiff;CNRSMH_E_2011_005_075_
items/2021/12/15/CNRSMH_E_2011_005_075_001_03.aiff;CNRSMH_E_2011_005_075_
items/2021/12/15/CNRSMH_E_2011_005_075_001_04.aiff;CNRSMH_E_2011_005_075_
items/2021/12/15/CNRSMH_E_2011_005_075_001_05.aiff;CNRSMH_E_2011_005_075_
items/2021/12/15/CNRSMH_E_2011_005_075_001_06.aiff;CNRSMH_E_2011_005_075_
items/2021/12/15/CNRSMH_E_2011_005_075_001_07.aiff;CNRSMH_E_2011_005_075_
items/2021/12/15/CNRSMH_E_2011_005_075_001_08.aiff;CNRSMH_E_2011_005_075_
items/2021/12/15/CNRSMH_E_2011_005_075_001_09.aiff;CNRSMH_E_2011_005_075_
items/2021/12/15/CNRSMH_E_2011_005_075_001_10.aiff;CNRSMH_E_2011_005_075_
items/2022/01/05/CNRSMH_E_2011_005_076_001_01.aiff;CNRSMH_E_2011_005_076_
items/2022/01/05/CNRSMH_E_2011_005_076_001_02.aiff;CNRSMH_E_2011_005_076_
items/2022/01/05/CNRSMH_E_2011_005_076_001_03.aiff;CNRSMH_E_2011_005_076_
items/2022/01/05/CNRSMH_E_2011_005_076_001_04.aiff;CNRSMH_E_2011_005_076_
items/2022/01/05/CNRSMH_E_2011_005_076_001_05.aiff;CNRSMH_E_2011_005_076_
items/2022/01/05/CNRSMH_E_2011_005_076_001_06.aiff;CNRSMH_E_2011_005_076_
items/2022/01/05/CNRSMH_E_2011_005_076_001_07.aiff;CNRSMH_E_2011_005_076_
items/2022/01/05/CNRSMH_E_2011_005_076_001_08.aiff;CNRSMH_E_2011_005_076_
items/2022/01/05/CNRSMH_E_2011_005_076_001_09.aiff;CNRSMH_E_2011_005_076_
items/2022/01/05/CNRSMH_E_2011_005_076_001_10.aiff;CNRSMH_E_2011_005_076_
items/2022/01/05/CNRSMH_E_2011_005_077_001_01.aiff;CNRSMH_E_2011_005_077_
items/2022/01/05/CNRSMH_E_2011_005_077_001_02.aiff;CNRSMH_E_2011_005_077_
items/2022/01/05/CNRSMH_E_2011_005_077_001_03.aiff;CNRSMH_E_2011_005_077_
items/2022/01/05/CNRSMH_E_2011_005_077_001_04.aiff;CNRSMH_E_2011_005_077_
items/2022/01/05/CNRSMH_E_2011_005_077_001_05.aiff;CNRSMH_E_2011_005_077_
items/2022/01/05/CNRSMH_E_2011_005_077_001_06.aiff;CNRSMH_E_2011_005_077_
items/2022/01/05/CNRSMH_E_2011_005_077_001_07.aiff;CNRSMH_E_2011_005_077_
items/2022/01/05/CNRSMH_E_2011_005_077_001_08.aiff;CNRSMH_E_2011_005_077_
items/2022/01/05/CNRSMH_E_2011_005_077_001_09.aiff;CNRSMH_E_2011_005_077_
items/2022/01/05/CNRSMH_E_2011_005_077_001_10.aiff;CNRSMH_E_2011_005_077_
items/2022/01/05/CNRSMH_E_2011_005_078_001_01.aiff;CNRSMH_E_2011_005_078_
items/2022/01/05/CNRSMH_E_2011_005_078_001_02.aiff;CNRSMH_E_2011_005_078_
items/2022/01/05/CNRSMH_E_2011_005_078_001_03.aiff;CNRSMH_E_2011_005_078_
items/2022/01/05/CNRSMH_E_2011_005_078_001_04.aiff;CNRSMH_E_2011_005_078_
items/2022/01/05/CNRSMH_E_2011_005_078_001_05.aiff;CNRSMH_E_2011_005_078_
items/2022/01/05/CNRSMH_E_2011_005_078_001_06.aiff;CNRSMH_E_2011_005_078_
items/2022/01/05/CNRSMH_E_2011_005_078_001_07.aiff;CNRSMH_E_2011_005_078_
items/2022/01/05/CNRSMH_E_2011_005_078_001_08.aiff;CNRSMH_E_2011_005_078_
items/2022/01/05/CNRSMH_E_2011_005_080_001_01.aiff;CNRSMH_E_2011_005_080_
items/2022/01/05/CNRSMH_E_2011_005_080_001_02.aiff;CNRSMH_E_2011_005_080_
items/2022/01/05/CNRSMH_E_2011_005_080_001_03.aiff;CNRSMH_E_2011_005_080_
items/2022/01/05/CNRSMH_E_2011_005_080_001_04.aiff;CNRSMH_E_2011_005_080_
items/2022/01/05/CNRSMH_E_2011_005_080_001_05.aiff;CNRSMH_E_2011_005_080_
items/2022/01/05/CNRSMH_E_2011_005_080_001_06.aiff;CNRSMH_E_2011_005_080_
items/2022/01/05/CNRSMH_E_2011_005_081_001_01.aiff;CNRSMH_E_2011_005_081_
items/2022/01/05/CNRSMH_E_2011_005_081_001_02.aiff;CNRSMH_E_2011_005_081_
items/2022/01/05/CNRSMH_E_2011_005_081_001_03.aiff;CNRSMH_E_2011_005_081_
items/2022/01/05/CNRSMH_E_2011_005_081_001_04.aiff;CNRSMH_E_2011_005_081_
items/2022/01/05/CNRSMH_E_2011_005_081_001_05.aiff;CNRSMH_E_2011_005_081_
items/2022/01/05/CNRSMH_E_2011_005_081_001_06.aiff;CNRSMH_E_2011_005_081_
items/2022/01/05/CNRSMH_E_2011_005_081_001_07.aiff;CNRSMH_E_2011_005_081_
items/2022/01/05/CNRSMH_E_2011_005_081_001_08.aiff;CNRSMH_E_2011_005_081_
items/2022/01/05/CNRSMH_E_2011_005_081_001_09.aiff;CNRSMH_E_2011_005_081_
items/2022/01/05/CNRSMH_E_2011_005_081_001_10.aiff;CNRSMH_E_2011_005_081_
items/2022/01/06/CNRSMH_E_2011_005_082_001_01.aiff;CNRSMH_E_2011_005_082_
items/2022/01/06/CNRSMH_E_2011_005_082_001_02.aiff;CNRSMH_E_2011_005_082_
items/2022/01/06/CNRSMH_E_2011_005_082_001_03.aiff;CNRSMH_E_2011_005_082_
items/2022/01/06/CNRSMH_E_2011_005_082_001_04.aiff;CNRSMH_E_2011_005_082_
items/2022/01/06/CNRSMH_E_2011_005_082_001_05.aiff;CNRSMH_E_2011_005_082_
items/2022/01/06/CNRSMH_E_2011_005_082_001_06.aiff;CNRSMH_E_2011_005_082_
items/2022/01/06/CNRSMH_E_2011_005_082_001_07.aiff;CNRSMH_E_2011_005_082_
items/2022/01/06/CNRSMH_E_2011_005_082_001_08.aiff;CNRSMH_E_2011_005_082_
items/2022/01/06/CNRSMH_E_2011_005_082_001_09.aiff;CNRSMH_E_2011_005_082_
items/2022/01/06/CNRSMH_E_2011_005_082_001_10.aiff;CNRSMH_E_2011_005_082_
items/2022/01/06/CNRSMH_E_2011_005_083_001_01.aiff;CNRSMH_E_2011_005_083_
items/2022/01/06/CNRSMH_E_2011_005_083_001_02.aiff;CNRSMH_E_2011_005_083_
items/2022/01/06/CNRSMH_E_2011_005_083_001_03.aiff;CNRSMH_E_2011_005_083_
items/2022/01/06/CNRSMH_E_2011_005_083_001_04.aiff;CNRSMH_E_2011_005_083_
items/2022/01/06/CNRSMH_E_2011_005_083_001_05.aiff;CNRSMH_E_2011_005_083_
items/2022/01/06/CNRSMH_E_2011_005_083_001_06.aiff;CNRSMH_E_2011_005_083_
items/2022/01/06/CNRSMH_E_2011_005_083_001_07.aiff;CNRSMH_E_2011_005_083_
items/2022/01/06/CNRSMH_E_2011_005_083_001_08.aiff;CNRSMH_E_2011_005_083_
items/2022/01/06/CNRSMH_E_2011_005_083_001_09.aiff;CNRSMH_E_2011_005_083_
items/2022/01/06/CNRSMH_E_2011_005_083_001_10.aiff;CNRSMH_E_2011_005_083_
items/2022/01/06/CNRSMH_E_2011_005_084_001_02.aiff;CNRSMH_E_2011_005_084_
items/2022/01/06/CNRSMH_E_2011_005_084_001_03.aiff;CNRSMH_E_2011_005_084_
items/2022/01/06/CNRSMH_E_2011_005_084_001_04.aiff;CNRSMH_E_2011_005_084_
items/2022/01/06/CNRSMH_E_2011_005_084_001_05.aiff;CNRSMH_E_2011_005_084_
items/2022/01/06/CNRSMH_E_2011_005_084_001_06.aiff;CNRSMH_E_2011_005_084_
items/2022/01/06/CNRSMH_E_2011_005_084_001_08.aiff;CNRSMH_E_2011_005_084_
items/2022/01/06/CNRSMH_E_2011_005_084_001_09.aiff;CNRSMH_E_2011_005_084_
items/2022/01/06/CNRSMH_E_2011_005_084_001_11.aiff;CNRSMH_E_2011_005_084_
items/2022/01/06/CNRSMH_E_2011_005_084_001_12.aiff;CNRSMH_E_2011_005_084_
items/2022/01/06/CNRSMH_E_2011_005_085_001_01.aiff;CNRSMH_E_2011_005_085_
items/2022/01/06/CNRSMH_E_2011_005_085_001_02.aiff;CNRSMH_E_2011_005_085_
items/2022/01/06/CNRSMH_E_2011_005_085_001_03.aiff;CNRSMH_E_2011_005_085_
items/2022/01/06/CNRSMH_E_2011_005_085_001_04.aiff;CNRSMH_E_2011_005_085_
items/2022/01/06/CNRSMH_E_2011_005_085_001_05.aiff;CNRSMH_E_2011_005_085_
items/2022/01/06/CNRSMH_E_2011_005_085_001_06.aiff;CNRSMH_E_2011_005_085_
items/2022/01/06/CNRSMH_E_2011_005_085_001_07.aiff;CNRSMH_E_2011_005_085_
items/2022/01/06/CNRSMH_E_2011_005_085_001_08.aiff;CNRSMH_E_2011_005_085_
items/2022/01/06/CNRSMH_E_2011_005_085_001_09.aiff;CNRSMH_E_2011_005_085_
items/2022/01/06/CNRSMH_E_2011_005_085_001_10.aiff;CNRSMH_E_2011_005_085_
items/2022/01/06/CNRSMH_E_2011_005_085_001_11.aiff;CNRSMH_E_2011_005_085_
items/2022/01/06/CNRSMH_E_2011_005_085_001_12.aiff;CNRSMH_E_2011_005_085_
items/2022/01/06/CNRSMH_E_2011_005_086_001_01.aiff;CNRSMH_E_2011_005_086_
items/2022/01/06/CNRSMH_E_2011_005_086_001_02.aiff;CNRSMH_E_2011_005_086_
items/2022/01/06/CNRSMH_E_2011_005_086_001_03.aiff;CNRSMH_E_2011_005_086_
items/2022/01/06/CNRSMH_E_2011_005_086_001_04.aiff;CNRSMH_E_2011_005_086_
items/2022/01/06/CNRSMH_E_2011_005_086_001_05.aiff;CNRSMH_E_2011_005_086_
items/2022/01/06/CNRSMH_E_2011_005_086_001_06.aiff;CNRSMH_E_2011_005_086_
items/2022/01/06/CNRSMH_E_2011_005_086_001_07.aiff;CNRSMH_E_2011_005_086_
items/2022/01/06/CNRSMH_E_2011_005_086_001_08.aiff;CNRSMH_E_2011_005_086_
items/2022/01/06/CNRSMH_E_2011_005_086_001_09.aiff;CNRSMH_E_2011_005_086_
items/2022/01/06/CNRSMH_E_2011_005_086_001_10.aiff;CNRSMH_E_2011_005_086_
items/2022/01/12/CNRSMH_E_2011_005_079_001_01.aiff;CNRSMH_E_2011_005_079_
items/2022/01/12/CNRSMH_E_2011_005_079_001_02.aiff;CNRSMH_E_2011_005_079_
items/2022/01/12/CNRSMH_E_2011_005_079_001_03.aiff;CNRSMH_E_2011_005_079_
items/2022/01/12/CNRSMH_E_2011_005_079_001_04.aiff;CNRSMH_E_2011_005_079_
items/2022/01/12/CNRSMH_E_2011_005_079_001_05.aiff;CNRSMH_E_2011_005_079_
items/2022/01/12/CNRSMH_E_2011_005_079_001_06.aiff;CNRSMH_E_2011_005_079_
items/2022/01/12/CNRSMH_E_2011_005_079_001_07.aiff;CNRSMH_E_2011_005_079_
items/2022/01/12/CNRSMH_E_2011_005_079_001_08.aiff;CNRSMH_E_2011_005_079_
items/2022/01/12/CNRSMH_E_2011_005_087_001_01.aiff;CNRSMH_E_2011_005_087_
items/2022/01/12/CNRSMH_E_2011_005_087_001_10.aiff;CNRSMH_E_2011_005_087_
items/2022/01/19/CNRSMH_E_2011_026_030_001.aiff;CNRSMH_E_2011_026_030_
items/2022/01/19/CNRSMH_E_2011_026_030_002.aiff;CNRSMH_E_2011_026_030_
items/2022/01/19/CNRSMH_E_2011_026_030_003.aiff;CNRSMH_E_2011_026_030_
items/2022/01/19/CNRSMH_E_2011_026_030_004.aiff;CNRSMH_E_2011_026_030_
items/2022/01/19/CNRSMH_E_2011_026_030_005.aiff;CNRSMH_E_2011_026_030_
items/2022/01/19/CNRSMH_E_2011_026_030_006.aiff;CNRSMH_E_2011_026_030_
items/2022/01/19/CNRSMH_E_2011_026_030_007.aiff;CNRSMH_E_2011_026_030_
items/2022/01/19/CNRSMH_E_2011_026_030_008.aiff;CNRSMH_E_2011_026_030_
items/2022/01/19/CNRSMH_E_2011_026_030_009.aiff;CNRSMH_E_2011_026_030_
items/2022/01/19/CNRSMH_E_2011_026_030_010.aiff;CNRSMH_E_2011_026_030_
items/2022/01/19/CNRSMH_E_2011_026_031_001.aiff;CNRSMH_E_2011_026_031_
items/2022/01/19/CNRSMH_E_2011_026_031_002.aiff;CNRSMH_E_2011_026_031_
items/2022/01/19/CNRSMH_E_2011_026_031_003.aiff;CNRSMH_E_2011_026_031_
items/2022/01/19/CNRSMH_E_2011_026_031_004.aiff;CNRSMH_E_2011_026_031_
items/2022/01/19/CNRSMH_E_2011_026_031_005.aiff;CNRSMH_E_2011_026_031_
items/2022/01/19/CNRSMH_E_2011_026_031_006.aiff;CNRSMH_E_2011_026_031_
items/2022/01/19/CNRSMH_E_2011_026_031_007.aiff;CNRSMH_E_2011_026_031_
items/2022/01/19/CNRSMH_E_2011_026_031_008.aiff;CNRSMH_E_2011_026_031_
items/2022/01/19/CNRSMH_E_2011_026_031_009.aiff;CNRSMH_E_2011_026_031_
items/2022/01/19/CNRSMH_E_2011_026_033_001.aiff;CNRSMH_E_2011_026_033_
items/2022/01/19/CNRSMH_E_2011_026_033_002.aiff;CNRSMH_E_2011_026_033_
items/2022/01/19/CNRSMH_E_2011_026_033_003.aiff;CNRSMH_E_2011_026_033_
items/2022/01/19/CNRSMH_E_2011_026_033_004.aiff;CNRSMH_E_2011_026_033_
items/2022/01/19/CNRSMH_E_2011_026_033_005.aiff;CNRSMH_E_2011_026_033_
items/2022/01/19/CNRSMH_E_2011_026_033_006.aiff;CNRSMH_E_2011_026_033_
items/2022/01/19/CNRSMH_E_2011_026_033_007.aiff;CNRSMH_E_2011_026_033_
items/2022/01/19/CNRSMH_E_2011_026_033_008.aiff;CNRSMH_E_2011_026_033_
items/2022/01/19/CNRSMH_E_2011_026_033_009.aiff;CNRSMH_E_2011_026_033_
items/2022/01/19/CNRSMH_E_2011_026_033_010.aiff;CNRSMH_E_2011_026_033_
items/2022/01/19/CNRSMH_E_2011_026_034_001.aiff;CNRSMH_E_2011_026_034_
items/2022/01/19/CNRSMH_E_2011_026_034_002.aiff;CNRSMH_E_2011_026_034_
items/2022/01/19/CNRSMH_E_2011_026_034_003.aiff;CNRSMH_E_2011_026_034_
items/2022/01/19/CNRSMH_E_2011_026_034_004.aiff;CNRSMH_E_2011_026_034_
items/2022/01/19/CNRSMH_E_2011_026_034_005.aiff;CNRSMH_E_2011_026_034_
items/2022/01/19/CNRSMH_E_2011_026_034_006.aiff;CNRSMH_E_2011_026_034_
items/2022/01/19/CNRSMH_E_2011_026_034_007.aiff;CNRSMH_E_2011_026_034_
items/2022/01/19/CNRSMH_E_2011_026_034_008.aiff;CNRSMH_E_2011_026_034_
items/2022/01/19/CNRSMH_E_2011_026_034_009.aiff;CNRSMH_E_2011_026_034_
items/2022/01/19/CNRSMH_E_2011_026_034_010.aiff;CNRSMH_E_2011_026_034_
items/2022/01/19/CNRSMH_E_2011_026_035_001.aiff;CNRSMH_E_2011_026_035_
items/2022/01/19/CNRSMH_E_2011_026_035_002.aiff;CNRSMH_E_2011_026_035_
items/2022/01/19/CNRSMH_E_2011_026_035_003.aiff;CNRSMH_E_2011_026_035_
items/2022/01/19/CNRSMH_E_2011_026_035_004.aiff;CNRSMH_E_2011_026_035_
items/2022/01/19/CNRSMH_E_2011_026_035_005.aiff;CNRSMH_E_2011_026_035_
items/2022/01/19/CNRSMH_E_2011_026_035_006.aiff;CNRSMH_E_2011_026_035_
items/2022/01/19/CNRSMH_E_2011_026_035_007.aiff;CNRSMH_E_2011_026_035_
items/2022/01/19/CNRSMH_E_2011_026_035_008.aiff;CNRSMH_E_2011_026_035_
items/2022/01/19/CNRSMH_E_2011_026_035_009.aiff;CNRSMH_E_2011_026_035_
items/2022/01/19/CNRSMH_E_2011_026_035_010.aiff;CNRSMH_E_2011_026_035_
items/2022/01/19/CNRSMH_E_2011_026_036_001.aiff;CNRSMH_E_2011_026_036_
items/2022/01/19/CNRSMH_E_2011_026_036_002.aiff;CNRSMH_E_2011_026_036_
items/2022/01/19/CNRSMH_E_2011_026_036_003.aiff;CNRSMH_E_2011_026_036_
items/2022/01/19/CNRSMH_E_2011_026_036_004.aiff;CNRSMH_E_2011_026_036_
items/2022/01/19/CNRSMH_E_2011_026_036_005.aiff;CNRSMH_E_2011_026_036_
items/2022/01/19/CNRSMH_E_2011_026_036_006.aiff;CNRSMH_E_2011_026_036_
items/2022/01/19/CNRSMH_E_2011_026_036_007.aiff;CNRSMH_E_2011_026_036_
items/2022/01/19/CNRSMH_E_2011_026_036_008.aiff;CNRSMH_E_2011_026_036_
items/2022/01/19/CNRSMH_E_2011_026_038_001_.aiff;CNRSMH_E_2011_026_038_
items/2022/01/19/CNRSMH_E_2011_026_038_002.aiff;CNRSMH_E_2011_026_038_
items/2022/01/19/CNRSMH_E_2011_026_038_003.aiff;CNRSMH_E_2011_026_038_
items/2022/01/19/CNRSMH_E_2011_026_038_004.aiff;CNRSMH_E_2011_026_038_
items/2022/01/19/CNRSMH_E_2011_026_038_005.aiff;CNRSMH_E_2011_026_038_
items/2022/01/19/CNRSMH_E_2011_026_038_006.aiff;CNRSMH_E_2011_026_038_
items/2022/01/19/CNRSMH_E_2011_026_039_001.aiff;CNRSMH_E_2011_026_039_
items/2022/01/19/CNRSMH_E_2011_026_039_002.aiff;CNRSMH_E_2011_026_039_
items/2022/01/19/CNRSMH_E_2011_026_039_003.aiff;CNRSMH_E_2011_026_039_
items/2022/01/19/CNRSMH_E_2011_026_039_004.aiff;CNRSMH_E_2011_026_039_
items/2022/01/19/CNRSMH_E_2011_026_039_005.aiff;CNRSMH_E_2011_026_039_
items/2022/01/19/CNRSMH_E_2011_026_039_006.aiff;CNRSMH_E_2011_026_039_
items/2022/01/19/CNRSMH_E_2011_026_042_001.aiff;CNRSMH_E_2011_026_042_
items/2022/01/19/CNRSMH_E_2011_026_042_002.aiff;CNRSMH_E_2011_026_042_
items/2022/01/19/CNRSMH_E_2011_026_042_003.aiff;CNRSMH_E_2011_026_042_
items/2022/01/19/CNRSMH_E_2011_026_042_004.aiff;CNRSMH_E_2011_026_042_
items/2022/01/19/CNRSMH_E_2011_026_042_005.aiff;CNRSMH_E_2011_026_042_
items/2022/01/19/CNRSMH_E_2011_026_042_006.aiff;CNRSMH_E_2011_026_042_
items/2022/01/19/CNRSMH_E_2011_026_043_001.aiff;CNRSMH_E_2011_026_043_
items/2022/01/19/CNRSMH_E_2011_026_043_002.aiff;CNRSMH_E_2011_026_043_
items/2022/01/19/CNRSMH_E_2011_026_043_003.aiff;CNRSMH_E_2011_026_043_
items/2022/01/19/CNRSMH_E_2011_026_043_004.aiff;CNRSMH_E_2011_026_043_
items/2022/01/19/CNRSMH_E_2011_026_043_005.aiff;CNRSMH_E_2011_026_043_
items/2022/01/19/CNRSMH_E_2011_026_043_006.aiff;CNRSMH_E_2011_026_043_
items/2022/01/19/CNRSMH_E_2011_026_044_001.aiff;CNRSMH_E_2011_026_044_
items/2022/01/19/CNRSMH_E_2011_026_044_002.aiff;CNRSMH_E_2011_026_044_
items/2022/01/19/CNRSMH_E_2011_026_044_003.aiff;CNRSMH_E_2011_026_044_
items/2022/01/19/CNRSMH_E_2011_026_044_004.aiff;CNRSMH_E_2011_026_044_
items/2022/01/19/CNRSMH_E_2011_026_044_005.aiff;CNRSMH_E_2011_026_044_
items/2022/01/19/CNRSMH_E_2011_026_044_006.aiff;CNRSMH_E_2011_026_044_
items/2022/01/19/CNRSMH_E_2011_026_044_007.aiff;CNRSMH_E_2011_026_044_
items/2022/01/19/CNRSMH_E_2011_026_044_008.aiff;CNRSMH_E_2011_026_044_
items/2022/01/19/CNRSMH_E_2011_026_044_009.aiff;CNRSMH_E_2011_026_044_
items/2022/01/26/CNRSMH_E_2011_005_034_001_01.aiff;CNRSMH_E_2011_005_034_
items/2022/01/26/CNRSMH_E_2011_005_034_001_02.aiff;CNRSMH_E_2011_005_034_
items/2022/01/26/CNRSMH_E_2011_005_035_001_01.aiff;CNRSMH_E_2011_005_035_
items/2022/01/26/CNRSMH_E_2011_005_035_001_02.aiff;CNRSMH_E_2011_005_035_
items/2022/01/26/CNRSMH_E_2011_005_036_001_01.aiff;CNRSMH_E_2011_005_036_
items/2022/01/26/CNRSMH_E_2011_005_036_001_02.aiff;CNRSMH_E_2011_005_036_
items/2022/01/26/CNRSMH_E_2011_005_037_001_01_.aiff;CNRSMH_E_2011_005_037_
items/2022/01/26/CNRSMH_E_2011_005_037_001_02.aiff;CNRSMH_E_2011_005_037_
items/2022/01/26/CNRSMH_E_2011_005_038_001_01.aiff;CNRSMH_E_2011_005_038_
items/2022/01/26/CNRSMH_E_2011_005_038_001_02.aiff;CNRSMH_E_2011_005_038_
items/2022/01/26/CNRSMH_E_2011_005_039_001_01.aiff;CNRSMH_E_2011_005_039_
items/2022/01/26/CNRSMH_E_2011_005_039_001_02.aiff;CNRSMH_E_2011_005_039_
items/2022/01/26/CNRSMH_E_2011_005_040_001_01.aiff;CNRSMH_E_2011_005_040_
items/2022/01/26/CNRSMH_E_2011_005_040_001_02.aiff;CNRSMH_E_2011_005_040_
items/2022/01/26/CNRSMH_E_2011_005_041_001_01.aiff;CNRSMH_E_2011_005_041_
items/2022/01/26/CNRSMH_E_2011_005_041_001_02.aiff;CNRSMH_E_2011_005_041_
items/2022/01/26/CNRSMH_E_2011_005_042_001_012.aiff;CNRSMH_E_2011_005_042_
items/2022/01/26/CNRSMH_E_2011_005_042_001_01_.aiff;CNRSMH_E_2011_005_042_
items/2022/01/26/CNRSMH_E_2011_005_043_001_01.aiff;CNRSMH_E_2011_005_043_
items/2022/01/26/CNRSMH_E_2011_005_043_001_02.aiff;CNRSMH_E_2011_005_043_
items/2022/01/26/CNRSMH_E_2011_005_044_001_01_.aiff;CNRSMH_E_2011_005_044_
items/2022/01/26/CNRSMH_E_2011_005_044_001_02_.aiff;CNRSMH_E_2011_005_044_
items/2022/01/26/CNRSMH_E_2011_005_045_001_01_.aiff;CNRSMH_E_2011_005_045_
items/2022/01/26/CNRSMH_E_2011_005_045_001_02.aiff;CNRSMH_E_2011_005_045_
items/2022/01/26/CNRSMH_E_2011_005_046_001_01.aiff;CNRSMH_E_2011_005_046_
items/2022/01/26/CNRSMH_E_2011_005_046_001_02.aiff;CNRSMH_E_2011_005_046_
items/2022/01/26/CNRSMH_E_2011_005_047_001_01.aiff;CNRSMH_E_2011_005_047_
items/2022/01/26/CNRSMH_E_2011_005_047_001_02.aiff;CNRSMH_E_2011_005_047_
items/2022/01/26/CNRSMH_E_2011_005_048_001_01_.aiff;CNRSMH_E_2011_005_048_
items/2022/01/26/CNRSMH_E_2011_005_048_001_02.aiff;CNRSMH_E_2011_005_048_
items/2022/01/26/CNRSMH_E_2011_005_049_001_01.aiff;CNRSMH_E_2011_005_049_
items/2022/01/26/CNRSMH_E_2011_005_049_001_02.aiff;CNRSMH_E_2011_005_049_
items/2022/01/26/CNRSMH_E_2011_005_050_001_01.aiff;CNRSMH_E_2011_005_050_
items/2022/01/26/CNRSMH_E_2011_005_050_001_02.aiff;CNRSMH_E_2011_005_050_
items/2022/01/26/CNRSMH_E_2011_005_051_001_01.aiff;CNRSMH_E_2011_005_051_
items/2022/01/26/CNRSMH_E_2011_005_051_001_02.aiff;CNRSMH_E_2011_005_051_
items/2022/01/26/CNRSMH_E_2011_005_052_001_01.aiff;CNRSMH_E_2011_005_052_
items/2022/01/26/CNRSMH_E_2011_005_052_001_02.aiff;CNRSMH_E_2011_005_052_
items/2022/01/26/CNRSMH_E_2011_005_053_001_01.aiff;CNRSMH_E_2011_005_053_
items/2022/01/26/CNRSMH_E_2011_005_053_001_02.aiff;CNRSMH_E_2011_005_053_
items/2022/01/26/CNRSMH_E_2011_005_054_001_01.aiff;CNRSMH_E_2011_005_054_
items/2022/01/26/CNRSMH_E_2011_005_054_001_02.aiff;CNRSMH_E_2011_005_054_
items/2022/01/26/CNRSMH_E_2011_026_041_001.aiff;CNRSMH_E_2011_026_041_
items/2022/01/26/CNRSMH_E_2011_026_041_002.aiff;CNRSMH_E_2011_026_041_
items/2022/01/26/CNRSMH_E_2011_026_041_003.aiff;CNRSMH_E_2011_026_041_
items/2022/01/26/CNRSMH_E_2011_026_041_004.aiff;CNRSMH_E_2011_026_041_
items/2022/01/26/CNRSMH_E_2011_026_041_005.aiff;CNRSMH_E_2011_026_041_
items/2022/01/26/CNRSMH_E_2011_026_041_006.aiff;CNRSMH_E_2011_026_041_
items/2022/01/26/CNRSMH_E_2011_026_041_007.aiff;CNRSMH_E_2011_026_041_
items/2022/01/26/CNRSMH_E_2011_026_041_008.aiff;CNRSMH_E_2011_026_041_
items/2022/01/26/CNRSMH_E_2011_026_041_009.aiff;CNRSMH_E_2011_026_041_
items/2022/01/26/CNRSMH_E_2011_026_046_001.aiff;CNRSMH_E_2011_026_046_
items/2022/01/26/CNRSMH_E_2011_026_046_002.aiff;CNRSMH_E_2011_026_046_
items/2022/01/26/CNRSMH_E_2011_026_046_003.aiff;CNRSMH_E_2011_026_046_
items/2022/01/26/CNRSMH_E_2011_026_046_004.aiff;CNRSMH_E_2011_026_046_
items/2022/01/26/CNRSMH_E_2011_026_046_005.aiff;CNRSMH_E_2011_026_046_
items/2022/01/26/CNRSMH_E_2011_026_046_006.aiff;CNRSMH_E_2011_026_046_
items/2022/01/26/CNRSMH_E_2011_026_046_007.aiff;CNRSMH_E_2011_026_046_
items/2022/01/26/CNRSMH_E_2011_026_046_008.aiff;CNRSMH_E_2011_026_046_
items/2022/01/26/CNRSMH_E_2011_026_051_001.aiff;CNRSMH_E_2011_026_051_
items/2022/01/26/CNRSMH_E_2011_026_051_002.aiff;CNRSMH_E_2011_026_051_
items/2022/01/26/CNRSMH_E_2011_026_051_003.aiff;CNRSMH_E_2011_026_051_
items/2022/01/26/CNRSMH_E_2011_026_051_004.aiff;CNRSMH_E_2011_026_051_
items/2022/01/26/CNRSMH_E_2011_026_051_005.aiff;CNRSMH_E_2011_026_051_
items/2022/01/26/CNRSMH_E_2011_026_051_006.aiff;CNRSMH_E_2011_026_051_
items/2022/01/26/CNRSMH_E_2011_026_051_007.aiff;CNRSMH_E_2011_026_051_
items/2022/01/26/CNRSMH_E_2011_026_051_008.aiff;CNRSMH_E_2011_026_051_
items/2022/01/26/CNRSMH_E_2011_026_051_009.aiff;CNRSMH_E_2011_026_051_
items/2022/01/26/CNRSMH_E_2011_026_051_010.aiff;CNRSMH_E_2011_026_051_
items/2022/02/01/CNRSMH_E_2011_005_055_001_01.aiff;CNRSMH_E_2011_005_055_
items/2022/02/01/CNRSMH_E_2011_005_055_001_02.aiff;CNRSMH_E_2011_005_055_
items/2022/02/01/CNRSMH_E_2011_005_056_001_01_.aiff;CNRSMH_E_2011_005_056_
items/2022/02/01/CNRSMH_E_2011_005_056_001_02_.aiff;CNRSMH_E_2011_005_056_
items/2022/02/01/CNRSMH_E_2011_005_057_001_01.aiff;CNRSMH_E_2011_005_057_
items/2022/02/01/CNRSMH_E_2011_005_057_001_02.aiff;CNRSMH_E_2011_005_057_
items/2022/02/01/CNRSMH_E_2011_005_058_001_01.aiff;CNRSMH_E_2011_005_058_
items/2022/02/01/CNRSMH_E_2011_005_058_001_02.aiff;CNRSMH_E_2011_005_058_
items/2022/02/01/CNRSMH_E_2011_005_059_001_01.aiff;CNRSMH_E_2011_005_059_
items/2022/02/01/CNRSMH_E_2011_005_059_001_02.aiff;CNRSMH_E_2011_005_059_
items/2022/02/01/CNRSMH_E_2011_005_060_001_01.aiff;CNRSMH_E_2011_005_060_
items/2022/02/01/CNRSMH_E_2011_005_060_001_02.aiff;CNRSMH_E_2011_005_060_
items/2022/02/01/CNRSMH_E_2011_005_061_001_01_.aiff;CNRSMH_E_2011_005_061_
items/2022/02/01/CNRSMH_E_2011_005_061_001_02.aiff;CNRSMH_E_2011_005_061_
items/2022/02/01/CNRSMH_E_2011_005_062_001_01.aiff;CNRSMH_E_2011_005_062_
items/2022/02/01/CNRSMH_E_2011_005_062_001_02.aiff;CNRSMH_E_2011_005_062_
items/2022/02/01/CNRSMH_E_2011_005_063_001_01.aiff;CNRSMH_E_2011_005_063_
items/2022/02/01/CNRSMH_E_2011_005_063_001_02.aiff;CNRSMH_E_2011_005_063_
items/2022/02/01/CNRSMH_E_2011_005_087_001_02.aiff;CNRSMH_E_2011_005_087_
items/2022/02/01/CNRSMH_E_2011_005_087_001_03.aiff;CNRSMH_E_2011_005_087_
items/2022/02/01/CNRSMH_E_2011_005_087_001_04.aiff;CNRSMH_E_2011_005_087_
items/2022/02/01/CNRSMH_E_2011_005_087_001_05.aiff;CNRSMH_E_2011_005_087_
items/2022/02/01/CNRSMH_E_2011_005_087_001_06.aiff;CNRSMH_E_2011_005_087_
items/2022/02/01/CNRSMH_E_2011_005_087_001_07.aiff;CNRSMH_E_2011_005_087_
items/2022/02/01/CNRSMH_E_2011_005_087_001_08.aiff;CNRSMH_E_2011_005_087_
items/2022/02/01/CNRSMH_E_2011_005_087_001_09.aiff;CNRSMH_E_2011_005_087_
items/2022/10/05/CNRSMH_E_9999_001_003_001_03_DfdtGzq.wav;CNRSMH_E_9999_001_003_
items/2022/10/21/CNRSMH_E_9999_001_003_001_01.wav;CNRSMH_E_9999_001_003_
items/2022/10/21/CNRSMH_E_9999_001_003_001_02b.wav;CNRSMH_E_9999_001_003_
items/2023/07/03/CNRSMH_E_2023_004_001_01.wav;CNRSMH_E_2023_004_001_
items/2023/07/03/CNRSMH_E_2023_004_001_02.wav;CNRSMH_E_2023_004_001_
items/2023/07/04/CNRSMH_E_2023_004_001_03.wav;CNRSMH_E_2023_004_001_
items/2023/07/04/CNRSMH_E_2023_004_001_04.wav;CNRSMH_E_2023_004_001_
items/2023/07/04/CNRSMH_E_2023_004_001_05.wav;CNRSMH_E_2023_004_001_
items/2023/07/04/CNRSMH_E_2023_004_001_06.wav;CNRSMH_E_2023_004_001_
items/2023/07/04/CNRSMH_E_2023_004_001_07.wav;CNRSMH_E_2023_004_001_
items/2023/07/04/CNRSMH_E_2023_004_001_08.wav;CNRSMH_E_2023_004_001_
items/2023/07/04/CNRSMH_E_2023_004_001_09.wav;CNRSMH_E_2023_004_001_
items/2023/07/04/CNRSMH_E_2023_004_001_10.wav;CNRSMH_E_2023_004_001_
items/2023/07/04/CNRSMH_E_2023_004_001_11.wav;CNRSMH_E_2023_004_001_
items/2023/07/04/CNRSMH_E_2023_004_001_12.wav;CNRSMH_E_2023_004_001_
items/2023/07/04/CNRSMH_E_2023_004_001_13.wav;CNRSMH_E_2023_004_001_
items/2023/07/04/CNRSMH_E_2023_004_001_14.wav;CNRSMH_E_2023_004_001_
items/2023/07/04/CNRSMH_E_2023_004_001_15.wav;CNRSMH_E_2023_004_001_
items/2023/07/04/CNRSMH_E_2023_004_001_16.wav;CNRSMH_E_2023_004_001_
items/2023/07/04/CNRSMH_E_2023_004_001_17.wav;CNRSMH_E_2023_004_001_
items/2023/07/04/CNRSMH_E_2023_004_001_18.wav;CNRSMH_E_2023_004_001_
items/2023/07/04/CNRSMH_E_2023_004_001_19.wav;CNRSMH_E_2023_004_001_
items/2023/07/04/CNRSMH_E_2023_004_001_20.wav;CNRSMH_E_2023_004_001_
items/2023/07/04/CNRSMH_E_2023_004_001_21.wav;CNRSMH_E_2023_004_001_
items/2023/07/04/CNRSMH_E_2023_004_001_22.wav;CNRSMH_E_2023_004_001_
items/2023/07/04/CNRSMH_E_2023_004_001_23.wav;CNRSMH_E_2023_004_001_
items/2023/07/04/CNRSMH_E_2023_004_001_24_2ByCLlE.wav;CNRSMH_E_2023_004_001_
items/2023/07/04/CNRSMH_E_2023_004_001_25.wav;CNRSMH_E_2023_004_001_
items/2023/07/04/CNRSMH_E_2023_004_001_26.wav;CNRSMH_E_2023_004_001_
items/2023/07/04/CNRSMH_E_2023_004_001_27.wav;CNRSMH_E_2023_004_001_
items/2023/07/04/CNRSMH_E_2023_004_001_28.wav;CNRSMH_E_2023_004_001_
items/2024/06/24/CNRSMH_E_1997_002_001_001_01.wav;CNRSMH_E_1997_002_001_
items/2024/06/26/CNRSMH_E_1997_002_001_001_03.wav;CNRSMH_E_1997_002_001_
items/2024/06/26/CNRSMH_E_1997_002_001_001_04.wav;CNRSMH_E_1997_002_001_
items/2024/07/02/CNRSMH_E_2006_010_001_07.wav;CNRSMH_E_2006_010_001_
items/2024/07/02/CNRSMH_E_2006_010_001_10.wav;CNRSMH_E_2006_010_001_
items/2024/07/02/CNRSMH_E_2006_010_001_12.wav;CNRSMH_E_2006_010_001_
items/2024/07/02/CNRSMH_E_2006_010_001_13.wav;CNRSMH_E_2006_010_001_
items/2024/07/02/CNRSMH_E_2006_010_001_15.wav;CNRSMH_E_2006_010_001_
items/2024/07/02/CNRSMH_E_2006_010_001_18.wav;CNRSMH_E_2006_010_001_
items/2024/07/02/CNRSMH_E_2006_010_001_21.wav;CNRSMH_E_2006_010_001_
items/2024/07/02/CNRSMH_E_2006_010_001_31.wav;CNRSMH_E_2006_010_001_
items/2024/07/02/CNRSMH_E_2006_010_001_32.wav;CNRSMH_E_2006_010_001_
items/2024/07/02/CNRSMH_E_2006_010_001_38.wav;CNRSMH_E_2006_010_001_
items/2024/07/02/CNRSMH_E_2006_010_001_41.wav;CNRSMH_E_2006_010_001_
items/2024/07/02/CNRSMH_E_2006_010_001_45.wav;CNRSMH_E_2006_010_001_
items/2024/07/02/CNRSMH_E_2006_010_001_46.wav;CNRSMH_E_2006_010_001_
items/2024/07/02/CNRSMH_E_2006_010_001_57.wav;CNRSMH_E_2006_010_001_
items/2024/07/02/CNRSMH_E_2006_010_001_59.wav;CNRSMH_E_2006_010_001_
items/2024/07/02/CNRSMH_E_2006_010_001_60.wav;CNRSMH_E_2006_010_001_
items/2024/07/02/CNRSMH_E_2006_010_001_63.wav;CNRSMH_E_2006_010_001_
items/2024/07/02/CNRSMH_E_2006_010_001_65.wav;CNRSMH_E_2006_010_001_
items/2024/07/05/CNRSMH_E_1997_002_001_001_02.wav;CNRSMH_E_1997_002_001_
items/2024/07/23/CNRSMH_E_1997_002_001_001_05.wav;CNRSMH_E_1997_002_001_
items/2024/07/23/CNRSMH_E_1997_002_001_001_06.wav;CNRSMH_E_1997_002_001_
items/2024/07/23/CNRSMH_E_1997_002_001_001_07.wav;CNRSMH_E_1997_002_001_
items/2024/07/23/CNRSMH_E_1997_002_001_001_08.wav;CNRSMH_E_1997_002_001_
items/2024/07/23/CNRSMH_E_1997_002_001_002_01.wav;CNRSMH_E_1997_002_001_
items/2024/07/23/CNRSMH_E_1997_002_001_002_02.wav;CNRSMH_E_1997_002_001_
items/2024/07/23/CNRSMH_E_1997_002_001_002_03.wav;CNRSMH_E_1997_002_001_
items/2024/07/23/CNRSMH_E_1997_002_001_002_04.wav;CNRSMH_E_1997_002_001_
items/2024/07/23/CNRSMH_E_1997_002_001_002_05.wav;CNRSMH_E_1997_002_001_
items/2024/07/23/CNRSMH_E_1997_002_001_002_06.wav;CNRSMH_E_1997_002_001_
items/2024/07/23/CNRSMH_E_1997_002_001_002_07.wav;CNRSMH_E_1997_002_001_
items/2024/07/23/CNRSMH_E_1997_002_001_002_08.wav;CNRSMH_E_1997_002_001_
items/2024/07/23/CNRSMH_E_1997_002_003_001_01.wav;CNRSMH_E_1997_002_003_
items/2024/07/23/CNRSMH_E_1997_002_003_001_02.wav;CNRSMH_E_1997_002_003_
items/2024/07/23/CNRSMH_E_1997_002_003_001_03.wav;CNRSMH_E_1997_002_003_
items/2024/07/23/CNRSMH_E_1997_002_003_001_04.wav;CNRSMH_E_1997_002_003_
items/2024/07/23/CNRSMH_E_1997_002_003_001_05.wav;CNRSMH_E_1997_002_003_
items/2024/07/23/CNRSMH_E_1997_002_003_001_06.wav;CNRSMH_E_1997_002_003_
items/2024/07/23/CNRSMH_E_1997_002_003_002_01.wav;CNRSMH_E_1997_002_003_
items/2024/07/23/CNRSMH_E_1997_002_003_002_02.wav;CNRSMH_E_1997_002_003_
items/2024/07/23/CNRSMH_E_1997_002_003_002_03.wav;CNRSMH_E_1997_002_003_
items/2024/07/23/CNRSMH_E_1997_002_003_002_04.wav;CNRSMH_E_1997_002_003_
items/2024/07/23/CNRSMH_E_1997_002_003_002_05.wav;CNRSMH_E_1997_002_003_
items/2024/07/23/CNRSMH_E_1997_002_003_002_06.wav;CNRSMH_E_1997_002_003_
items/2024/07/23/CNRSMH_E_1997_002_003_002_07.wav;CNRSMH_E_1997_002_003_
items/2024/07/23/CNRSMH_E_1997_002_005_001_01.wav;CNRSMH_E_1997_002_005_
items/2024/07/23/CNRSMH_E_1997_002_005_001_02.wav;CNRSMH_E_1997_002_005_
items/2024/07/23/CNRSMH_E_1997_002_005_001_03.wav;CNRSMH_E_1997_002_005_
items/2024/07/23/CNRSMH_E_1997_002_005_001_04.wav;CNRSMH_E_1997_002_005_
items/2024/07/23/CNRSMH_E_1997_002_005_001_05.wav;CNRSMH_E_1997_002_005_
items/2024/07/23/CNRSMH_E_1997_002_005_001_06.wav;CNRSMH_E_1997_002_005_
items/2024/07/23/CNRSMH_E_1997_002_005_001_07.wav;CNRSMH_E_1997_002_005_
items/2024/07/23/CNRSMH_E_1997_002_005_001_08.wav;CNRSMH_E_1997_002_005_
items/2024/07/23/CNRSMH_E_1997_002_005_001_09.wav;CNRSMH_E_1997_002_005_
items/2024/07/23/CNRSMH_E_1997_002_005_001_10.wav;CNRSMH_E_1997_002_005_
items/2024/07/23/CNRSMH_E_1997_002_005_001_11.wav;CNRSMH_E_1997_002_005_
items/2024/07/23/CNRSMH_E_1997_002_005_001_12.wav;CNRSMH_E_1997_002_005_
items/2024/07/23/CNRSMH_E_1997_002_005_001_13.wav;CNRSMH_E_1997_002_005_
items/2024/07/23/CNRSMH_E_1997_002_005_001_14.wav;CNRSMH_E_1997_002_005_
items/2024/07/23/CNRSMH_E_1997_002_005_001_15.wav;CNRSMH_E_1997_002_005_
items/2024/07/23/CNRSMH_E_1997_002_005_001_16.wav;CNRSMH_E_1997_002_005_
items/2024/07/23/CNRSMH_E_1997_002_005_002_01.wav;CNRSMH_E_1997_002_005_
items/2024/07/23/CNRSMH_E_1997_002_005_002_02.wav;CNRSMH_E_1997_002_005_
items/2024/07/23/CNRSMH_E_1997_002_005_002_03.wav;CNRSMH_E_1997_002_005_
items/2024/07/23/CNRSMH_E_1997_002_005_002_04.wav;CNRSMH_E_1997_002_005_
items/2024/07/23/CNRSMH_E_1997_002_005_002_05.wav;CNRSMH_E_1997_002_005_
items/2024/07/23/CNRSMH_E_1997_002_005_002_06.wav;CNRSMH_E_1997_002_005_
items/2024/07/23/CNRSMH_E_1997_002_005_002_07.wav;CNRSMH_E_1997_002_005_
items/2024/07/23/CNRSMH_E_1997_002_005_002_08.wav;CNRSMH_E_1997_002_005_
items/2024/07/23/CNRSMH_E_1997_002_005_002_09.wav;CNRSMH_E_1997_002_005_
items/2024/07/23/CNRSMH_E_1997_002_005_002_10.wav;CNRSMH_E_1997_002_005_
items/2024/07/23/CNRSMH_E_1997_002_005_002_11.wav;CNRSMH_E_1997_002_005_
items/2024/07/23/CNRSMH_E_1997_002_005_002_12.wav;CNRSMH_E_1997_002_005_
items/2024/07/24/CNRSMH_E_1997_002_007_001_01.wav;CNRSMH_E_1997_002_007_
items/2024/07/24/CNRSMH_E_1997_002_007_001_02.wav;CNRSMH_E_1997_002_007_
items/2024/07/24/CNRSMH_E_1997_002_007_001_03.wav;CNRSMH_E_1997_002_007_
items/2024/07/24/CNRSMH_E_1997_002_007_001_04.wav;CNRSMH_E_1997_002_007_
items/2024/07/24/CNRSMH_E_1997_002_007_001_05.wav;CNRSMH_E_1997_002_007_
items/2024/07/24/CNRSMH_E_1997_002_007_001_06.wav;CNRSMH_E_1997_002_007_
items/2024/07/24/CNRSMH_E_1997_002_007_001_07.wav;CNRSMH_E_1997_002_007_
items/2024/07/24/CNRSMH_E_1997_002_007_001_08.wav;CNRSMH_E_1997_002_007_
items/2024/07/24/CNRSMH_E_1997_002_007_001_09.wav;CNRSMH_E_1997_002_007_
items/2024/07/24/CNRSMH_E_1997_002_007_001_10.wav;CNRSMH_E_1997_002_007_
items/2024/07/24/CNRSMH_E_1997_002_007_001_11.wav;CNRSMH_E_1997_002_007_
items/2024/07/24/CNRSMH_E_1997_002_007_002_01.wav;CNRSMH_E_1997_002_007_
items/2024/07/24/CNRSMH_E_1997_002_007_002_02.wav;CNRSMH_E_1997_002_007_
items/2024/07/24/CNRSMH_E_1997_002_007_002_03.wav;CNRSMH_E_1997_002_007_
items/2024/07/24/CNRSMH_E_1997_002_007_002_04.wav;CNRSMH_E_1997_002_007_
items/2024/07/24/CNRSMH_E_1997_002_007_002_05.wav;CNRSMH_E_1997_002_007_
items/2024/07/24/CNRSMH_E_1997_002_007_002_06.wav;CNRSMH_E_1997_002_007_
items/2024/11/27/CNRSMH_E_1952_004_001_003_01.wav;CNRSMH_E_1952_004_001_
items/2024/11/27/CNRSMH_E_1952_004_001_003_02.wav;CNRSMH_E_1952_004_001_
items/2024/11/27/CNRSMH_E_1952_004_001_003_03.wav;CNRSMH_E_1952_004_001_
items/2024/11/27/CNRSMH_E_1952_004_001_003_04.wav;CNRSMH_E_1952_004_001_
items/2024/11/27/CNRSMH_E_1952_004_001_012_01.wav;CNRSMH_E_1952_004_001_
items/2024/11/27/CNRSMH_E_1952_004_001_012_02.wav;CNRSMH_E_1952_004_001_
items/2024/11/27/CNRSMH_E_1952_004_001_012_03.wav;CNRSMH_E_1952_004_001_
items/2024/11/27/CNRSMH_E_1952_004_001_012_04.wav;CNRSMH_E_1952_004_001_
items/2024/11/27/CNRSMH_E_1952_004_001_012_05.wav;CNRSMH_E_1952_004_001_
items/2024/11/27/CNRSMH_E_1952_004_001_012_06.wav;CNRSMH_E_1952_004_001_
items/2024/11/27/CNRSMH_E_1952_004_001_013_01.wav;CNRSMH_E_1952_004_001_
items/2024/11/27/CNRSMH_E_1952_004_001_013_02.wav;CNRSMH_E_1952_004_001_
items/2024/11/27/CNRSMH_E_1952_004_001_014_01.wav;CNRSMH_E_1952_004_001_
items/2024/11/27/CNRSMH_E_1952_004_001_030_01.wav;CNRSMH_E_1952_004_001_
items/2024/11/27/CNRSMH_E_1952_004_001_030_03.wav;CNRSMH_E_1952_004_001_
items/2024/12/17/CNRSMH_E_1980_001_001_001_01.wav;CNRSMH_E_1980_001_001_
items/2024/12/17/CNRSMH_E_1980_001_001_001_02.wav;CNRSMH_E_1980_001_001_
items/2024/12/18/CNRSMH_E_1980_001_001_001_03.wav;CNRSMH_E_1980_001_001_
items/2024/12/18/CNRSMH_E_1980_001_001_001_04_MdS8bpj.wav;CNRSMH_E_1980_001_001_
items/2024/12/18/CNRSMH_E_1980_001_001_001_05.wav;CNRSMH_E_1980_001_001_
items/2024/12/18/CNRSMH_E_1980_001_001_001_06.wav;CNRSMH_E_1980_001_001_
items/2024/12/18/CNRSMH_E_1980_001_001_001_07.wav;CNRSMH_E_1980_001_001_
items/2024/12/18/CNRSMH_E_1980_001_001_001_08.wav;CNRSMH_E_1980_001_001_
items/2024/12/18/CNRSMH_E_1980_001_001_001_09.wav;CNRSMH_E_1980_001_001_
items/2024/12/18/CNRSMH_E_1980_001_001_001_10.wav;CNRSMH_E_1980_001_001_
items/2024/12/18/CNRSMH_E_1980_001_001_001_11.wav;CNRSMH_E_1980_001_001_
items/2024/12/18/CNRSMH_E_1980_001_001_001_12.wav;CNRSMH_E_1980_001_001_
items/2024/12/18/CNRSMH_E_1980_001_001_001_13.wav;CNRSMH_E_1980_001_001_
items/2024/12/18/CNRSMH_E_1980_001_001_001_14.wav;CNRSMH_E_1980_001_001_
items/2024/12/18/CNRSMH_E_1980_001_001_001_15.wav;CNRSMH_E_1980_001_001_
items/2024/12/18/CNRSMH_E_1980_001_001_001_16.wav;CNRSMH_E_1980_001_001_
items/2024/12/18/CNRSMH_E_1980_001_001_001_17.wav;CNRSMH_E_1980_001_001_
items/2024/12/18/CNRSMH_E_1980_001_001_001_18.wav;CNRSMH_E_1980_001_001_
items/2024/12/18/CNRSMH_E_1980_001_001_001_19.wav;CNRSMH_E_1980_001_001_
items/2024/12/18/CNRSMH_E_1980_001_001_001_20.wav;CNRSMH_E_1980_001_001_
items/2024/12/18/CNRSMH_E_1980_001_001_001_21.wav;CNRSMH_E_1980_001_001_
items/2024/12/18/CNRSMH_E_1980_001_001_001_22.wav;CNRSMH_E_1980_001_001_
items/2024/12/18/CNRSMH_E_1980_001_001_001_23.wav;CNRSMH_E_1980_001_001_
items/2025/04/09/CNRSMH_E_1972_022_001_001_02_1.wav;CNRSMH_E_1972_022_001_
items/import/new/CNRSMH_E_1949_003_005/CNRSMH_E_1949_003_005_001_01.wav;CNRSMH_E_1949_003_005_
items/import/new/CNRSMH_E_1949_003_005/CNRSMH_E_1949_003_005_001_03.wav;CNRSMH_E_1949_003_005_
items/import/new/CNRSMH_E_1949_003_005/CNRSMH_E_1949_003_005_001_04.wav;CNRSMH_E_1949_003_005_
items/import/new/CNRSMH_E_1949_003_005/CNRSMH_E_1949_003_005_002_01.wav;CNRSMH_E_1949_003_005_
items/import/new/CNRSMH_E_1949_003_005/CNRSMH_E_1949_003_005_002_04.wav;CNRSMH_E_1949_003_005_
items/import/new/CNRSMH_E_1949_003_005/CNRSMH_E_1949_003_005_003_01.wav;CNRSMH_E_1949_003_005_
items/import/new/CNRSMH_E_1949_003_005/CNRSMH_E_1949_003_005_003_02.wav;CNRSMH_E_1949_003_005_
items/import/new/CNRSMH_E_1949_003_005/CNRSMH_E_1949_003_005_004_03.wav;CNRSMH_E_1949_003_005_
items/import/new/CNRSMH_E_1949_003_005/CNRSMH_E_1949_003_005_004_04.wav;CNRSMH_E_1949_003_005_
items/import/new/CNRSMH_E_1955_025_001/CNRSMH_E_1955_025_001_001_01.wav;CNRSMH_E_1955_025_001_
items/import/new/CNRSMH_E_1955_025_001/CNRSMH_E_1955_025_001_001_02.wav;CNRSMH_E_1955_025_001_
items/import/new/CNRSMH_E_1955_025_001/CNRSMH_E_1955_025_001_002_01.wav;CNRSMH_E_1955_025_001_
items/import/new/CNRSMH_E_1955_025_001/CNRSMH_E_1955_025_001_002_02.wav;CNRSMH_E_1955_025_001_
items/import/new/CNRSMH_E_1955_025_001/CNRSMH_E_1955_025_001_003_01.wav;CNRSMH_E_1955_025_001_
items/import/new/CNRSMH_E_1955_025_001/CNRSMH_E_1955_025_001_003_02.wav;CNRSMH_E_1955_025_001_
items/import/new/CNRSMH_E_1955_025_001/CNRSMH_E_1955_025_001_004_01.wav;CNRSMH_E_1955_025_001_
items/import/new/CNRSMH_E_1955_025_001/CNRSMH_E_1955_025_001_004_02.wav;CNRSMH_E_1955_025_001_
items/import/new/CNRSMH_E_1965_121_001/CNRSMH_E_1965_121_001_02.wav;CNRSMH_E_1965_121_001_
items/import/new/CNRSMH_E_1965_148_001/CNRSMH_E_1965_148_001_01.wav;CNRSMH_E_1965_148_001_
items/import/new/CNRSMH_E_1965_148_001/CNRSMH_E_1965_148_001_02.wav;CNRSMH_E_1965_148_001_
items/import/new/CNRSMH_E_1966_004_002/CNRSMH_E_1966_004_002_001_11.wav;CNRSMH_E_1966_004_002_
items/import/new/CNRSMH_E_1966_004_002/CNRSMH_E_1966_004_002_001_12.wav;CNRSMH_E_1966_004_002_
items/import/new/CNRSMH_E_1966_004_002/CNRSMH_E_1966_004_002_001_13.wav;CNRSMH_E_1966_004_002_
items/import/new/CNRSMH_E_1966_004_002/CNRSMH_E_1966_004_002_001_14.wav;CNRSMH_E_1966_004_002_
items/import/new/CNRSMH_E_1966_004_002/CNRSMH_E_1966_004_002_001_15.wav;CNRSMH_E_1966_004_002_
items/import/new/CNRSMH_E_1966_004_002/CNRSMH_E_1966_004_002_001_16.wav;CNRSMH_E_1966_004_002_
items/import/new/CNRSMH_E_1966_004_002/CNRSMH_E_1966_004_002_001_17.wav;CNRSMH_E_1966_004_002_
items/import/new/CNRSMH_E_1966_004_002/CNRSMH_E_1966_004_002_001_18.wav;CNRSMH_E_1966_004_002_
items/import/new/CNRSMH_E_1969_006_018/CNRSMH_E_1969_006_018_01.wav;CNRSMH_E_1969_006_018_
items/import/new/CNRSMH_E_1969_006_018/CNRSMH_E_1969_006_018_02.wav;CNRSMH_E_1969_006_018_
items/import/new/CNRSMH_E_1969_006_018/CNRSMH_E_1969_006_018_03.wav;CNRSMH_E_1969_006_018_
items/import/new/CNRSMH_E_1969_006_018/CNRSMH_E_1969_006_018_04.wav;CNRSMH_E_1969_006_018_
items/import/new/CNRSMH_E_1969_006_018/CNRSMH_E_1969_006_018_05.wav;CNRSMH_E_1969_006_018_
items/import/new/CNRSMH_E_1969_006_018/CNRSMH_E_1969_006_018_06.wav;CNRSMH_E_1969_006_018_
items/import/new/CNRSMH_E_1969_006_018/CNRSMH_E_1969_006_018_07.wav;CNRSMH_E_1969_006_018_
items/import/new/CNRSMH_E_1969_006_018/CNRSMH_E_1969_006_018_08.wav;CNRSMH_E_1969_006_018_
items/import/new/CNRSMH_E_1969_006_018/CNRSMH_E_1969_006_018_09.wav;CNRSMH_E_1969_006_018_
items/import/new/CNRSMH_E_1969_006_018/CNRSMH_E_1969_006_018_10.wav;CNRSMH_E_1969_006_018_
items/import/new/CNRSMH_E_1969_006_018/CNRSMH_E_1969_006_018_11.wav;CNRSMH_E_1969_006_018_
items/import/new/CNRSMH_E_1969_006_018/CNRSMH_E_1969_006_018_12.wav;CNRSMH_E_1969_006_018_
items/import/new/CNRSMH_E_1969_006_018/CNRSMH_E_1969_006_018_13.wav;CNRSMH_E_1969_006_018_
items/import/new/CNRSMH_E_1969_006_018/CNRSMH_E_1969_006_018_14.wav;CNRSMH_E_1969_006_018_
items/import/new/CNRSMH_E_1969_006_018/CNRSMH_E_1969_006_018_15.wav;CNRSMH_E_1969_006_018_
items/import/new/CNRSMH_E_1969_006_018/CNRSMH_E_1969_006_018_16.wav;CNRSMH_E_1969_006_018_
items/import/new/CNRSMH_E_1969_018_006/CNRSMH_E_1969_018_006_01.wav;CNRSMH_E_1969_018_006_
items/import/new/CNRSMH_E_1969_018_006/CNRSMH_E_1969_018_006_02.wav;CNRSMH_E_1969_018_006_
items/import/new/CNRSMH_E_1969_018_006/CNRSMH_E_1969_018_006_03.wav;CNRSMH_E_1969_018_006_
items/import/new/CNRSMH_E_1969_018_006/CNRSMH_E_1969_018_006_04.wav;CNRSMH_E_1969_018_006_
items/import/new/CNRSMH_E_1969_018_006/CNRSMH_E_1969_018_006_05.wav;CNRSMH_E_1969_018_006_
items/import/new/CNRSMH_E_1969_018_006/CNRSMH_E_1969_018_006_06.wav;CNRSMH_E_1969_018_006_
items/import/new/CNRSMH_E_1969_018_006/CNRSMH_E_1969_018_006_07.wav;CNRSMH_E_1969_018_006_
items/import/new/CNRSMH_E_1969_018_006/CNRSMH_E_1969_018_006_08.wav;CNRSMH_E_1969_018_006_
items/import/new/CNRSMH_E_1969_018_006/CNRSMH_E_1969_018_006_09.wav;CNRSMH_E_1969_018_006_
items/import/new/CNRSMH_E_1969_018_006/CNRSMH_E_1969_018_006_10.wav;CNRSMH_E_1969_018_006_
items/import/new/CNRSMH_E_1969_018_006/CNRSMH_E_1969_018_006_11.wav;CNRSMH_E_1969_018_006_
items/import/new/CNRSMH_E_1969_018_006/CNRSMH_E_1969_018_006_12.wav;CNRSMH_E_1969_018_006_
items/import/new/CNRSMH_E_1969_018_006/CNRSMH_E_1969_018_006_13.wav;CNRSMH_E_1969_018_006_
items/import/new/CNRSMH_E_1969_018_006/CNRSMH_E_1969_018_006_14.wav;CNRSMH_E_1969_018_006_
items/import/new/CNRSMH_E_1969_018_006/CNRSMH_E_1969_018_006_15.wav;CNRSMH_E_1969_018_006_
items/import/new/CNRSMH_E_1969_018_006/CNRSMH_E_1969_018_006_16.wav;CNRSMH_E_1969_018_006_
items/import/new/CNRSMH_E_1969_020_001/CNRSMH_E_1969_020_001_01.wav;CNRSMH_E_1969_020_001_
items/import/new/CNRSMH_E_1969_020_001/CNRSMH_E_1969_020_001_02.wav;CNRSMH_E_1969_020_001_
items/import/new/CNRSMH_E_1969_020_001/CNRSMH_E_1969_020_001_03.wav;CNRSMH_E_1969_020_001_
items/import/new/CNRSMH_E_1969_020_001/CNRSMH_E_1969_020_001_04.wav;CNRSMH_E_1969_020_001_
items/import/new/CNRSMH_E_1969_020_001/CNRSMH_E_1969_020_001_05.wav;CNRSMH_E_1969_020_001_
items/import/new/CNRSMH_E_1969_020_001/CNRSMH_E_1969_020_001_06.wav;CNRSMH_E_1969_020_001_
items/import/new/CNRSMH_E_1969_020_001/CNRSMH_E_1969_020_001_07.wav;CNRSMH_E_1969_020_001_
items/import/new/CNRSMH_E_1969_020_001/CNRSMH_E_1969_020_001_08.wav;CNRSMH_E_1969_020_001_
items/import/new/CNRSMH_E_1969_020_001/CNRSMH_E_1969_020_001_09.wav;CNRSMH_E_1969_020_001_
items/import/new/CNRSMH_E_1969_020_001/CNRSMH_E_1969_020_001_10.wav;CNRSMH_E_1969_020_001_
items/import/new/CNRSMH_E_1969_020_001/CNRSMH_E_1969_020_001_11.wav;CNRSMH_E_1969_020_001_
items/import/new/CNRSMH_E_1969_020_001/CNRSMH_E_1969_020_001_12.wav;CNRSMH_E_1969_020_001_
items/import/new/CNRSMH_E_1969_020_001/CNRSMH_E_1969_020_001_13.wav;CNRSMH_E_1969_020_001_
items/import/new/CNRSMH_E_1969_020_001/CNRSMH_E_1969_020_001_14.wav;CNRSMH_E_1969_020_001_
items/import/new/CNRSMH_E_1971_015_002/CNRSMH_E_1971_015_002_01.wav;CNRSMH_E_1971_015_002_
items/import/new/CNRSMH_E_1971_015_002/CNRSMH_E_1971_015_002_02.wav;CNRSMH_E_1971_015_002_
items/import/new/CNRSMH_E_1971_015_002/CNRSMH_E_1971_015_002_03.wav;CNRSMH_E_1971_015_002_
items/import/new/CNRSMH_E_1971_015_002/CNRSMH_E_1971_015_002_04.wav;CNRSMH_E_1971_015_002_
items/import/new/CNRSMH_E_1971_015_002/CNRSMH_E_1971_015_002_05.wav;CNRSMH_E_1971_015_002_
items/import/new/CNRSMH_E_1971_015_002/CNRSMH_E_1971_015_002_06.wav;CNRSMH_E_1971_015_002_
items/import/new/CNRSMH_E_1971_015_002/CNRSMH_E_1971_015_002_07.wav;CNRSMH_E_1971_015_002_
items/import/new/CNRSMH_E_1971_015_002/CNRSMH_E_1971_015_002_08.wav;CNRSMH_E_1971_015_002_
items/import/new/CNRSMH_E_1971_015_002/CNRSMH_E_1971_015_002_09.wav;CNRSMH_E_1971_015_002_
items/import/new/CNRSMH_E_1971_015_002/CNRSMH_E_1971_015_002_10.wav;CNRSMH_E_1971_015_002_
items/import/new/CNRSMH_E_1971_015_002/CNRSMH_E_1971_015_002_11.wav;CNRSMH_E_1971_015_002_
items/import/new/CNRSMH_E_1971_015_002/CNRSMH_E_1971_015_002_12.wav;CNRSMH_E_1971_015_002_
items/import/new/CNRSMH_E_1971_015_002/CNRSMH_E_1971_015_002_13.wav;CNRSMH_E_1971_015_002_
items/import/new/CNRSMH_E_1971_015_002/CNRSMH_E_1971_015_002_14.wav;CNRSMH_E_1971_015_002_
items/import/new/CNRSMH_E_1971_015_002/CNRSMH_E_1971_015_002_15.wav;CNRSMH_E_1971_015_002_
items/import/new/CNRSMH_E_1971_015_002/CNRSMH_E_1971_015_002_16.wav;CNRSMH_E_1971_015_002_
items/import/new/CNRSMH_E_1971_015_002/CNRSMH_E_1971_015_002_17.wav;CNRSMH_E_1971_015_002_
items/import/new/CNRSMH_E_1971_015_002/CNRSMH_E_1971_015_002_18.wav;CNRSMH_E_1971_015_002_
items/import/new/CNRSMH_E_1971_015_002/CNRSMH_E_1971_015_002_19.wav;CNRSMH_E_1971_015_002_
items/import/new/CNRSMH_E_1971_015_002/CNRSMH_E_1971_015_002_20.wav;CNRSMH_E_1971_015_002_
items/import/new/CNRSMH_E_1971_015_002/CNRSMH_E_1971_015_002_21.wav;CNRSMH_E_1971_015_002_
items/import/new/CNRSMH_E_1971_015_002/CNRSMH_E_1971_015_002_22.wav;CNRSMH_E_1971_015_002_
items/import/new/CNRSMH_E_1971_015_002/CNRSMH_E_1971_015_002_23.wav;CNRSMH_E_1971_015_002_
items/import/new/CNRSMH_E_1971_015_002/CNRSMH_E_1971_015_002_24.wav;CNRSMH_E_1971_015_002_
items/import/new/CNRSMH_E_1971_015_002/CNRSMH_E_1971_015_002_25.wav;CNRSMH_E_1971_015_002_
items/import/new/CNRSMH_E_1971_015_002/CNRSMH_E_1971_015_002_26.wav;CNRSMH_E_1971_015_002_
items/import/new/CNRSMH_E_1971_015_002/CNRSMH_E_1971_015_002_27.wav;CNRSMH_E_1971_015_002_
items/import/new/CNRSMH_E_1973_004_029/CNRSMH_E_1973_004_029_01.wav;CNRSMH_E_1973_004_029_
items/import/new/CNRSMH_E_1973_004_029/CNRSMH_E_1973_004_029_02.wav;CNRSMH_E_1973_004_029_
items/import/new/CNRSMH_E_1973_004_029/CNRSMH_E_1973_004_029_03.wav;CNRSMH_E_1973_004_029_
items/import/new/CNRSMH_E_1973_004_029/CNRSMH_E_1973_004_029_04.wav;CNRSMH_E_1973_004_029_
items/import/new/CNRSMH_E_1973_004_029/CNRSMH_E_1973_004_029_05.wav;CNRSMH_E_1973_004_029_
items/import/new/CNRSMH_E_1973_004_029/CNRSMH_E_1973_004_029_06.wav;CNRSMH_E_1973_004_029_
items/import/new/CNRSMH_E_1973_004_029/CNRSMH_E_1973_004_029_07.wav;CNRSMH_E_1973_004_029_
items/import/new/CNRSMH_E_1973_004_029/CNRSMH_E_1973_004_029_08.wav;CNRSMH_E_1973_004_029_
items/import/new/CNRSMH_E_1973_004_029/CNRSMH_E_1973_004_029_09.wav;CNRSMH_E_1973_004_029_
items/import/new/CNRSMH_E_1973_004_029/CNRSMH_E_1973_004_029_10.wav;CNRSMH_E_1973_004_029_
items/import/new/CNRSMH_E_1973_004_029/CNRSMH_E_1973_004_029_11.wav;CNRSMH_E_1973_004_029_
items/import/new/CNRSMH_E_1973_004_029/CNRSMH_E_1973_004_029_12.wav;CNRSMH_E_1973_004_029_
items/import/new/CNRSMH_E_1973_004_029/CNRSMH_E_1973_004_029_13.wav;CNRSMH_E_1973_004_029_
items/import/new/CNRSMH_E_1973_004_029/CNRSMH_E_1973_004_029_14.wav;CNRSMH_E_1973_004_029_
items/import/new/CNRSMH_E_1973_004_029/CNRSMH_E_1973_004_029_15.wav;CNRSMH_E_1973_004_029_
items/import/new/CNRSMH_E_1973_004_029/CNRSMH_E_1973_004_029_16.wav;CNRSMH_E_1973_004_029_
items/import/new/CNRSMH_E_1973_004_029/CNRSMH_E_1973_004_029_17.wav;CNRSMH_E_1973_004_029_
items/import/new/CNRSMH_E_1973_004_029/CNRSMH_E_1973_004_029_18.wav;CNRSMH_E_1973_004_029_
items/import/new/CNRSMH_E_1973_004_029/CNRSMH_E_1973_004_029_19.wav;CNRSMH_E_1973_004_029_
items/import/new/CNRSMH_E_1973_004_029/CNRSMH_E_1973_004_029_20.wav;CNRSMH_E_1973_004_029_
items/import/new/CNRSMH_E_1973_004_029/CNRSMH_E_1973_004_029_21.wav;CNRSMH_E_1973_004_029_
items/import/new/CNRSMH_E_1973_004_029/CNRSMH_E_1973_004_029_22.wav;CNRSMH_E_1973_004_029_
items/import/new/CNRSMH_E_1973_004_029/CNRSMH_E_1973_004_029_23.wav;CNRSMH_E_1973_004_029_
items/import/new/CNRSMH_E_1973_004_029/CNRSMH_E_1973_004_029_24.wav;CNRSMH_E_1973_004_029_
items/import/new/CNRSMH_E_1973_004_029/CNRSMH_E_1973_004_029_25.wav;CNRSMH_E_1973_004_029_
items/import/new/CNRSMH_E_1973_004_029/CNRSMH_E_1973_004_029_26.wav;CNRSMH_E_1973_004_029_
items/import/new/CNRSMH_E_1973_016_001/CNRSMH_E_1973_016_001_001_01.wav;CNRSMH_E_1973_016_001_
items/import/new/CNRSMH_E_1973_016_001/CNRSMH_E_1973_016_001_001_02.wav;CNRSMH_E_1973_016_001_
items/import/new/CNRSMH_E_1973_016_001/CNRSMH_E_1973_016_001_001_03.wav;CNRSMH_E_1973_016_001_
items/import/new/CNRSMH_E_1973_016_001/CNRSMH_E_1973_016_001_001_04.wav;CNRSMH_E_1973_016_001_
items/import/new/CNRSMH_E_1973_016_001/CNRSMH_E_1973_016_001_001_05.wav;CNRSMH_E_1973_016_001_
items/import/new/CNRSMH_E_1973_016_001/CNRSMH_E_1973_016_001_001_06.wav;CNRSMH_E_1973_016_001_
items/import/new/CNRSMH_E_1973_016_001/CNRSMH_E_1973_016_001_001_061.wav;CNRSMH_E_1973_016_001_
items/import/new/CNRSMH_E_1973_016_001/CNRSMH_E_1973_016_001_001_07.wav;CNRSMH_E_1973_016_001_
items/import/new/CNRSMH_E_1973_016_001/CNRSMH_E_1973_016_001_001_08.wav;CNRSMH_E_1973_016_001_
items/import/new/CNRSMH_E_1973_016_001/CNRSMH_E_1973_016_001_001_09.wav;CNRSMH_E_1973_016_001_
items/import/new/CNRSMH_E_1973_016_001/CNRSMH_E_1973_016_001_001_10.wav;CNRSMH_E_1973_016_001_
items/import/new/CNRSMH_E_1973_016_001/CNRSMH_E_1973_016_001_001_11.wav;CNRSMH_E_1973_016_001_
items/import/new/CNRSMH_E_1973_016_001/CNRSMH_E_1973_016_001_001_12.wav;CNRSMH_E_1973_016_001_
items/import/new/CNRSMH_E_1975_003_001/CNRSMH_E_1975_003_001_01.wav;CNRSMH_E_1975_003_001_
items/import/new/CNRSMH_E_1975_003_001/CNRSMH_E_1975_003_001_02.wav;CNRSMH_E_1975_003_001_
items/import/new/CNRSMH_E_1975_003_001/CNRSMH_E_1975_003_001_03.wav;CNRSMH_E_1975_003_001_
items/import/new/CNRSMH_E_1975_003_001/CNRSMH_E_1975_003_001_04.wav;CNRSMH_E_1975_003_001_
items/import/new/CNRSMH_E_1975_003_001/CNRSMH_E_1975_003_001_05.wav;CNRSMH_E_1975_003_001_
items/import/new/CNRSMH_E_1975_003_001/CNRSMH_E_1975_003_001_06.wav;CNRSMH_E_1975_003_001_
items/import/new/CNRSMH_E_1975_003_001/CNRSMH_E_1975_003_001_07.wav;CNRSMH_E_1975_003_001_
items/import/new/CNRSMH_E_1975_003_001/CNRSMH_E_1975_003_001_08.wav;CNRSMH_E_1975_003_001_
items/import/new/CNRSMH_E_1975_003_006/CNRSMH_E_1975_003_006_01.wav;CNRSMH_E_1975_003_006_
items/import/new/CNRSMH_E_1975_003_006/CNRSMH_E_1975_003_006_02.wav;CNRSMH_E_1975_003_006_
items/import/new/CNRSMH_E_1975_003_006/CNRSMH_E_1975_003_006_03.wav;CNRSMH_E_1975_003_006_
items/import/new/CNRSMH_E_1975_003_006/CNRSMH_E_1975_003_006_04.wav;CNRSMH_E_1975_003_006_
items/import/new/CNRSMH_E_1975_003_006/CNRSMH_E_1975_003_006_05.wav;CNRSMH_E_1975_003_006_
items/import/new/CNRSMH_E_1975_003_006/CNRSMH_E_1975_003_006_06.wav;CNRSMH_E_1975_003_006_
items/import/new/CNRSMH_E_1976_019_001/CNRSMH_E_1976_019_001_01.wav;CNRSMH_E_1976_019_001_
items/import/new/CNRSMH_E_1976_019_001/CNRSMH_E_1976_019_001_02.wav;CNRSMH_E_1976_019_001_
items/import/new/CNRSMH_E_1976_019_001/CNRSMH_E_1976_019_001_03.wav;CNRSMH_E_1976_019_001_
items/import/new/CNRSMH_E_1976_019_001/CNRSMH_E_1976_019_001_04.wav;CNRSMH_E_1976_019_001_
items/import/new/CNRSMH_E_1976_019_001/CNRSMH_E_1976_019_001_05.wav;CNRSMH_E_1976_019_001_
items/import/new/CNRSMH_E_1976_019_001/CNRSMH_E_1976_019_001_06.wav;CNRSMH_E_1976_019_001_
items/import/new/CNRSMH_E_1989_008_003/CNRSMH_E_1989_008_003_06.wav;CNRSMH_E_1989_008_003_
items/import/new/CNRSMH_E_1993_001_001/CNRSMH_E_1993_001_001_01.wav;CNRSMH_E_1993_001_001_
items/import/new/CNRSMH_E_1993_001_001/CNRSMH_E_1993_001_001_02.wav;CNRSMH_E_1993_001_001_
items/import/new/CNRSMH_E_1993_001_001/CNRSMH_E_1993_001_001_03.wav;CNRSMH_E_1993_001_001_
items/import/new/CNRSMH_E_1993_001_001/CNRSMH_E_1993_001_001_04.wav;CNRSMH_E_1993_001_001_
items/import/new/CNRSMH_E_1993_001_001/CNRSMH_E_1993_001_001_05.wav;CNRSMH_E_1993_001_001_
items/import/new/CNRSMH_E_1993_001_001/CNRSMH_E_1993_001_001_06.wav;CNRSMH_E_1993_001_001_
items/import/new/CNRSMH_E_1993_001_001/CNRSMH_E_1993_001_001_07.wav;CNRSMH_E_1993_001_001_
items/import/new/CNRSMH_E_1993_001_001/CNRSMH_E_1993_001_001_08.wav;CNRSMH_E_1993_001_001_
items/import/new/CNRSMH_E_1993_001_001/CNRSMH_E_1993_001_001_09.wav;CNRSMH_E_1993_001_001_
items/import/new/CNRSMH_E_1993_009_047/CNRSMH_E_1993_009_047_01.wav;CNRSMH_E_1993_009_047_
items/import/new/CNRSMH_E_1993_009_047/CNRSMH_E_1993_009_047_02.wav;CNRSMH_E_1993_009_047_
items/import/new/CNRSMH_E_1993_009_047/CNRSMH_E_1993_009_047_03.wav;CNRSMH_E_1993_009_047_
items/import/new/CNRSMH_E_1993_009_047/CNRSMH_E_1993_009_047_04.wav;CNRSMH_E_1993_009_047_
items/import/new/CNRSMH_E_1994_018_008/CNRSMH_E_1994_018_008_01.wav;CNRSMH_E_1994_018_008_
items/import/new/CNRSMH_E_1994_018_008/CNRSMH_E_1994_018_008_02.wav;CNRSMH_E_1994_018_008_
items/import/new/CNRSMH_E_1994_018_008/CNRSMH_E_1994_018_008_03.wav;CNRSMH_E_1994_018_008_
items/import/new/CNRSMH_E_1994_018_008/CNRSMH_E_1994_018_008_04.wav;CNRSMH_E_1994_018_008_
items/import/new/CNRSMH_E_1994_018_008/CNRSMH_E_1994_018_008_05.wav;CNRSMH_E_1994_018_008_
items/import/new/CNRSMH_E_1994_018_008/CNRSMH_E_1994_018_008_06.wav;CNRSMH_E_1994_018_008_
items/import/new/CNRSMH_E_1994_018_008/CNRSMH_E_1994_018_008_07.wav;CNRSMH_E_1994_018_008_
items/import/new/CNRSMH_E_1994_018_008/CNRSMH_E_1994_018_008_08.wav;CNRSMH_E_1994_018_008_
items/import/new/CNRSMH_E_1994_018_008/CNRSMH_E_1994_018_008_09.wav;CNRSMH_E_1994_018_008_
items/import/new/CNRSMH_E_1994_018_009/CNRSMH_E_1994_018_009_01.wav;CNRSMH_E_1994_018_009_
items/import/new/CNRSMH_E_1994_018_009/CNRSMH_E_1994_018_009_02.wav;CNRSMH_E_1994_018_009_
items/import/new/CNRSMH_E_1994_018_009/CNRSMH_E_1994_018_009_03.wav;CNRSMH_E_1994_018_009_
items/import/new/CNRSMH_E_1994_018_009/CNRSMH_E_1994_018_009_04.wav;CNRSMH_E_1994_018_009_
items/import/new/CNRSMH_E_1994_018_009/CNRSMH_E_1994_018_009_05.wav;CNRSMH_E_1994_018_009_
items/import/new/CNRSMH_E_1994_018_009/CNRSMH_E_1994_018_009_06.wav;CNRSMH_E_1994_018_009_
items/import/new/CNRSMH_E_1995_008_006/CNRSMH_E_1995_008_006_01.wav;CNRSMH_E_1995_008_006_
items/import/new/CNRSMH_E_1995_008_006/CNRSMH_E_1995_008_006_02.wav;CNRSMH_E_1995_008_006_
items/import/new/CNRSMH_E_1995_008_006/CNRSMH_E_1995_008_006_03.wav;CNRSMH_E_1995_008_006_
items/import/new/CNRSMH_E_1995_008_006/CNRSMH_E_1995_008_006_04.wav;CNRSMH_E_1995_008_006_
items/import/new/CNRSMH_E_1995_008_006/CNRSMH_E_1995_008_006_05.wav;CNRSMH_E_1995_008_006_
items/import/new/CNRSMH_E_1995_008_006/CNRSMH_E_1995_008_006_06.wav;CNRSMH_E_1995_008_006_
items/import/new/CNRSMH_E_1995_008_006/CNRSMH_E_1995_008_006_07.wav;CNRSMH_E_1995_008_006_
items/import/new/CNRSMH_E_1995_008_006/CNRSMH_E_1995_008_006_08.wav;CNRSMH_E_1995_008_006_
items/import/new/CNRSMH_E_1995_008_006/CNRSMH_E_1995_008_006_09.wav;CNRSMH_E_1995_008_006_
items/import/new/CNRSMH_E_1995_008_006/CNRSMH_E_1995_008_006_10.wav;CNRSMH_E_1995_008_006_
items/import/new/CNRSMH_E_1997_014_001/CNRSMH_E_1997_014_001_01.wav;CNRSMH_E_1997_014_001_
items/import/new/CNRSMH_E_1997_014_001/CNRSMH_E_1997_014_001_02.wav;CNRSMH_E_1997_014_001_
items/import/new/CNRSMH_E_1997_014_001/CNRSMH_E_1997_014_001_03.wav;CNRSMH_E_1997_014_001_
items/import/new/CNRSMH_E_1997_014_001/CNRSMH_E_1997_014_001_04.wav;CNRSMH_E_1997_014_001_
items/import/new/CNRSMH_E_1997_014_001/CNRSMH_E_1997_014_001_05.wav;CNRSMH_E_1997_014_001_
items/import/new/CNRSMH_E_1997_014_001/CNRSMH_E_1997_014_001_06.wav;CNRSMH_E_1997_014_001_
items/import/new/CNRSMH_E_1997_014_001/CNRSMH_E_1997_014_001_07.wav;CNRSMH_E_1997_014_001_
items/import/new/CNRSMH_E_1997_014_001/CNRSMH_E_1997_014_001_08.wav;CNRSMH_E_1997_014_001_
items/import/new/CNRSMH_E_1997_014_001/CNRSMH_E_1997_014_001_09.wav;CNRSMH_E_1997_014_001_
items/import/new/CNRSMH_E_1997_014_001/CNRSMH_E_1997_014_001_10.wav;CNRSMH_E_1997_014_001_
items/import/new/CNRSMH_E_1997_014_002/CNRSMH_E_1997_014_002_01.wav;CNRSMH_E_1997_014_002_
items/import/new/CNRSMH_E_1997_014_002/CNRSMH_E_1997_014_002_02.wav;CNRSMH_E_1997_014_002_
items/import/new/CNRSMH_E_1997_014_002/CNRSMH_E_1997_014_002_03.wav;CNRSMH_E_1997_014_002_
items/import/new/CNRSMH_E_1997_014_002/CNRSMH_E_1997_014_002_04.wav;CNRSMH_E_1997_014_002_
items/import/new/CNRSMH_E_1997_014_002/CNRSMH_E_1997_014_002_05.wav;CNRSMH_E_1997_014_002_
items/import/new/CNRSMH_E_1997_014_002/CNRSMH_E_1997_014_002_06.wav;CNRSMH_E_1997_014_002_
items/import/new/CNRSMH_E_1997_014_002/CNRSMH_E_1997_014_002_07.wav;CNRSMH_E_1997_014_002_
items/import/new/CNRSMH_E_1997_014_002/CNRSMH_E_1997_014_002_08.wav;CNRSMH_E_1997_014_002_
items/import/new/CNRSMH_E_1997_014_002/CNRSMH_E_1997_014_002_09.wav;CNRSMH_E_1997_014_002_
items/import/new/CNRSMH_E_1997_014_002/CNRSMH_E_1997_014_002_10.wav;CNRSMH_E_1997_014_002_
items/import/new/CNRSMH_E_1997_014_002/CNRSMH_E_1997_014_002_11.wav;CNRSMH_E_1997_014_002_
items/import/new/CNRSMH_E_1997_014_002/CNRSMH_E_1997_014_002_12.wav;CNRSMH_E_1997_014_002_
items/import/new/CNRSMH_E_1997_020_024/CNRSMH_E_1997_020_024_01.wav;CNRSMH_E_1997_020_024_
items/import/new/CNRSMH_E_1997_020_024/CNRSMH_E_1997_020_024_02.wav;CNRSMH_E_1997_020_024_
items/import/new/CNRSMH_E_1997_020_024/CNRSMH_E_1997_020_024_03.wav;CNRSMH_E_1997_020_024_
items/import/new/CNRSMH_E_1997_020_024/CNRSMH_E_1997_020_024_04.wav;CNRSMH_E_1997_020_024_
items/import/new/CNRSMH_E_1997_020_024/CNRSMH_E_1997_020_024_05.wav;CNRSMH_E_1997_020_024_
items/import/new/CNRSMH_E_1997_020_025/CNRSMH_E_1997_020_025_01.wav;CNRSMH_E_1997_020_025_
items/import/new/CNRSMH_E_1997_020_025/CNRSMH_E_1997_020_025_02.wav;CNRSMH_E_1997_020_025_
items/import/new/CNRSMH_E_1997_020_025/CNRSMH_E_1997_020_025_03.wav;CNRSMH_E_1997_020_025_
items/import/new/CNRSMH_E_1997_020_025/CNRSMH_E_1997_020_025_04.wav;CNRSMH_E_1997_020_025_
items/import/new/CNRSMH_E_1997_020_025/CNRSMH_E_1997_020_025_05.wav;CNRSMH_E_1997_020_025_
items/import/new/CNRSMH_E_1997_020_025/CNRSMH_E_1997_020_025_06.wav;CNRSMH_E_1997_020_025_
items/import/new/CNRSMH_E_1997_020_025/CNRSMH_E_1997_020_025_07.wav;CNRSMH_E_1997_020_025_
items/import/new/CNRSMH_E_1997_020_025/CNRSMH_E_1997_020_025_08.wav;CNRSMH_E_1997_020_025_
items/import/new/CNRSMH_E_1997_020_025/CNRSMH_E_1997_020_025_09.wav;CNRSMH_E_1997_020_025_
items/import/new/CNRSMH_E_1997_020_025/CNRSMH_E_1997_020_025_10.wav;CNRSMH_E_1997_020_025_
items/import/new/CNRSMH_E_1997_020_025/CNRSMH_E_1997_020_025_11.wav;CNRSMH_E_1997_020_025_
items/import/new/CNRSMH_E_1997_020_025/CNRSMH_E_1997_020_025_12.wav;CNRSMH_E_1997_020_025_
items/import/new/CNRSMH_E_1997_020_025/CNRSMH_E_1997_020_025_13.wav;CNRSMH_E_1997_020_025_
items/import/new/CNRSMH_E_1997_020_025/CNRSMH_E_1997_020_025_14.wav;CNRSMH_E_1997_020_025_
items/import/new/CNRSMH_E_1997_020_025/CNRSMH_E_1997_020_025_15.wav;CNRSMH_E_1997_020_025_
items/import/new/CNRSMH_E_1997_020_025/CNRSMH_E_1997_020_025_16.wav;CNRSMH_E_1997_020_025_
items/import/new/CNRSMH_E_1997_020_025/CNRSMH_E_1997_020_025_17.wav;CNRSMH_E_1997_020_025_
items/import/new/CNRSMH_E_1997_020_025/CNRSMH_E_1997_020_025_18.wav;CNRSMH_E_1997_020_025_
items/import/new/CNRSMH_E_1997_020_025/CNRSMH_E_1997_020_025_19.wav;CNRSMH_E_1997_020_025_
items/import/new/CNRSMH_E_1997_020_025/CNRSMH_E_1997_020_025_20.wav;CNRSMH_E_1997_020_025_
items/import/new/CNRSMH_E_1997_020_025/CNRSMH_E_1997_020_025_21.wav;CNRSMH_E_1997_020_025_
items/import/new/CNRSMH_E_1997_020_025/CNRSMH_E_1997_020_025_22.wav;CNRSMH_E_1997_020_025_
items/import/new/CNRSMH_E_1997_020_025/CNRSMH_E_1997_020_025_23.wav;CNRSMH_E_1997_020_025_
items/import/new/CNRSMH_E_1997_020_025/CNRSMH_E_1997_020_025_24.wav;CNRSMH_E_1997_020_025_
items/import/new/CNRSMH_E_1997_020_025/CNRSMH_E_1997_020_025_25.wav;CNRSMH_E_1997_020_025_
items/import/new/CNRSMH_E_1997_020_025/CNRSMH_E_1997_020_025_26.wav;CNRSMH_E_1997_020_025_
items/import/new/CNRSMH_E_1997_020_025/CNRSMH_E_1997_020_025_27.wav;CNRSMH_E_1997_020_025_
items/import/new/CNRSMH_E_1997_020_025/CNRSMH_E_1997_020_025_28.wav;CNRSMH_E_1997_020_025_
items/import/new/CNRSMH_E_1997_020_025/CNRSMH_E_1997_020_025_29.wav;CNRSMH_E_1997_020_025_
items/import/new/CNRSMH_E_1997_020_025/CNRSMH_E_1997_020_025_30.wav;CNRSMH_E_1997_020_025_
items/import/new/CNRSMH_E_1997_020_025/CNRSMH_E_1997_020_025_31.wav;CNRSMH_E_1997_020_025_
items/import/new/CNRSMH_E_1997_020_025/CNRSMH_E_1997_020_025_32.wav;CNRSMH_E_1997_020_025_
items/import/new/CNRSMH_E_1997_020_025/CNRSMH_E_1997_020_025_33.wav;CNRSMH_E_1997_020_025_
items/import/new/CNRSMH_E_1997_020_025/CNRSMH_E_1997_020_025_34.wav;CNRSMH_E_1997_020_025_
items/import/new/CNRSMH_E_1997_020_025/CNRSMH_E_1997_020_025_35.wav;CNRSMH_E_1997_020_025_
items/import/new/CNRSMH_E_1997_020_025/CNRSMH_E_1997_020_025_36.wav;CNRSMH_E_1997_020_025_
items/import/new/CNRSMH_E_1997_020_025/CNRSMH_E_1997_020_025_37.wav;CNRSMH_E_1997_020_025_
items/import/new/CNRSMH_E_1997_020_025/CNRSMH_E_1997_020_025_38.wav;CNRSMH_E_1997_020_025_
items/import/new/CNRSMH_E_1997_020_025/CNRSMH_E_1997_020_025_39.wav;CNRSMH_E_1997_020_025_
items/import/new/CNRSMH_E_1997_020_025/CNRSMH_E_1997_020_025_40.wav;CNRSMH_E_1997_020_025_
items/import/new/CNRSMH_E_1997_020_025/CNRSMH_E_1997_020_025_41.wav;CNRSMH_E_1997_020_025_
items/import/new/CNRSMH_E_1997_020_025/CNRSMH_E_1997_020_025_42.wav;CNRSMH_E_1997_020_025_
items/import/new/CNRSMH_E_2000_017_010/CNRSMH_E_2000_017_010_01.wav;CNRSMH_E_2000_017_010_
items/import/new/CNRSMH_E_2000_017_010/CNRSMH_E_2000_017_010_02.wav;CNRSMH_E_2000_017_010_
items/import/new/CNRSMH_E_2000_017_010/CNRSMH_E_2000_017_010_03.wav;CNRSMH_E_2000_017_010_
items/import/new/CNRSMH_E_2000_017_010/CNRSMH_E_2000_017_010_04.wav;CNRSMH_E_2000_017_010_
items/import/new/CNRSMH_E_2000_017_010/CNRSMH_E_2000_017_010_05.wav;CNRSMH_E_2000_017_010_
items/import/new/CNRSMH_E_2000_017_010/CNRSMH_E_2000_017_010_06.wav;CNRSMH_E_2000_017_010_
items/import/new/CNRSMH_E_2000_017_010/CNRSMH_E_2000_017_010_07.wav;CNRSMH_E_2000_017_010_
items/import/new/CNRSMH_E_2000_017_010/CNRSMH_E_2000_017_010_08.wav;CNRSMH_E_2000_017_010_
items/import/new/CNRSMH_E_2000_017_010/CNRSMH_E_2000_017_010_09.wav;CNRSMH_E_2000_017_010_
items/import/new/CNRSMH_E_2000_017_010/CNRSMH_E_2000_017_010_10.wav;CNRSMH_E_2000_017_010_
items/import/new/CNRSMH_E_2000_017_010/CNRSMH_E_2000_017_010_11.wav;CNRSMH_E_2000_017_010_
items/import/new/CNRSMH_E_2000_017_010/CNRSMH_E_2000_017_010_12.wav;CNRSMH_E_2000_017_010_
items/import/new/CNRSMH_E_2000_017_010/CNRSMH_E_2000_017_010_13.wav;CNRSMH_E_2000_017_010_
items/import/new/CNRSMH_E_2000_017_010/CNRSMH_E_2000_017_010_14.wav;CNRSMH_E_2000_017_010_
items/import/new/CNRSMH_E_2000_017_010/CNRSMH_E_2000_017_010_15.wav;CNRSMH_E_2000_017_010_
items/import/new/CNRSMH_E_2000_017_010/CNRSMH_E_2000_017_010_16.wav;CNRSMH_E_2000_017_010_
items/import/new/CNRSMH_E_2000_017_010/CNRSMH_E_2000_017_010_17.wav;CNRSMH_E_2000_017_010_
items/import/new/CNRSMH_E_2000_017_010/CNRSMH_E_2000_017_010_18.wav;CNRSMH_E_2000_017_010_
items/import/new/CNRSMH_E_2000_017_010/CNRSMH_E_2000_017_010_19.wav;CNRSMH_E_2000_017_010_
items/import/new/CNRSMH_E_2000_017_010/CNRSMH_E_2000_017_010_20.wav;CNRSMH_E_2000_017_010_
items/import/new/CNRSMH_E_2000_017_010/CNRSMH_E_2000_017_010_21.wav;CNRSMH_E_2000_017_010_
items/import/new/CNRSMH_E_2000_017_010/CNRSMH_E_2000_017_010_22.wav;CNRSMH_E_2000_017_010_
items/import/new/CNRSMH_E_2000_017_010/CNRSMH_E_2000_017_010_23.wav;CNRSMH_E_2000_017_010_
items/import/new/CNRSMH_E_2000_017_010/CNRSMH_E_2000_017_010_24.wav;CNRSMH_E_2000_017_010_
items/import/new/CNRSMH_E_2000_017_010/CNRSMH_E_2000_017_010_25.wav;CNRSMH_E_2000_017_010_
items/import/new/CNRSMH_E_2000_017_010/CNRSMH_E_2000_017_010_26.wav;CNRSMH_E_2000_017_010_
items/import/new/CNRSMH_E_2000_017_010/CNRSMH_E_2000_017_010_27.wav;CNRSMH_E_2000_017_010_
items/import/new/CNRSMH_E_2000_017_010/CNRSMH_E_2000_017_010_28.wav;CNRSMH_E_2000_017_010_
items/import/new/CNRSMH_E_2000_017_010/CNRSMH_E_2000_017_010_29.wav;CNRSMH_E_2000_017_010_
items/import/new/CNRSMH_E_2000_017_010/CNRSMH_E_2000_017_010_30.wav;CNRSMH_E_2000_017_010_
items/import/new/CNRSMH_E_2000_017_010/CNRSMH_E_2000_017_010_31.wav;CNRSMH_E_2000_017_010_
items/import/new/CNRSMH_E_2000_017_010/CNRSMH_E_2000_017_010_32.wav;CNRSMH_E_2000_017_010_
items/import/new/CNRSMH_E_2003_019_001/CNRSMH_E_2003_019_001_001_01.wav;CNRSMH_E_2003_019_001_
items/import/new/CNRSMH_E_2003_019_001/CNRSMH_E_2003_019_001_001_02.wav;CNRSMH_E_2003_019_001_
items/import/new/CNRSMH_E_2003_019_001/CNRSMH_E_2003_019_001_001_03.wav;CNRSMH_E_2003_019_001_
items/import/new/CNRSMH_E_2003_019_001/CNRSMH_E_2003_019_001_001_04.wav;CNRSMH_E_2003_019_001_
items/import/new/CNRSMH_E_2003_019_001/CNRSMH_E_2003_019_001_001_05.wav;CNRSMH_E_2003_019_001_
items/import/new/CNRSMH_E_2003_019_001/CNRSMH_E_2003_019_001_001_06.wav;CNRSMH_E_2003_019_001_
items/import/new/CNRSMH_E_2003_019_001/CNRSMH_E_2003_019_001_001_07.wav;CNRSMH_E_2003_019_001_
items/import/new/CNRSMH_E_2004_032_001/CNRSMH_E_2004_032_001_01.wav;CNRSMH_E_2004_032_001_
items/import/new/CNRSMH_E_2004_032_001/CNRSMH_E_2004_032_001_02.wav;CNRSMH_E_2004_032_001_
items/import/new/CNRSMH_E_2004_032_001/CNRSMH_E_2004_032_001_03.wav;CNRSMH_E_2004_032_001_
items/import/new/CNRSMH_E_2004_032_001/CNRSMH_E_2004_032_001_04.wav;CNRSMH_E_2004_032_001_
items/import/new/CNRSMH_E_2004_032_001/CNRSMH_E_2004_032_001_05.wav;CNRSMH_E_2004_032_001_
items/import/new/CNRSMH_E_2004_032_001/CNRSMH_E_2004_032_001_06.wav;CNRSMH_E_2004_032_001_
items/import/new/CNRSMH_E_2004_032_001/CNRSMH_E_2004_032_001_07.wav;CNRSMH_E_2004_032_001_
items/import/new/CNRSMH_E_2004_032_001/CNRSMH_E_2004_032_001_08.wav;CNRSMH_E_2004_032_001_
items/import/new/CNRSMH_E_2004_033_001/CNRSMH_E_2004_033_001_01.wav;CNRSMH_E_2004_033_001_
items/import/new/CNRSMH_E_2004_033_001/CNRSMH_E_2004_033_001_02.wav;CNRSMH_E_2004_033_001_
items/import/new/CNRSMH_E_2004_033_001/CNRSMH_E_2004_033_001_03.wav;CNRSMH_E_2004_033_001_
items/import/new/CNRSMH_E_2004_033_001/CNRSMH_E_2004_033_001_04.wav;CNRSMH_E_2004_033_001_
items/import/new/CNRSMH_E_2004_033_001/CNRSMH_E_2004_033_001_05.wav;CNRSMH_E_2004_033_001_
items/import/new/CNRSMH_E_2004_033_001/CNRSMH_E_2004_033_001_06.wav;CNRSMH_E_2004_033_001_
items/import/new/CNRSMH_E_2004_033_001/CNRSMH_E_2004_033_001_07.wav;CNRSMH_E_2004_033_001_
items/import/new/CNRSMH_E_2004_033_001/CNRSMH_E_2004_033_001_08.wav;CNRSMH_E_2004_033_001_
items/import/new/CNRSMH_E_2004_033_001/CNRSMH_E_2004_033_001_09.wav;CNRSMH_E_2004_033_001_
items/import/new/CNRSMH_E_2004_033_001/CNRSMH_E_2004_033_001_10.wav;CNRSMH_E_2004_033_001_
items/import/new/CNRSMH_E_2004_033_001/CNRSMH_E_2004_033_001_11.wav;CNRSMH_E_2004_033_001_
items/import/new/CNRSMH_E_2004_033_001/CNRSMH_E_2004_033_001_12.wav;CNRSMH_E_2004_033_001_
items/import/new/CNRSMH_E_2004_034_001/CNRSMH_E_2004_034_001_01.wav;CNRSMH_E_2004_034_001_
items/import/new/CNRSMH_E_2004_034_001/CNRSMH_E_2004_034_001_02.wav;CNRSMH_E_2004_034_001_
items/import/new/CNRSMH_E_2004_034_001/CNRSMH_E_2004_034_001_03.wav;CNRSMH_E_2004_034_001_
items/import/new/CNRSMH_E_2004_034_001/CNRSMH_E_2004_034_001_04.wav;CNRSMH_E_2004_034_001_
items/import/new/CNRSMH_E_2004_034_001/CNRSMH_E_2004_034_001_05.wav;CNRSMH_E_2004_034_001_
items/import/new/CNRSMH_E_2004_034_001/CNRSMH_E_2004_034_001_06.wav;CNRSMH_E_2004_034_001_
items/import/new/CNRSMH_E_2004_034_001/CNRSMH_E_2004_034_001_07.wav;CNRSMH_E_2004_034_001_
items/import/new/CNRSMH_E_2004_034_001/CNRSMH_E_2004_034_001_08.wav;CNRSMH_E_2004_034_001_
items/import/new/CNRSMH_E_2004_034_001/CNRSMH_E_2004_034_001_09.wav;CNRSMH_E_2004_034_001_
items/import/new/CNRSMH_E_2004_035_001/CNRSMH_E_2004_035_001_01.wav;CNRSMH_E_2004_035_001_
items/import/new/CNRSMH_E_2004_035_001/CNRSMH_E_2004_035_001_02.wav;CNRSMH_E_2004_035_001_
items/import/new/CNRSMH_E_2004_035_001/CNRSMH_E_2004_035_001_03.wav;CNRSMH_E_2004_035_001_
items/import/new/CNRSMH_E_2004_035_001/CNRSMH_E_2004_035_001_04.wav;CNRSMH_E_2004_035_001_
items/import/new/CNRSMH_E_2004_035_001/CNRSMH_E_2004_035_001_05.wav;CNRSMH_E_2004_035_001_
items/import/new/CNRSMH_E_2004_035_001/CNRSMH_E_2004_035_001_06.wav;CNRSMH_E_2004_035_001_
items/import/new/CNRSMH_E_2004_035_001/CNRSMH_E_2004_035_001_07.wav;CNRSMH_E_2004_035_001_
items/import/new/CNRSMH_E_2004_035_001/CNRSMH_E_2004_035_001_08.wav;CNRSMH_E_2004_035_001_
items/import/new/CNRSMH_E_2004_035_001/CNRSMH_E_2004_035_001_09.wav;CNRSMH_E_2004_035_001_
items/import/new/CNRSMH_E_2004_035_001/CNRSMH_E_2004_035_001_10.wav;CNRSMH_E_2004_035_001_
items/import/new/CNRSMH_E_2004_036_001/CNRSMH_E_2004_036_001_01.wav;CNRSMH_E_2004_036_001_
items/import/new/CNRSMH_E_2004_036_001/CNRSMH_E_2004_036_001_02.wav;CNRSMH_E_2004_036_001_
items/import/new/CNRSMH_E_2004_036_001/CNRSMH_E_2004_036_001_03.wav;CNRSMH_E_2004_036_001_
items/import/new/CNRSMH_E_2004_036_001/CNRSMH_E_2004_036_001_04.wav;CNRSMH_E_2004_036_001_
items/import/new/CNRSMH_E_2004_036_001/CNRSMH_E_2004_036_001_05.wav;CNRSMH_E_2004_036_001_
items/import/new/CNRSMH_E_2004_036_001/CNRSMH_E_2004_036_001_06.wav;CNRSMH_E_2004_036_001_
items/import/new/CNRSMH_E_2004_036_001/CNRSMH_E_2004_036_001_07.wav;CNRSMH_E_2004_036_001_
items/import/new/CNRSMH_E_2004_037_001/CNRSMH_E_2004_037_001_01.wav;CNRSMH_E_2004_037_001_
items/import/new/CNRSMH_E_2004_037_001/CNRSMH_E_2004_037_001_02.wav;CNRSMH_E_2004_037_001_
items/import/new/CNRSMH_E_2004_037_001/CNRSMH_E_2004_037_001_03.wav;CNRSMH_E_2004_037_001_
items/import/new/CNRSMH_E_2004_037_001/CNRSMH_E_2004_037_001_04.wav;CNRSMH_E_2004_037_001_
items/import/new/CNRSMH_E_2004_037_001/CNRSMH_E_2004_037_001_05.wav;CNRSMH_E_2004_037_001_
items/import/new/CNRSMH_E_2004_037_001/CNRSMH_E_2004_037_001_06.wav;CNRSMH_E_2004_037_001_
items/import/new/CNRSMH_E_2004_037_001/CNRSMH_E_2004_037_001_07.wav;CNRSMH_E_2004_037_001_
items/import/new/CNRSMH_E_2004_038_001/CNRSMH_E_2004_038_001_01.wav;CNRSMH_E_2004_038_001_
items/import/new/CNRSMH_E_2004_038_001/CNRSMH_E_2004_038_001_02.wav;CNRSMH_E_2004_038_001_
items/import/new/CNRSMH_E_2004_038_001/CNRSMH_E_2004_038_001_03.wav;CNRSMH_E_2004_038_001_
items/import/new/CNRSMH_E_2004_038_001/CNRSMH_E_2004_038_001_04.wav;CNRSMH_E_2004_038_001_
items/import/new/CNRSMH_E_2004_038_001/CNRSMH_E_2004_038_001_05.wav;CNRSMH_E_2004_038_001_
items/import/new/CNRSMH_E_2004_038_001/CNRSMH_E_2004_038_001_06.wav;CNRSMH_E_2004_038_001_
items/import/new/CNRSMH_E_2004_039_001/CNRSMH_E_2004_039_001_01.wav;CNRSMH_E_2004_039_001_
items/import/new/CNRSMH_E_2004_039_001/CNRSMH_E_2004_039_001_02.wav;CNRSMH_E_2004_039_001_
items/import/new/CNRSMH_E_2004_039_001/CNRSMH_E_2004_039_001_03.wav;CNRSMH_E_2004_039_001_
items/import/new/CNRSMH_E_2004_039_001/CNRSMH_E_2004_039_001_04.wav;CNRSMH_E_2004_039_001_
items/import/new/CNRSMH_E_2004_039_001/CNRSMH_E_2004_039_001_05.wav;CNRSMH_E_2004_039_001_
items/import/new/CNRSMH_E_2004_040_001/CNRSMH_E_2004_040_001_01.wav;CNRSMH_E_2004_040_001_
items/import/new/CNRSMH_E_2004_040_001/CNRSMH_E_2004_040_001_02.wav;CNRSMH_E_2004_040_001_
items/import/new/CNRSMH_E_2004_040_001/CNRSMH_E_2004_040_001_03.wav;CNRSMH_E_2004_040_001_
items/import/new/CNRSMH_E_2004_040_001/CNRSMH_E_2004_040_001_04.wav;CNRSMH_E_2004_040_001_
items/import/new/CNRSMH_E_2004_040_001/CNRSMH_E_2004_040_001_05.wav;CNRSMH_E_2004_040_001_
items/import/new/CNRSMH_E_2004_041_001/CNRSMH_E_2004_041_001_01.wav;CNRSMH_E_2004_041_001_
items/import/new/CNRSMH_E_2004_041_001/CNRSMH_E_2004_041_001_02.wav;CNRSMH_E_2004_041_001_
items/import/new/CNRSMH_E_2004_041_001/CNRSMH_E_2004_041_001_03.wav;CNRSMH_E_2004_041_001_
items/import/new/CNRSMH_E_2004_041_001/CNRSMH_E_2004_041_001_04.wav;CNRSMH_E_2004_041_001_
items/import/new/CNRSMH_E_2004_041_001/CNRSMH_E_2004_041_001_05.wav;CNRSMH_E_2004_041_001_
items/import/new/CNRSMH_E_2004_041_001/CNRSMH_E_2004_041_001_06.wav;CNRSMH_E_2004_041_001_
items/import/new/CNRSMH_E_2004_041_001/CNRSMH_E_2004_041_001_07.wav;CNRSMH_E_2004_041_001_
items/import/new/CNRSMH_E_2004_041_001/CNRSMH_E_2004_041_001_08.wav;CNRSMH_E_2004_041_001_
items/import/new/CNRSMH_E_2004_041_001/CNRSMH_E_2004_041_001_09.wav;CNRSMH_E_2004_041_001_
items/import/new/CNRSMH_E_2004_041_001/CNRSMH_E_2004_041_001_10.wav;CNRSMH_E_2004_041_001_
items/import/new/CNRSMH_E_2004_042_001/CNRSMH_E_2004_042_001_01.wav;CNRSMH_E_2004_042_001_
items/import/new/CNRSMH_E_2004_042_001/CNRSMH_E_2004_042_001_02.wav;CNRSMH_E_2004_042_001_
items/import/new/CNRSMH_E_2004_042_001/CNRSMH_E_2004_042_001_03.wav;CNRSMH_E_2004_042_001_
items/import/new/CNRSMH_E_2004_042_001/CNRSMH_E_2004_042_001_04.wav;CNRSMH_E_2004_042_001_
items/import/new/CNRSMH_E_2004_042_001/CNRSMH_E_2004_042_001_05.wav;CNRSMH_E_2004_042_001_
items/import/new/CNRSMH_E_2004_042_001/CNRSMH_E_2004_042_001_06.wav;CNRSMH_E_2004_042_001_
items/import/new/CNRSMH_E_2004_042_001/CNRSMH_E_2004_042_001_07.wav;CNRSMH_E_2004_042_001_
items/import/new/CNRSMH_E_2004_042_001/CNRSMH_E_2004_042_001_08.wav;CNRSMH_E_2004_042_001_
items/import/new/CNRSMH_E_2004_042_001/CNRSMH_E_2004_042_001_09.wav;CNRSMH_E_2004_042_001_
items/import/new/CNRSMH_E_2004_042_001/CNRSMH_E_2004_042_001_10.wav;CNRSMH_E_2004_042_001_
items/import/new/CNRSMH_E_2004_042_001/CNRSMH_E_2004_042_001_11.wav;CNRSMH_E_2004_042_001_
items/import/new/CNRSMH_E_2004_042_001/CNRSMH_E_2004_042_001_12.wav;CNRSMH_E_2004_042_001_
items/import/new/CNRSMH_E_2004_042_001/CNRSMH_E_2004_042_001_13.wav;CNRSMH_E_2004_042_001_
items/import/new/CNRSMH_E_2004_042_001/CNRSMH_E_2004_042_001_14.wav;CNRSMH_E_2004_042_001_
items/import/new/CNRSMH_E_2004_043_001/CNRSMH_E_2004_043_001_01.wav;CNRSMH_E_2004_043_001_
items/import/new/CNRSMH_E_2004_043_001/CNRSMH_E_2004_043_001_02.wav;CNRSMH_E_2004_043_001_
items/import/new/CNRSMH_E_2004_043_001/CNRSMH_E_2004_043_001_03.wav;CNRSMH_E_2004_043_001_
items/import/new/CNRSMH_E_2004_043_001/CNRSMH_E_2004_043_001_04.wav;CNRSMH_E_2004_043_001_
items/import/new/CNRSMH_E_2004_043_001/CNRSMH_E_2004_043_001_05.wav;CNRSMH_E_2004_043_001_
items/import/new/CNRSMH_E_2004_043_001/CNRSMH_E_2004_043_001_06.wav;CNRSMH_E_2004_043_001_
items/import/new/CNRSMH_E_2004_044_001/CNRSMH_E_2004_044_001_01.wav;CNRSMH_E_2004_044_001_
items/import/new/CNRSMH_E_2004_044_001/CNRSMH_E_2004_044_001_02.wav;CNRSMH_E_2004_044_001_
items/import/new/CNRSMH_E_2004_044_001/CNRSMH_E_2004_044_001_03.wav;CNRSMH_E_2004_044_001_
items/import/new/CNRSMH_E_2004_044_001/CNRSMH_E_2004_044_001_04.wav;CNRSMH_E_2004_044_001_
items/import/new/CNRSMH_E_2004_044_001/CNRSMH_E_2004_044_001_05.wav;CNRSMH_E_2004_044_001_
items/import/new/CNRSMH_E_2004_044_001/CNRSMH_E_2004_044_001_06.wav;CNRSMH_E_2004_044_001_
items/import/new/CNRSMH_E_2004_044_001/CNRSMH_E_2004_044_001_07.wav;CNRSMH_E_2004_044_001_
items/import/new/CNRSMH_E_2004_044_001/CNRSMH_E_2004_044_001_08.wav;CNRSMH_E_2004_044_001_
items/import/new/CNRSMH_E_2004_044_001/CNRSMH_E_2004_044_001_09.wav;CNRSMH_E_2004_044_001_
items/import/new/CNRSMH_E_2004_044_001/CNRSMH_E_2004_044_001_10.wav;CNRSMH_E_2004_044_001_
items/import/new/CNRSMH_E_2004_044_001/CNRSMH_E_2004_044_001_11.wav;CNRSMH_E_2004_044_001_
items/import/new/CNRSMH_E_2004_044_001/CNRSMH_E_2004_044_001_12.wav;CNRSMH_E_2004_044_001_
items/import/new/CNRSMH_E_2004_044_001/CNRSMH_E_2004_044_001_13.wav;CNRSMH_E_2004_044_001_
items/import/new/CNRSMH_E_2004_045_001/CNRSMH_E_2004_045_001_01.wav;CNRSMH_E_2004_045_001_
items/import/new/CNRSMH_E_2004_045_001/CNRSMH_E_2004_045_001_02.wav;CNRSMH_E_2004_045_001_
items/import/new/CNRSMH_E_2004_045_001/CNRSMH_E_2004_045_001_03.wav;CNRSMH_E_2004_045_001_
items/import/new/CNRSMH_E_2004_045_001/CNRSMH_E_2004_045_001_04.wav;CNRSMH_E_2004_045_001_
items/import/new/CNRSMH_E_2004_045_001/CNRSMH_E_2004_045_001_05.wav;CNRSMH_E_2004_045_001_
items/import/new/CNRSMH_E_2004_045_001/CNRSMH_E_2004_045_001_06.wav;CNRSMH_E_2004_045_001_
items/import/new/CNRSMH_E_2004_045_001/CNRSMH_E_2004_045_001_07.wav;CNRSMH_E_2004_045_001_
items/import/new/CNRSMH_E_2004_045_001/CNRSMH_E_2004_045_001_08.wav;CNRSMH_E_2004_045_001_
items/import/new/CNRSMH_E_2004_045_001/CNRSMH_E_2004_045_001_09.wav;CNRSMH_E_2004_045_001_
items/import/new/CNRSMH_E_2004_045_001/CNRSMH_E_2004_045_001_10.wav;CNRSMH_E_2004_045_001_
items/import/new/CNRSMH_E_2004_045_001/CNRSMH_E_2004_045_001_11.wav;CNRSMH_E_2004_045_001_
items/import/new/CNRSMH_E_2004_045_001/CNRSMH_E_2004_045_001_12.wav;CNRSMH_E_2004_045_001_
items/import/new/CNRSMH_E_2004_045_001/CNRSMH_E_2004_045_001_13.wav;CNRSMH_E_2004_045_001_
items/import/new/CNRSMH_E_2004_045_001/CNRSMH_E_2004_045_001_14.wav;CNRSMH_E_2004_045_001_
items/import/new/CNRSMH_E_2004_045_001/CNRSMH_E_2004_045_001_15.wav;CNRSMH_E_2004_045_001_
items/import/new/CNRSMH_E_2004_045_001/CNRSMH_E_2004_045_001_16.wav;CNRSMH_E_2004_045_001_
items/import/new/CNRSMH_E_2004_046_001/CNRSMH_E_2004_046_001_01.wav;CNRSMH_E_2004_046_001_
items/import/new/CNRSMH_E_2004_046_001/CNRSMH_E_2004_046_001_02.wav;CNRSMH_E_2004_046_001_
items/import/new/CNRSMH_E_2004_046_001/CNRSMH_E_2004_046_001_03.wav;CNRSMH_E_2004_046_001_
items/import/new/CNRSMH_E_2004_046_001/CNRSMH_E_2004_046_001_04.wav;CNRSMH_E_2004_046_001_
items/import/new/CNRSMH_E_2004_046_001/CNRSMH_E_2004_046_001_05.wav;CNRSMH_E_2004_046_001_
items/import/new/CNRSMH_E_2004_046_001/CNRSMH_E_2004_046_001_06.wav;CNRSMH_E_2004_046_001_
items/import/new/CNRSMH_E_2004_047_001/CNRSMH_E_2004_047_001_01.wav;CNRSMH_E_2004_047_001_
items/import/new/CNRSMH_E_2004_047_001/CNRSMH_E_2004_047_001_02.wav;CNRSMH_E_2004_047_001_
items/import/new/CNRSMH_E_2004_047_001/CNRSMH_E_2004_047_001_03.wav;CNRSMH_E_2004_047_001_
items/import/new/CNRSMH_E_2004_047_001/CNRSMH_E_2004_047_001_04.wav;CNRSMH_E_2004_047_001_
items/import/new/CNRSMH_E_2004_047_001/CNRSMH_E_2004_047_001_05.wav;CNRSMH_E_2004_047_001_
items/import/new/CNRSMH_E_2004_047_001/CNRSMH_E_2004_047_001_06.wav;CNRSMH_E_2004_047_001_
items/import/new/CNRSMH_E_2004_047_001/CNRSMH_E_2004_047_001_07.wav;CNRSMH_E_2004_047_001_
items/import/new/CNRSMH_E_2004_047_001/CNRSMH_E_2004_047_001_08.wav;CNRSMH_E_2004_047_001_
items/import/new/CNRSMH_E_2004_047_001/CNRSMH_E_2004_047_001_09.wav;CNRSMH_E_2004_047_001_
items/import/new/CNRSMH_E_2004_047_001/CNRSMH_E_2004_047_001_10.wav;CNRSMH_E_2004_047_001_
items/import/new/CNRSMH_E_2004_047_001/CNRSMH_E_2004_047_001_11.wav;CNRSMH_E_2004_047_001_
items/import/new/CNRSMH_E_2004_047_001/CNRSMH_E_2004_047_001_12.wav;CNRSMH_E_2004_047_001_
items/import/new/CNRSMH_E_2004_047_001/CNRSMH_E_2004_047_001_13.wav;CNRSMH_E_2004_047_001_
items/import/new/CNRSMH_E_2004_047_001/CNRSMH_E_2004_047_001_14.wav;CNRSMH_E_2004_047_001_
items/import/new/CNRSMH_E_2004_047_001/CNRSMH_E_2004_047_001_15.wav;CNRSMH_E_2004_047_001_
items/import/new/CNRSMH_E_2004_047_001/CNRSMH_E_2004_047_001_16.wav;CNRSMH_E_2004_047_001_
items/import/new/CNRSMH_E_2004_048_001/CNRSMH_E_2004_048_001_01.wav;CNRSMH_E_2004_048_001_
items/import/new/CNRSMH_E_2004_048_001/CNRSMH_E_2004_048_001_02.wav;CNRSMH_E_2004_048_001_
items/import/new/CNRSMH_E_2004_048_001/CNRSMH_E_2004_048_001_03.wav;CNRSMH_E_2004_048_001_
items/import/new/CNRSMH_E_2004_048_001/CNRSMH_E_2004_048_001_04.wav;CNRSMH_E_2004_048_001_
items/import/new/CNRSMH_E_2004_048_001/CNRSMH_E_2004_048_001_05.wav;CNRSMH_E_2004_048_001_
items/import/new/CNRSMH_E_2004_048_001/CNRSMH_E_2004_048_001_06.wav;CNRSMH_E_2004_048_001_
items/import/new/CNRSMH_E_2004_048_001/CNRSMH_E_2004_048_001_07.wav;CNRSMH_E_2004_048_001_
items/import/new/CNRSMH_E_2004_048_001/CNRSMH_E_2004_048_001_08.wav;CNRSMH_E_2004_048_001_
items/import/new/CNRSMH_E_2004_048_001/CNRSMH_E_2004_048_001_09.wav;CNRSMH_E_2004_048_001_
items/import/new/CNRSMH_E_2004_048_001/CNRSMH_E_2004_048_001_10.wav;CNRSMH_E_2004_048_001_
items/import/new/CNRSMH_E_2004_048_001/CNRSMH_E_2004_048_001_11.wav;CNRSMH_E_2004_048_001_
items/import/new/CNRSMH_E_2004_048_001/CNRSMH_E_2004_048_001_12.wav;CNRSMH_E_2004_048_001_
items/import/new/CNRSMH_E_2004_049_001/CNRSMH_E_2004_049_001_01.wav;CNRSMH_E_2004_049_001_
items/import/new/CNRSMH_E_2004_049_001/CNRSMH_E_2004_049_001_02.wav;CNRSMH_E_2004_049_001_
items/import/new/CNRSMH_E_2004_049_001/CNRSMH_E_2004_049_001_03.wav;CNRSMH_E_2004_049_001_
items/import/new/CNRSMH_E_2004_049_001/CNRSMH_E_2004_049_001_04.wav;CNRSMH_E_2004_049_001_
items/import/new/CNRSMH_E_2004_049_001/CNRSMH_E_2004_049_001_05.wav;CNRSMH_E_2004_049_001_
items/import/new/CNRSMH_E_2004_049_001/CNRSMH_E_2004_049_001_06.wav;CNRSMH_E_2004_049_001_
items/import/new/CNRSMH_E_2004_049_001/CNRSMH_E_2004_049_001_07.wav;CNRSMH_E_2004_049_001_
items/import/new/CNRSMH_E_2004_049_001/CNRSMH_E_2004_049_001_08.wav;CNRSMH_E_2004_049_001_
items/import/new/CNRSMH_E_2004_049_001/CNRSMH_E_2004_049_001_09.wav;CNRSMH_E_2004_049_001_
items/import/new/CNRSMH_E_2004_050_001/CNRSMH_E_2004_050_001_01.wav;CNRSMH_E_2004_050_001_
items/import/new/CNRSMH_E_2004_050_001/CNRSMH_E_2004_050_001_02.wav;CNRSMH_E_2004_050_001_
items/import/new/CNRSMH_E_2004_050_001/CNRSMH_E_2004_050_001_03.wav;CNRSMH_E_2004_050_001_
items/import/new/CNRSMH_E_2004_050_001/CNRSMH_E_2004_050_001_04.wav;CNRSMH_E_2004_050_001_
items/import/new/CNRSMH_E_2004_050_001/CNRSMH_E_2004_050_001_05.wav;CNRSMH_E_2004_050_001_
items/import/new/CNRSMH_E_2004_050_001/CNRSMH_E_2004_050_001_06.wav;CNRSMH_E_2004_050_001_
items/import/new/CNRSMH_E_2004_050_001/CNRSMH_E_2004_050_001_07.wav;CNRSMH_E_2004_050_001_
items/import/new/CNRSMH_E_2004_050_001/CNRSMH_E_2004_050_001_08.wav;CNRSMH_E_2004_050_001_
items/import/new/CNRSMH_E_2004_050_001/CNRSMH_E_2004_050_001_09.wav;CNRSMH_E_2004_050_001_
items/import/new/CNRSMH_E_2004_050_001/CNRSMH_E_2004_050_001_10.wav;CNRSMH_E_2004_050_001_
items/import/new/CNRSMH_E_2004_050_001/CNRSMH_E_2004_050_001_11.wav;CNRSMH_E_2004_050_001_
items/import/new/CNRSMH_E_2004_051_001/CNRSMH_E_2004_051_001_01.wav;CNRSMH_E_2004_051_001_
items/import/new/CNRSMH_E_2004_051_001/CNRSMH_E_2004_051_001_02.wav;CNRSMH_E_2004_051_001_
items/import/new/CNRSMH_E_2004_051_001/CNRSMH_E_2004_051_001_03.wav;CNRSMH_E_2004_051_001_
items/import/new/CNRSMH_E_2004_051_001/CNRSMH_E_2004_051_001_04.wav;CNRSMH_E_2004_051_001_
items/import/new/CNRSMH_E_2004_051_001/CNRSMH_E_2004_051_001_05.wav;CNRSMH_E_2004_051_001_
items/import/new/CNRSMH_E_2004_051_001/CNRSMH_E_2004_051_001_06.wav;CNRSMH_E_2004_051_001_
items/import/new/CNRSMH_E_2004_051_001/CNRSMH_E_2004_051_001_07.wav;CNRSMH_E_2004_051_001_
items/import/new/CNRSMH_E_2004_051_001/CNRSMH_E_2004_051_001_08.wav;CNRSMH_E_2004_051_001_
items/import/new/CNRSMH_E_2004_051_001/CNRSMH_E_2004_051_001_09.wav;CNRSMH_E_2004_051_001_
items/import/new/CNRSMH_E_2004_052_001/CNRSMH_E_2004_052_001_01.wav;CNRSMH_E_2004_052_001_
items/import/new/CNRSMH_E_2004_052_001/CNRSMH_E_2004_052_001_02.wav;CNRSMH_E_2004_052_001_
items/import/new/CNRSMH_E_2004_052_001/CNRSMH_E_2004_052_001_03.wav;CNRSMH_E_2004_052_001_
items/import/new/CNRSMH_E_2004_052_001/CNRSMH_E_2004_052_001_04.wav;CNRSMH_E_2004_052_001_
items/import/new/CNRSMH_E_2004_052_001/CNRSMH_E_2004_052_001_05.wav;CNRSMH_E_2004_052_001_
items/import/new/CNRSMH_E_2004_052_001/CNRSMH_E_2004_052_001_06.wav;CNRSMH_E_2004_052_001_
items/import/new/CNRSMH_E_2004_052_001/CNRSMH_E_2004_052_001_07.wav;CNRSMH_E_2004_052_001_
items/import/new/CNRSMH_E_2004_052_001/CNRSMH_E_2004_052_001_08.wav;CNRSMH_E_2004_052_001_
items/import/new/CNRSMH_E_2004_053_001/CNRSMH_E_2004_053_001_01.wav;CNRSMH_E_2004_053_001_
items/import/new/CNRSMH_E_2004_053_001/CNRSMH_E_2004_053_001_02.wav;CNRSMH_E_2004_053_001_
items/import/new/CNRSMH_E_2004_053_001/CNRSMH_E_2004_053_001_03.wav;CNRSMH_E_2004_053_001_
items/import/new/CNRSMH_E_2004_053_001/CNRSMH_E_2004_053_001_04.wav;CNRSMH_E_2004_053_001_
items/import/new/CNRSMH_E_2004_053_001/CNRSMH_E_2004_053_001_05.wav;CNRSMH_E_2004_053_001_
items/import/new/CNRSMH_E_2004_053_001/CNRSMH_E_2004_053_001_06.wav;CNRSMH_E_2004_053_001_
items/import/new/CNRSMH_E_2004_053_001/CNRSMH_E_2004_053_001_07.wav;CNRSMH_E_2004_053_001_
items/import/new/CNRSMH_E_2004_053_001/CNRSMH_E_2004_053_001_08.wav;CNRSMH_E_2004_053_001_
items/import/new/CNRSMH_E_2004_053_001/CNRSMH_E_2004_053_001_09.wav;CNRSMH_E_2004_053_001_
items/import/new/CNRSMH_E_2004_053_001/CNRSMH_E_2004_053_001_10.wav;CNRSMH_E_2004_053_001_
items/import/new/CNRSMH_E_2006_010_001/CNRSMH_E_2006_010_001_01.wav;CNRSMH_E_2006_010_001_
items/import/new/CNRSMH_E_2006_010_001/CNRSMH_E_2006_010_001_03.wav;CNRSMH_E_2006_010_001_
items/import/new/CNRSMH_E_2006_010_001/CNRSMH_E_2006_010_001_04.wav;CNRSMH_E_2006_010_001_
items/import/new/CNRSMH_E_2006_010_001/CNRSMH_E_2006_010_001_06.wav;CNRSMH_E_2006_010_001_
items/import/new/CNRSMH_E_2006_010_001/CNRSMH_E_2006_010_001_08.wav;CNRSMH_E_2006_010_001_
items/import/new/CNRSMH_E_2006_010_001/CNRSMH_E_2006_010_001_09.wav;CNRSMH_E_2006_010_001_
items/import/new/CNRSMH_E_2006_010_001/CNRSMH_E_2006_010_001_11.wav;CNRSMH_E_2006_010_001_
items/import/new/CNRSMH_E_2006_010_001/CNRSMH_E_2006_010_001_14.wav;CNRSMH_E_2006_010_001_
items/import/new/CNRSMH_E_2006_010_001/CNRSMH_E_2006_010_001_16.wav;CNRSMH_E_2006_010_001_
items/import/new/CNRSMH_E_2006_010_001/CNRSMH_E_2006_010_001_17.wav;CNRSMH_E_2006_010_001_
items/import/new/CNRSMH_E_2006_010_001/CNRSMH_E_2006_010_001_19.wav;CNRSMH_E_2006_010_001_
items/import/new/CNRSMH_E_2006_010_001/CNRSMH_E_2006_010_001_20.wav;CNRSMH_E_2006_010_001_
items/import/new/CNRSMH_E_2006_010_001/CNRSMH_E_2006_010_001_22.wav;CNRSMH_E_2006_010_001_
items/import/new/CNRSMH_E_2006_010_001/CNRSMH_E_2006_010_001_23.wav;CNRSMH_E_2006_010_001_
items/import/new/CNRSMH_E_2006_010_001/CNRSMH_E_2006_010_001_24.wav;CNRSMH_E_2006_010_001_
items/import/new/CNRSMH_E_2006_010_001/CNRSMH_E_2006_010_001_25.wav;CNRSMH_E_2006_010_001_
items/import/new/CNRSMH_E_2006_010_001/CNRSMH_E_2006_010_001_26.wav;CNRSMH_E_2006_010_001_
items/import/new/CNRSMH_E_2006_010_001/CNRSMH_E_2006_010_001_27.wav;CNRSMH_E_2006_010_001_
items/import/new/CNRSMH_E_2006_010_001/CNRSMH_E_2006_010_001_28.wav;CNRSMH_E_2006_010_001_
items/import/new/CNRSMH_E_2006_010_001/CNRSMH_E_2006_010_001_29.wav;CNRSMH_E_2006_010_001_
items/import/new/CNRSMH_E_2006_010_001/CNRSMH_E_2006_010_001_30.wav;CNRSMH_E_2006_010_001_
items/import/new/CNRSMH_E_2006_010_001/CNRSMH_E_2006_010_001_33.wav;CNRSMH_E_2006_010_001_
items/import/new/CNRSMH_E_2006_010_001/CNRSMH_E_2006_010_001_34.wav;CNRSMH_E_2006_010_001_
items/import/new/CNRSMH_E_2006_010_001/CNRSMH_E_2006_010_001_35.wav;CNRSMH_E_2006_010_001_
items/import/new/CNRSMH_E_2006_010_001/CNRSMH_E_2006_010_001_36.wav;CNRSMH_E_2006_010_001_
items/import/new/CNRSMH_E_2006_010_001/CNRSMH_E_2006_010_001_37.wav;CNRSMH_E_2006_010_001_
items/import/new/CNRSMH_E_2006_010_001/CNRSMH_E_2006_010_001_39.wav;CNRSMH_E_2006_010_001_
items/import/new/CNRSMH_E_2006_010_001/CNRSMH_E_2006_010_001_40.wav;CNRSMH_E_2006_010_001_
items/import/new/CNRSMH_E_2006_010_001/CNRSMH_E_2006_010_001_42.wav;CNRSMH_E_2006_010_001_
items/import/new/CNRSMH_E_2006_010_001/CNRSMH_E_2006_010_001_43.wav;CNRSMH_E_2006_010_001_
items/import/new/CNRSMH_E_2006_010_001/CNRSMH_E_2006_010_001_44.wav;CNRSMH_E_2006_010_001_
items/import/new/CNRSMH_E_2006_010_001/CNRSMH_E_2006_010_001_48.wav;CNRSMH_E_2006_010_001_
items/import/new/CNRSMH_E_2006_010_001/CNRSMH_E_2006_010_001_49.wav;CNRSMH_E_2006_010_001_
items/import/new/CNRSMH_E_2006_010_001/CNRSMH_E_2006_010_001_50.wav;CNRSMH_E_2006_010_001_
items/import/new/CNRSMH_E_2006_010_001/CNRSMH_E_2006_010_001_51.wav;CNRSMH_E_2006_010_001_
items/import/new/CNRSMH_E_2006_010_001/CNRSMH_E_2006_010_001_52.wav;CNRSMH_E_2006_010_001_
items/import/new/CNRSMH_E_2006_010_001/CNRSMH_E_2006_010_001_53.wav;CNRSMH_E_2006_010_001_
items/import/new/CNRSMH_E_2006_010_001/CNRSMH_E_2006_010_001_54.wav;CNRSMH_E_2006_010_001_
items/import/new/CNRSMH_E_2006_010_001/CNRSMH_E_2006_010_001_55.wav;CNRSMH_E_2006_010_001_
items/import/new/CNRSMH_E_2006_010_001/CNRSMH_E_2006_010_001_56.wav;CNRSMH_E_2006_010_001_
items/import/new/CNRSMH_E_2006_010_001/CNRSMH_E_2006_010_001_58.wav;CNRSMH_E_2006_010_001_
items/import/new/CNRSMH_E_2006_010_001/CNRSMH_E_2006_010_001_61.wav;CNRSMH_E_2006_010_001_
items/import/new/CNRSMH_E_2006_010_001/CNRSMH_E_2006_010_001_62.wav;CNRSMH_E_2006_010_001_
items/import/new/CNRSMH_E_2006_010_001/CNRSMH_E_2006_010_001_64.wav;CNRSMH_E_2006_010_001_
items/import/new/CNRSMH_E_2006_010_001/CNRSMH_E_2006_010_001_66.wav;CNRSMH_E_2006_010_001_
items/import/new/CNRSMH_E_2006_010_001/CNRSMH_E_2006_010_001_67.wav;CNRSMH_E_2006_010_001_
items/import/new/CNRSMH_E_2006_010_001/CNRSMH_E_2006_010_001_68.wav;CNRSMH_E_2006_010_001_
items/import/new/CNRSMH_E_2006_010_001/CNRSMH_E_2006_010_001_69.wav;CNRSMH_E_2006_010_001_
items/import/new/CNRSMH_E_2006_010_001/CNRSMH_E_2006_010_001_70.wav;CNRSMH_E_2006_010_001_
items/import/new/CNRSMH_E_2006_010_001/CNRSMH_E_2006_010_001_71.wav;CNRSMH_E_2006_010_001_
items/import/new/CNRSMH_E_2008_001_001/CNRSMH_E_2008_001_001_01.wav;CNRSMH_E_2008_001_001_
items/import/new/CNRSMH_E_2008_001_001/CNRSMH_E_2008_001_001_02.wav;CNRSMH_E_2008_001_001_
items/import/new/CNRSMH_E_2008_001_001/CNRSMH_E_2008_001_001_03.wav;CNRSMH_E_2008_001_001_
items/import/new/CNRSMH_E_2008_001_001/CNRSMH_E_2008_001_001_04.wav;CNRSMH_E_2008_001_001_
items/import/new/CNRSMH_E_2008_001_001/CNRSMH_E_2008_001_001_05.wav;CNRSMH_E_2008_001_001_
items/import/new/CNRSMH_E_2008_001_001/CNRSMH_E_2008_001_001_06.wav;CNRSMH_E_2008_001_001_
items/import/new/CNRSMH_E_2008_001_001/CNRSMH_E_2008_001_001_07.wav;CNRSMH_E_2008_001_001_
items/import/new/CNRSMH_E_2008_001_001/CNRSMH_E_2008_001_001_08.wav;CNRSMH_E_2008_001_001_
items/import/new/CNRSMH_E_2008_001_001/CNRSMH_E_2008_001_001_09.wav;CNRSMH_E_2008_001_001_
items/import/new/CNRSMH_E_2008_001_001/CNRSMH_E_2008_001_001_10.wav;CNRSMH_E_2008_001_001_
items/import/new/CNRSMH_E_2008_001_001/CNRSMH_E_2008_001_001_11.wav;CNRSMH_E_2008_001_001_
items/import/new/CNRSMH_E_2008_001_001/CNRSMH_E_2008_001_001_12.wav;CNRSMH_E_2008_001_001_
items/import/new/CNRSMH_E_2008_001_001/CNRSMH_E_2008_001_001_13.wav;CNRSMH_E_2008_001_001_
items/import/new/CNRSMH_E_2008_001_001/CNRSMH_E_2008_001_001_14.wav;CNRSMH_E_2008_001_001_
items/import/new/CNRSMH_E_2008_001_001/CNRSMH_E_2008_001_001_15.wav;CNRSMH_E_2008_001_001_
items/import/new/CNRSMH_E_2008_001_001/CNRSMH_E_2008_001_001_16.wav;CNRSMH_E_2008_001_001_
items/import/new/CNRSMH_E_2008_001_001/CNRSMH_E_2008_001_001_17.wav;CNRSMH_E_2008_001_001_
items/import/new/CNRSMH_E_2008_001_001/CNRSMH_E_2008_001_001_18.wav;CNRSMH_E_2008_001_001_
items/import/new/CNRSMH_E_2008_001_001/CNRSMH_E_2008_001_001_19.wav;CNRSMH_E_2008_001_001_
items/import/new/CNRSMH_E_2008_001_001/CNRSMH_E_2008_001_001_20.wav;CNRSMH_E_2008_001_001_
items/import/new/CNRSMH_E_2011_002_007/CNRSMH_E_2011_002_007_01.wav;CNRSMH_E_2011_002_007_
items/import/new/CNRSMH_E_2011_002_007/CNRSMH_E_2011_002_007_02.wav;CNRSMH_E_2011_002_007_
items/import/new/CNRSMH_E_2011_002_007/CNRSMH_E_2011_002_007_03.wav;CNRSMH_E_2011_002_007_
items/import/new/CNRSMH_E_2011_002_007/CNRSMH_E_2011_002_007_04.wav;CNRSMH_E_2011_002_007_
items/import/new/CNRSMH_E_2011_002_007/CNRSMH_E_2011_002_007_05.wav;CNRSMH_E_2011_002_007_
items/import/new/CNRSMH_E_2011_002_007/CNRSMH_E_2011_002_007_07.wav;CNRSMH_E_2011_002_007_
items/import/new/CNRSMH_E_2011_002_007/CNRSMH_E_2011_002_007_08.wav;CNRSMH_E_2011_002_007_
items/import/new/CNRSMH_E_2011_002_007/CNRSMH_E_2011_002_007_09.wav;CNRSMH_E_2011_002_007_
items/import/new/CNRSMH_E_2011_002_007/CNRSMH_E_2011_002_007_10.wav;CNRSMH_E_2011_002_007_
items/import/new/CNRSMH_E_2011_002_007/CNRSMH_E_2011_002_007_11.wav;CNRSMH_E_2011_002_007_
items/import/new/CNRSMH_E_2011_002_007/CNRSMH_E_2011_002_007_12.wav;CNRSMH_E_2011_002_007_
items/import/new/CNRSMH_E_2011_002_011/CNRSMH_E_2011_002_011_01.wav;CNRSMH_E_2011_002_011_
items/import/new/CNRSMH_E_2011_002_011/CNRSMH_E_2011_002_011_02.wav;CNRSMH_E_2011_002_011_
items/import/new/CNRSMH_E_2011_002_011/CNRSMH_E_2011_002_011_03.wav;CNRSMH_E_2011_002_011_
items/import/new/CNRSMH_E_2011_002_011/CNRSMH_E_2011_002_011_04.wav;CNRSMH_E_2011_002_011_
items/import/new/CNRSMH_E_2011_002_011/CNRSMH_E_2011_002_011_05.wav;CNRSMH_E_2011_002_011_
items/import/new/CNRSMH_E_2011_002_011/CNRSMH_E_2011_002_011_06.wav;CNRSMH_E_2011_002_011_
items/import/new/CNRSMH_E_2011_002_011/CNRSMH_E_2011_002_011_07.wav;CNRSMH_E_2011_002_011_
items/import/new/CNRSMH_E_2011_002_011/CNRSMH_E_2011_002_011_08.wav;CNRSMH_E_2011_002_011_
items/import/new/CNRSMH_E_2011_002_011/CNRSMH_E_2011_002_011_09.wav;CNRSMH_E_2011_002_011_
items/import/new/CNRSMH_E_2011_002_011/CNRSMH_E_2011_002_011_10.wav;CNRSMH_E_2011_002_011_
items/import/new/CNRSMH_E_2011_002_012/CNRSMH_E_2011_002_012_01.wav;CNRSMH_E_2011_002_012_
items/import/new/CNRSMH_E_2011_002_012/CNRSMH_E_2011_002_012_02.wav;CNRSMH_E_2011_002_012_
items/import/new/CNRSMH_E_2011_002_012/CNRSMH_E_2011_002_012_03.wav;CNRSMH_E_2011_002_012_
items/import/new/CNRSMH_E_2011_002_012/CNRSMH_E_2011_002_012_04.wav;CNRSMH_E_2011_002_012_
items/import/new/CNRSMH_E_2011_002_012/CNRSMH_E_2011_002_012_05.wav;CNRSMH_E_2011_002_012_
items/import/new/CNRSMH_E_2011_002_012/CNRSMH_E_2011_002_012_06.wav;CNRSMH_E_2011_002_012_
items/import/new/CNRSMH_E_2011_002_013/CNRSMH_E_2011_002_013_01.wav;CNRSMH_E_2011_002_013_
items/import/new/CNRSMH_E_2011_002_013/CNRSMH_E_2011_002_013_02.wav;CNRSMH_E_2011_002_013_
items/import/new/CNRSMH_E_2011_002_013/CNRSMH_E_2011_002_013_03.wav;CNRSMH_E_2011_002_013_
items/import/new/CNRSMH_E_2011_002_013/CNRSMH_E_2011_002_013_04.wav;CNRSMH_E_2011_002_013_
items/import/new/CNRSMH_E_2011_002_013/CNRSMH_E_2011_002_013_05.wav;CNRSMH_E_2011_002_013_
items/import/new/CNRSMH_E_2011_002_013/CNRSMH_E_2011_002_013_06.wav;CNRSMH_E_2011_002_013_
items/import/new/CNRSMH_E_2011_002_013/CNRSMH_E_2011_002_013_07.wav;CNRSMH_E_2011_002_013_
items/import/new/CNRSMH_E_2011_002_013/CNRSMH_E_2011_002_013_08.wav;CNRSMH_E_2011_002_013_
items/import/new/CNRSMH_E_2011_002_013/CNRSMH_E_2011_002_013_09.wav;CNRSMH_E_2011_002_013_
items/import/new/CNRSMH_E_2011_002_013/CNRSMH_E_2011_002_013_10.wav;CNRSMH_E_2011_002_013_
items/import/new/CNRSMH_E_2011_002_017/CNRSMH_E_2011_002_017_01.wav;CNRSMH_E_2011_002_017_
items/import/new/CNRSMH_E_2011_002_017/CNRSMH_E_2011_002_017_02.wav;CNRSMH_E_2011_002_017_
items/import/new/CNRSMH_E_2011_002_017/CNRSMH_E_2011_002_017_03.wav;CNRSMH_E_2011_002_017_
items/import/new/CNRSMH_E_2011_002_017/CNRSMH_E_2011_002_017_04.wav;CNRSMH_E_2011_002_017_
items/import/new/CNRSMH_E_2011_002_017/CNRSMH_E_2011_002_017_05.wav;CNRSMH_E_2011_002_017_
items/import/new/CNRSMH_E_2011_002_017/CNRSMH_E_2011_002_017_06.wav;CNRSMH_E_2011_002_017_
items/import/new/CNRSMH_E_2011_002_017/CNRSMH_E_2011_002_017_07.wav;CNRSMH_E_2011_002_017_
items/import/new/CNRSMH_E_2011_002_017/CNRSMH_E_2011_002_017_08.wav;CNRSMH_E_2011_002_017_
items/import/new/CNRSMH_E_2011_002_017/CNRSMH_E_2011_002_017_09.wav;CNRSMH_E_2011_002_017_
items/import/new/CNRSMH_E_2011_002_017/CNRSMH_E_2011_002_017_10.wav;CNRSMH_E_2011_002_017_
items/import/new/CNRSMH_E_2011_002_017/CNRSMH_E_2011_002_017_11.wav;CNRSMH_E_2011_002_017_
items/import/new/CNRSMH_E_2011_002_017/CNRSMH_E_2011_002_017_12.wav;CNRSMH_E_2011_002_017_
items/import/new/CNRSMH_E_2011_002_017/CNRSMH_E_2011_002_017_13.wav;CNRSMH_E_2011_002_017_
items/import/new/CNRSMH_E_2011_002_017/CNRSMH_E_2011_002_017_14.wav;CNRSMH_E_2011_002_017_
items/import/new/CNRSMH_E_2011_002_017/CNRSMH_E_2011_002_017_15.wav;CNRSMH_E_2011_002_017_
items/import/new/CNRSMH_E_2011_002_017/CNRSMH_E_2011_002_017_16.wav;CNRSMH_E_2011_002_017_
items/import/new/CNRSMH_E_2011_002_018/CNRSMH_E_2011_002_018_001.wav;CNRSMH_E_2011_002_018_
items/import/new/CNRSMH_E_2011_002_018/CNRSMH_E_2011_002_018_002.wav;CNRSMH_E_2011_002_018_
items/import/new/CNRSMH_E_2011_002_018/CNRSMH_E_2011_002_018_003.wav;CNRSMH_E_2011_002_018_
items/import/new/CNRSMH_E_2011_002_018/CNRSMH_E_2011_002_018_004.wav;CNRSMH_E_2011_002_018_
items/import/new/CNRSMH_E_2011_002_018/CNRSMH_E_2011_002_018_005.wav;CNRSMH_E_2011_002_018_
items/import/new/CNRSMH_E_2011_002_018/CNRSMH_E_2011_002_018_006.wav;CNRSMH_E_2011_002_018_
items/import/new/CNRSMH_E_2011_002_018/CNRSMH_E_2011_002_018_007.wav;CNRSMH_E_2011_002_018_
items/import/new/CNRSMH_E_2011_002_019/CNRSMH_E_2011_002_019_01.wav;CNRSMH_E_2011_002_019_
items/import/new/CNRSMH_E_2011_002_019/CNRSMH_E_2011_002_019_02.wav;CNRSMH_E_2011_002_019_
items/import/new/CNRSMH_E_2011_002_019/CNRSMH_E_2011_002_019_03.wav;CNRSMH_E_2011_002_019_
items/import/new/CNRSMH_E_2011_002_019/CNRSMH_E_2011_002_019_04.wav;CNRSMH_E_2011_002_019_
items/import/new/CNRSMH_E_2011_002_019/CNRSMH_E_2011_002_019_05.wav;CNRSMH_E_2011_002_019_
items/import/new/CNRSMH_E_2011_002_019/CNRSMH_E_2011_002_019_06.wav;CNRSMH_E_2011_002_019_
items/import/new/CNRSMH_E_2011_002_019/CNRSMH_E_2011_002_019_07.wav;CNRSMH_E_2011_002_019_
items/import/new/CNRSMH_E_2011_002_019/CNRSMH_E_2011_002_019_08.wav;CNRSMH_E_2011_002_019_
items/import/new/CNRSMH_E_2011_002_019/CNRSMH_E_2011_002_019_09.wav;CNRSMH_E_2011_002_019_
items/import/new/CNRSMH_E_2011_002_019/CNRSMH_E_2011_002_019_10.wav;CNRSMH_E_2011_002_019_
items/import/new/CNRSMH_E_2011_002_019/CNRSMH_E_2011_002_019_11.wav;CNRSMH_E_2011_002_019_
items/import/new/CNRSMH_E_2011_002_019/CNRSMH_E_2011_002_019_12.wav;CNRSMH_E_2011_002_019_
items/import/new/CNRSMH_E_2011_002_019/CNRSMH_E_2011_002_019_13.wav;CNRSMH_E_2011_002_019_
items/import/new/CNRSMH_E_2011_002_019/CNRSMH_E_2011_002_019_14.wav;CNRSMH_E_2011_002_019_
items/import/new/CNRSMH_E_2011_002_019/CNRSMH_E_2011_002_019_15.wav;CNRSMH_E_2011_002_019_
items/import/new/CNRSMH_E_2011_002_020/CNRSMH_E_2011_002_020_01.wav;CNRSMH_E_2011_002_020_
items/import/new/CNRSMH_E_2011_002_020/CNRSMH_E_2011_002_020_02.wav;CNRSMH_E_2011_002_020_
items/import/new/CNRSMH_E_2011_002_020/CNRSMH_E_2011_002_020_03.wav;CNRSMH_E_2011_002_020_
items/import/new/CNRSMH_E_2011_002_020/CNRSMH_E_2011_002_020_04.wav;CNRSMH_E_2011_002_020_
items/import/new/CNRSMH_E_2011_002_020/CNRSMH_E_2011_002_020_05.wav;CNRSMH_E_2011_002_020_
items/import/new/CNRSMH_E_2011_002_020/CNRSMH_E_2011_002_020_06.wav;CNRSMH_E_2011_002_020_
items/import/new/CNRSMH_E_2011_002_020/CNRSMH_E_2011_002_020_07.wav;CNRSMH_E_2011_002_020_
items/import/new/CNRSMH_E_2011_002_020/CNRSMH_E_2011_002_020_08.wav;CNRSMH_E_2011_002_020_
items/import/new/CNRSMH_E_2011_002_023/CNRSMH_E_2011_002_023_01.wav;CNRSMH_E_2011_002_023_
items/import/new/CNRSMH_E_2011_002_023/CNRSMH_E_2011_002_023_02.wav;CNRSMH_E_2011_002_023_
items/import/new/CNRSMH_E_2011_002_023/CNRSMH_E_2011_002_023_03.wav;CNRSMH_E_2011_002_023_
items/import/new/CNRSMH_E_2011_002_023/CNRSMH_E_2011_002_023_04.wav;CNRSMH_E_2011_002_023_
items/import/new/CNRSMH_E_2011_002_023/CNRSMH_E_2011_002_023_05.wav;CNRSMH_E_2011_002_023_
items/import/new/CNRSMH_E_2011_002_024/CNRSMH_E_2011_002_024_01.wav;CNRSMH_E_2011_002_024_
items/import/new/CNRSMH_E_2011_002_024/CNRSMH_E_2011_002_024_02.wav;CNRSMH_E_2011_002_024_
items/import/new/CNRSMH_E_2011_002_024/CNRSMH_E_2011_002_024_03.wav;CNRSMH_E_2011_002_024_
items/import/new/CNRSMH_E_2011_002_024/CNRSMH_E_2011_002_024_04.wav;CNRSMH_E_2011_002_024_
items/import/new/CNRSMH_E_2011_002_024/CNRSMH_E_2011_002_024_05.wav;CNRSMH_E_2011_002_024_
items/import/new/CNRSMH_E_2011_002_025/CNRSMH_E_2011_002_025_01.wav;CNRSMH_E_2011_002_025_
items/import/new/CNRSMH_E_2011_002_025/CNRSMH_E_2011_002_025_02.wav;CNRSMH_E_2011_002_025_
items/import/new/CNRSMH_E_2011_002_025/CNRSMH_E_2011_002_025_03.wav;CNRSMH_E_2011_002_025_
items/import/new/CNRSMH_E_2011_002_025/CNRSMH_E_2011_002_025_04.wav;CNRSMH_E_2011_002_025_
items/import/new/CNRSMH_E_2011_002_025/CNRSMH_E_2011_002_025_05.wav;CNRSMH_E_2011_002_025_
items/import/new/CNRSMH_E_2011_002_025/CNRSMH_E_2011_002_025_06.wav;CNRSMH_E_2011_002_025_
items/import/new/CNRSMH_E_2011_002_025/CNRSMH_E_2011_002_025_07.wav;CNRSMH_E_2011_002_025_
items/import/new/CNRSMH_E_2011_002_025/CNRSMH_E_2011_002_025_08.wav;CNRSMH_E_2011_002_025_
items/import/new/CNRSMH_E_2011_002_027/CNRSMH_E_2011_002_027_01.wav;CNRSMH_E_2011_002_027_
items/import/new/CNRSMH_E_2011_002_027/CNRSMH_E_2011_002_027_02.wav;CNRSMH_E_2011_002_027_
items/import/new/CNRSMH_E_2011_002_027/CNRSMH_E_2011_002_027_03.wav;CNRSMH_E_2011_002_027_
items/import/new/CNRSMH_E_2011_002_027/CNRSMH_E_2011_002_027_04.wav;CNRSMH_E_2011_002_027_
items/import/new/CNRSMH_E_2011_002_027/CNRSMH_E_2011_002_027_05.wav;CNRSMH_E_2011_002_027_
items/import/new/CNRSMH_E_2011_002_027/CNRSMH_E_2011_002_027_06.wav;CNRSMH_E_2011_002_027_
items/import/new/CNRSMH_E_2011_002_027/CNRSMH_E_2011_002_027_07.wav;CNRSMH_E_2011_002_027_
items/import/new/CNRSMH_E_2011_002_027/CNRSMH_E_2011_002_027_08.wav;CNRSMH_E_2011_002_027_
items/import/new/CNRSMH_E_2011_002_028/CNRSMH_E_2011_002_028_01.wav;CNRSMH_E_2011_002_028_
items/import/new/CNRSMH_E_2011_002_028/CNRSMH_E_2011_002_028_02.wav;CNRSMH_E_2011_002_028_
items/import/new/CNRSMH_E_2011_002_028/CNRSMH_E_2011_002_028_03.wav;CNRSMH_E_2011_002_028_
items/import/new/CNRSMH_E_2011_002_028/CNRSMH_E_2011_002_028_04.wav;CNRSMH_E_2011_002_028_
items/import/new/CNRSMH_E_2011_002_028/CNRSMH_E_2011_002_028_05.wav;CNRSMH_E_2011_002_028_
items/import/new/CNRSMH_E_2011_002_030/CNRSMH_E_2011_002_030_01.wav;CNRSMH_E_2011_002_030_
items/import/new/CNRSMH_E_2011_002_030/CNRSMH_E_2011_002_030_02.wav;CNRSMH_E_2011_002_030_
items/import/new/CNRSMH_E_2011_002_030/CNRSMH_E_2011_002_030_03.wav;CNRSMH_E_2011_002_030_
items/import/new/CNRSMH_E_2011_002_030/CNRSMH_E_2011_002_030_04.wav;CNRSMH_E_2011_002_030_
items/import/new/CNRSMH_E_2011_002_030/CNRSMH_E_2011_002_030_05.wav;CNRSMH_E_2011_002_030_
items/import/new/CNRSMH_E_2011_002_030/CNRSMH_E_2011_002_030_06.wav;CNRSMH_E_2011_002_030_
items/import/new/CNRSMH_E_2011_002_031/CNRSMH_E_2011_002_031_01.wav;CNRSMH_E_2011_002_031_
items/import/new/CNRSMH_E_2011_002_031/CNRSMH_E_2011_002_031_02.wav;CNRSMH_E_2011_002_031_
items/import/new/CNRSMH_E_2011_002_031/CNRSMH_E_2011_002_031_03.wav;CNRSMH_E_2011_002_031_
items/import/new/CNRSMH_E_2011_002_031/CNRSMH_E_2011_002_031_04.wav;CNRSMH_E_2011_002_031_
items/import/new/CNRSMH_E_2011_002_031/CNRSMH_E_2011_002_031_05.wav;CNRSMH_E_2011_002_031_
items/import/new/CNRSMH_E_2011_002_031/CNRSMH_E_2011_002_031_06.wav;CNRSMH_E_2011_002_031_
items/import/new/CNRSMH_E_2011_002_032/CNRSMH_E_2011_002_032_01.wav;CNRSMH_E_2011_002_032_
items/import/new/CNRSMH_E_2011_002_032/CNRSMH_E_2011_002_032_02.wav;CNRSMH_E_2011_002_032_
items/import/new/CNRSMH_E_2011_002_032/CNRSMH_E_2011_002_032_03.wav;CNRSMH_E_2011_002_032_
items/import/new/CNRSMH_E_2011_002_032/CNRSMH_E_2011_002_032_04.wav;CNRSMH_E_2011_002_032_
items/import/new/CNRSMH_E_2011_002_034/CNRSMH_E_2011_002_034_01.wav;CNRSMH_E_2011_002_034_
items/import/new/CNRSMH_E_2011_002_034/CNRSMH_E_2011_002_034_02.wav;CNRSMH_E_2011_002_034_
items/import/new/CNRSMH_E_2011_002_034/CNRSMH_E_2011_002_034_03.wav;CNRSMH_E_2011_002_034_
items/import/new/CNRSMH_E_2011_002_034/CNRSMH_E_2011_002_034_04.wav;CNRSMH_E_2011_002_034_
items/import/new/CNRSMH_E_2011_002_034/CNRSMH_E_2011_002_034_05.wav;CNRSMH_E_2011_002_034_
items/import/new/CNRSMH_E_2011_002_034/CNRSMH_E_2011_002_034_06.wav;CNRSMH_E_2011_002_034_
items/import/new/CNRSMH_E_2011_002_035/CNRSMH_E_2011_002_035_01.wav;CNRSMH_E_2011_002_035_
items/import/new/CNRSMH_E_2011_002_035/CNRSMH_E_2011_002_035_02.wav;CNRSMH_E_2011_002_035_
items/import/new/CNRSMH_E_2011_002_035/CNRSMH_E_2011_002_035_03.wav;CNRSMH_E_2011_002_035_
items/import/new/CNRSMH_E_2011_002_035/CNRSMH_E_2011_002_035_04.wav;CNRSMH_E_2011_002_035_
items/import/new/CNRSMH_E_2011_002_035/CNRSMH_E_2011_002_035_05.wav;CNRSMH_E_2011_002_035_
items/import/new/CNRSMH_E_2011_002_035/CNRSMH_E_2011_002_035_06.wav;CNRSMH_E_2011_002_035_
items/import/new/CNRSMH_E_2011_002_035/CNRSMH_E_2011_002_035_07.wav;CNRSMH_E_2011_002_035_
items/import/new/CNRSMH_E_2011_002_035/CNRSMH_E_2011_002_035_08.wav;CNRSMH_E_2011_002_035_
items/import/new/CNRSMH_E_2011_002_035/CNRSMH_E_2011_002_035_09.wav;CNRSMH_E_2011_002_035_
items/import/new/CNRSMH_E_2011_002_035/CNRSMH_E_2011_002_035_10.wav;CNRSMH_E_2011_002_035_
items/import/new/CNRSMH_E_2011_002_035/CNRSMH_E_2011_002_035_11.wav;CNRSMH_E_2011_002_035_
items/import/new/CNRSMH_E_2011_002_035/CNRSMH_E_2011_002_035_12.wav;CNRSMH_E_2011_002_035_
items/import/new/CNRSMH_E_2011_002_035/CNRSMH_E_2011_002_035_13.wav;CNRSMH_E_2011_002_035_
items/import/new/CNRSMH_E_2011_002_035/CNRSMH_E_2011_002_035_14.wav;CNRSMH_E_2011_002_035_
items/import/new/CNRSMH_E_2011_002_036/CNRSMH_E_2011_002_036_01.wav;CNRSMH_E_2011_002_036_
items/import/new/CNRSMH_E_2011_002_036/CNRSMH_E_2011_002_036_02.wav;CNRSMH_E_2011_002_036_
items/import/new/CNRSMH_E_2011_002_036/CNRSMH_E_2011_002_036_03.wav;CNRSMH_E_2011_002_036_
items/import/new/CNRSMH_E_2011_002_036/CNRSMH_E_2011_002_036_04.wav;CNRSMH_E_2011_002_036_
items/import/new/CNRSMH_E_2011_002_036/CNRSMH_E_2011_002_036_05.wav;CNRSMH_E_2011_002_036_
items/import/new/CNRSMH_E_2011_002_036/CNRSMH_E_2011_002_036_06.wav;CNRSMH_E_2011_002_036_
items/import/new/CNRSMH_E_2011_002_037/CNRSMH_E_2011_002_037_01.wav;CNRSMH_E_2011_002_037_
items/import/new/CNRSMH_E_2011_002_037/CNRSMH_E_2011_002_037_02.wav;CNRSMH_E_2011_002_037_
items/import/new/CNRSMH_E_2011_002_037/CNRSMH_E_2011_002_037_03.wav;CNRSMH_E_2011_002_037_
items/import/new/CNRSMH_E_2011_002_037/CNRSMH_E_2011_002_037_04.wav;CNRSMH_E_2011_002_037_
items/import/new/CNRSMH_E_2011_002_037/CNRSMH_E_2011_002_037_05.wav;CNRSMH_E_2011_002_037_
items/import/new/CNRSMH_E_2011_002_037/CNRSMH_E_2011_002_037_06.wav;CNRSMH_E_2011_002_037_
items/import/new/CNRSMH_E_2011_002_037/CNRSMH_E_2011_002_037_07.wav;CNRSMH_E_2011_002_037_
items/import/new/CNRSMH_E_2011_002_037/CNRSMH_E_2011_002_037_08.wav;CNRSMH_E_2011_002_037_
items/import/new/CNRSMH_E_2011_002_037/CNRSMH_E_2011_002_037_09.wav;CNRSMH_E_2011_002_037_
items/import/new/CNRSMH_E_2011_002_037/CNRSMH_E_2011_002_037_10.wav;CNRSMH_E_2011_002_037_
items/import/new/CNRSMH_E_2011_002_038/CNRSMH_E_2011_002_038_01.wav;CNRSMH_E_2011_002_038_
items/import/new/CNRSMH_E_2011_002_038/CNRSMH_E_2011_002_038_02.wav;CNRSMH_E_2011_002_038_
items/import/new/CNRSMH_E_2011_002_038/CNRSMH_E_2011_002_038_03.wav;CNRSMH_E_2011_002_038_
items/import/new/CNRSMH_E_2011_002_038/CNRSMH_E_2011_002_038_04.wav;CNRSMH_E_2011_002_038_
items/import/new/CNRSMH_E_2011_002_038/CNRSMH_E_2011_002_038_05.wav;CNRSMH_E_2011_002_038_
items/import/new/CNRSMH_E_2011_002_038/CNRSMH_E_2011_002_038_06.wav;CNRSMH_E_2011_002_038_
items/import/new/CNRSMH_E_2011_002_038/CNRSMH_E_2011_002_038_07.wav;CNRSMH_E_2011_002_038_
items/import/new/CNRSMH_E_2011_002_038/CNRSMH_E_2011_002_038_08.wav;CNRSMH_E_2011_002_038_
items/import/new/CNRSMH_E_2011_002_038/CNRSMH_E_2011_002_038_09.wav;CNRSMH_E_2011_002_038_
items/import/new/CNRSMH_E_2011_002_038/CNRSMH_E_2011_002_038_10.wav;CNRSMH_E_2011_002_038_
items/import/new/CNRSMH_E_2011_002_038/CNRSMH_E_2011_002_038_11.wav;CNRSMH_E_2011_002_038_
items/import/new/CNRSMH_E_2011_002_038/CNRSMH_E_2011_002_038_12.wav;CNRSMH_E_2011_002_038_
items/import/new/CNRSMH_E_2011_002_038/CNRSMH_E_2011_002_038_13.wav;CNRSMH_E_2011_002_038_
items/import/new/CNRSMH_E_2011_002_038/CNRSMH_E_2011_002_038_14.wav;CNRSMH_E_2011_002_038_
items/import/new/CNRSMH_E_2011_002_038/CNRSMH_E_2011_002_038_15.wav;CNRSMH_E_2011_002_038_
items/import/new/CNRSMH_E_2011_002_038/CNRSMH_E_2011_002_038_16.wav;CNRSMH_E_2011_002_038_
items/import/new/CNRSMH_E_2011_002_038/CNRSMH_E_2011_002_038_17.wav;CNRSMH_E_2011_002_038_
items/import/new/CNRSMH_E_2011_002_039/CNRSMH_E_2011_002_039_01.wav;CNRSMH_E_2011_002_039_
items/import/new/CNRSMH_E_2011_002_039/CNRSMH_E_2011_002_039_02.wav;CNRSMH_E_2011_002_039_
items/import/new/CNRSMH_E_2011_002_039/CNRSMH_E_2011_002_039_03.wav;CNRSMH_E_2011_002_039_
items/import/new/CNRSMH_E_2011_002_039/CNRSMH_E_2011_002_039_04.wav;CNRSMH_E_2011_002_039_
items/import/new/CNRSMH_E_2011_002_039/CNRSMH_E_2011_002_039_05.wav;CNRSMH_E_2011_002_039_
items/import/new/CNRSMH_E_2011_002_039/CNRSMH_E_2011_002_039_06.wav;CNRSMH_E_2011_002_039_
items/import/new/CNRSMH_E_2011_002_039/CNRSMH_E_2011_002_039_07.wav;CNRSMH_E_2011_002_039_
items/import/new/CNRSMH_E_2011_002_039/CNRSMH_E_2011_002_039_08.wav;CNRSMH_E_2011_002_039_
items/import/new/CNRSMH_E_2011_002_039/CNRSMH_E_2011_002_039_09.wav;CNRSMH_E_2011_002_039_
items/import/new/CNRSMH_E_2011_002_039/CNRSMH_E_2011_002_039_10.wav;CNRSMH_E_2011_002_039_
items/import/new/CNRSMH_E_2011_002_040/CNRSMH_E_2011_002_040_001_01.wav;CNRSMH_E_2011_002_040_
items/import/new/CNRSMH_E_2011_002_040/CNRSMH_E_2011_002_040_001_02.wav;CNRSMH_E_2011_002_040_
items/import/new/CNRSMH_E_2011_002_040/CNRSMH_E_2011_002_040_002_01.wav;CNRSMH_E_2011_002_040_
items/import/new/CNRSMH_E_2011_002_040/CNRSMH_E_2011_002_040_002_02.wav;CNRSMH_E_2011_002_040_
items/import/new/CNRSMH_E_2011_002_040/CNRSMH_E_2011_002_040_003_01.wav;CNRSMH_E_2011_002_040_
items/import/new/CNRSMH_E_2011_002_040/CNRSMH_E_2011_002_040_003_02.wav;CNRSMH_E_2011_002_040_
items/import/new/CNRSMH_E_2011_002_040/CNRSMH_E_2011_002_040_004_01.wav;CNRSMH_E_2011_002_040_
items/import/new/CNRSMH_E_2011_002_040/CNRSMH_E_2011_002_040_004_02.wav;CNRSMH_E_2011_002_040_
items/import/new/CNRSMH_E_2011_002_043/CNRSMH_E_2011_002_043_01.wav;CNRSMH_E_2011_002_043_
items/import/new/CNRSMH_E_2011_002_043/CNRSMH_E_2011_002_043_02.wav;CNRSMH_E_2011_002_043_
items/import/new/CNRSMH_E_2011_002_043/CNRSMH_E_2011_002_043_03.wav;CNRSMH_E_2011_002_043_
items/import/new/CNRSMH_E_2011_002_043/CNRSMH_E_2011_002_043_04.wav;CNRSMH_E_2011_002_043_
items/import/new/CNRSMH_E_2011_002_043/CNRSMH_E_2011_002_043_05.wav;CNRSMH_E_2011_002_043_
items/import/new/CNRSMH_E_2011_002_043/CNRSMH_E_2011_002_043_06.wav;CNRSMH_E_2011_002_043_
items/import/new/CNRSMH_E_2011_002_043/CNRSMH_E_2011_002_043_07.wav;CNRSMH_E_2011_002_043_
items/import/new/CNRSMH_E_2011_002_043/CNRSMH_E_2011_002_043_08.wav;CNRSMH_E_2011_002_043_
items/import/new/CNRSMH_E_2011_002_043/CNRSMH_E_2011_002_043_09.wav;CNRSMH_E_2011_002_043_
items/import/new/CNRSMH_E_2011_002_045/CNRSMH_E_2011_002_045_001_01.wav;CNRSMH_E_2011_002_045_
items/import/new/CNRSMH_E_2011_002_045/CNRSMH_E_2011_002_045_001_02.wav;CNRSMH_E_2011_002_045_
items/import/new/CNRSMH_E_2011_002_045/CNRSMH_E_2011_002_045_001_03.wav;CNRSMH_E_2011_002_045_
items/import/new/CNRSMH_E_2011_002_045/CNRSMH_E_2011_002_045_001_04.wav;CNRSMH_E_2011_002_045_
items/import/new/CNRSMH_E_2011_002_045/CNRSMH_E_2011_002_045_001_05.wav;CNRSMH_E_2011_002_045_
items/import/new/CNRSMH_E_2011_002_045/CNRSMH_E_2011_002_045_001_06.wav;CNRSMH_E_2011_002_045_
items/import/new/CNRSMH_E_2011_002_045/CNRSMH_E_2011_002_045_001_07.wav;CNRSMH_E_2011_002_045_
items/import/new/CNRSMH_E_2011_002_045/CNRSMH_E_2011_002_045_001_08.wav;CNRSMH_E_2011_002_045_
items/import/new/CNRSMH_E_2011_002_045/CNRSMH_E_2011_002_045_001_09.wav;CNRSMH_E_2011_002_045_
items/import/new/CNRSMH_E_2011_002_045/CNRSMH_E_2011_002_045_001_10.wav;CNRSMH_E_2011_002_045_
items/import/new/CNRSMH_E_2011_002_045/CNRSMH_E_2011_002_045_001_11.wav;CNRSMH_E_2011_002_045_
items/import/new/CNRSMH_E_2011_002_045/CNRSMH_E_2011_002_045_001_12.wav;CNRSMH_E_2011_002_045_
items/import/new/CNRSMH_E_2011_002_045/CNRSMH_E_2011_002_045_001_13.wav;CNRSMH_E_2011_002_045_
items/import/new/CNRSMH_E_2011_002_045/CNRSMH_E_2011_002_045_001_14.wav;CNRSMH_E_2011_002_045_
items/import/new/CNRSMH_E_2011_002_045/CNRSMH_E_2011_002_045_001_15.wav;CNRSMH_E_2011_002_045_
items/import/new/CNRSMH_E_2011_002_045/CNRSMH_E_2011_002_045_001_16.wav;CNRSMH_E_2011_002_045_
items/import/new/CNRSMH_E_2011_002_049/CNRSMH_E_2011_002_049_01.wav;CNRSMH_E_2011_002_049_
items/import/new/CNRSMH_E_2011_002_049/CNRSMH_E_2011_002_049_02.wav;CNRSMH_E_2011_002_049_
items/import/new/CNRSMH_E_2011_002_049/CNRSMH_E_2011_002_049_03.wav;CNRSMH_E_2011_002_049_
items/import/new/CNRSMH_E_2011_002_049/CNRSMH_E_2011_002_049_04.wav;CNRSMH_E_2011_002_049_
items/import/new/CNRSMH_E_2011_002_049/CNRSMH_E_2011_002_049_05.wav;CNRSMH_E_2011_002_049_
items/import/new/CNRSMH_E_2011_002_049/CNRSMH_E_2011_002_049_06.wav;CNRSMH_E_2011_002_049_
items/import/new/CNRSMH_E_2011_002_050/CNRSMH_E_2011_002_050_01.wav;CNRSMH_E_2011_002_050_
items/import/new/CNRSMH_E_2011_002_050/CNRSMH_E_2011_002_050_02.wav;CNRSMH_E_2011_002_050_
items/import/new/CNRSMH_E_2011_002_050/CNRSMH_E_2011_002_050_03.wav;CNRSMH_E_2011_002_050_
items/import/new/CNRSMH_E_2011_002_050/CNRSMH_E_2011_002_050_04.wav;CNRSMH_E_2011_002_050_
items/import/new/CNRSMH_E_2011_002_050/CNRSMH_E_2011_002_050_05.wav;CNRSMH_E_2011_002_050_
items/import/new/CNRSMH_E_2011_002_050/CNRSMH_E_2011_002_050_06.wav;CNRSMH_E_2011_002_050_
items/import/new/CNRSMH_E_2011_002_058/CNRSMH_E_2011_002_058_01.wav;CNRSMH_E_2011_002_058_
items/import/new/CNRSMH_E_2011_002_058/CNRSMH_E_2011_002_058_02.wav;CNRSMH_E_2011_002_058_
items/import/new/CNRSMH_E_2011_002_058/CNRSMH_E_2011_002_058_03.wav;CNRSMH_E_2011_002_058_
items/import/new/CNRSMH_E_2011_002_058/CNRSMH_E_2011_002_058_04.wav;CNRSMH_E_2011_002_058_
items/import/new/CNRSMH_E_2011_002_058/CNRSMH_E_2011_002_058_05.wav;CNRSMH_E_2011_002_058_
items/import/new/CNRSMH_E_2011_002_058/CNRSMH_E_2011_002_058_06.wav;CNRSMH_E_2011_002_058_
items/import/new/CNRSMH_E_2011_002_058/CNRSMH_E_2011_002_058_07.wav;CNRSMH_E_2011_002_058_
items/import/new/CNRSMH_E_2011_002_058/CNRSMH_E_2011_002_058_08.wav;CNRSMH_E_2011_002_058_
items/import/new/CNRSMH_E_2015_103_001/CNRSMH_E_2015_103_001_001.wav;CNRSMH_E_2015_103_001_
items/import/new/CNRSMH_E_2015_103_001/CNRSMH_E_2015_103_001_002.wav;CNRSMH_E_2015_103_001_
items/import/new/CNRSMH_E_2015_103_001/CNRSMH_E_2015_103_001_003.wav;CNRSMH_E_2015_103_001_
items/import/new/CNRSMH_E_2015_103_001/CNRSMH_E_2015_103_001_004.wav;CNRSMH_E_2015_103_001_
items/import/new/CNRSMH_E_2015_103_001/CNRSMH_E_2015_103_001_005.wav;CNRSMH_E_2015_103_001_
items/import/new/CNRSMH_E_2015_103_001/CNRSMH_E_2015_103_001_006.wav;CNRSMH_E_2015_103_001_
items/import/new/CNRSMH_E_2015_103_001/CNRSMH_E_2015_103_001_007.wav;CNRSMH_E_2015_103_001_
items/import/new/CNRSMH_E_2015_103_001/CNRSMH_E_2015_103_001_008.wav;CNRSMH_E_2015_103_001_
items/import/new/CNRSMH_E_2015_103_001/CNRSMH_E_2015_103_001_009.wav;CNRSMH_E_2015_103_001_
items/import/new/CNRSMH_E_2015_103_001/CNRSMH_E_2015_103_001_010.wav;CNRSMH_E_2015_103_001_
items/import/new/CNRSMH_E_2015_103_001/CNRSMH_E_2015_103_001_011.wav;CNRSMH_E_2015_103_001_
items/import/new/CNRSMH_E_2015_103_001/CNRSMH_E_2015_103_001_012.wav;CNRSMH_E_2015_103_001_
items/import/new/CNRSMH_E_2015_103_001/CNRSMH_E_2015_103_001_013.wav;CNRSMH_E_2015_103_001_
items/import/new/CNRSMH_E_2015_103_001/CNRSMH_E_2015_103_001_014.wav;CNRSMH_E_2015_103_001_
items/import/new/CNRSMH_E_2015_103_001/CNRSMH_E_2015_103_001_015.wav;CNRSMH_E_2015_103_001_
items/import/new/CNRSMH_E_2015_103_001/CNRSMH_E_2015_103_001_016.wav;CNRSMH_E_2015_103_001_
items/import/new/CNRSMH_E_2015_103_001/CNRSMH_E_2015_103_001_017.wav;CNRSMH_E_2015_103_001_
items/import/new/CNRSMH_E_2015_103_001/CNRSMH_E_2015_103_001_018.wav;CNRSMH_E_2015_103_001_
items/import/new/CNRSMH_E_2015_103_001/CNRSMH_E_2015_103_001_019.wav;CNRSMH_E_2015_103_001_
items/import/new/CNRSMH_E_2015_104_001/CNRSMH_E_2015_104_001_001.wav;CNRSMH_E_2015_104_001_
items/import/new/CNRSMH_E_2015_104_001/CNRSMH_E_2015_104_001_002.wav;CNRSMH_E_2015_104_001_
items/import/new/CNRSMH_E_2015_104_001/CNRSMH_E_2015_104_001_003.wav;CNRSMH_E_2015_104_001_
items/import/new/CNRSMH_E_2015_104_001/CNRSMH_E_2015_104_001_004.wav;CNRSMH_E_2015_104_001_
items/import/new/CNRSMH_E_2015_104_001/CNRSMH_E_2015_104_001_005.wav;CNRSMH_E_2015_104_001_
items/import/new/CNRSMH_E_2015_104_001/CNRSMH_E_2015_104_001_006.wav;CNRSMH_E_2015_104_001_
items/import/new/CNRSMH_E_2015_104_001/CNRSMH_E_2015_104_001_007.wav;CNRSMH_E_2015_104_001_
items/import/new/CNRSMH_E_2015_104_001/CNRSMH_E_2015_104_001_008.wav;CNRSMH_E_2015_104_001_
items/import/new/CNRSMH_E_2015_104_001/CNRSMH_E_2015_104_001_009.wav;CNRSMH_E_2015_104_001_
items/import/new/CNRSMH_E_2015_104_001/CNRSMH_E_2015_104_001_010.wav;CNRSMH_E_2015_104_001_
items/import/new/CNRSMH_E_2015_104_001/CNRSMH_E_2015_104_001_011.wav;CNRSMH_E_2015_104_001_
items/import/new/CNRSMH_E_2015_104_001/CNRSMH_E_2015_104_001_012.wav;CNRSMH_E_2015_104_001_
items/import/new/CNRSMH_E_2015_104_001/CNRSMH_E_2015_104_001_013.wav;CNRSMH_E_2015_104_001_
items/import/new/CNRSMH_E_2015_104_001/CNRSMH_E_2015_104_001_014.wav;CNRSMH_E_2015_104_001_
items/import/new/CNRSMH_E_2015_104_001/CNRSMH_E_2015_104_001_015.wav;CNRSMH_E_2015_104_001_
items/import/new/CNRSMH_E_2015_104_001/CNRSMH_E_2015_104_001_016.wav;CNRSMH_E_2015_104_001_
items/import/new/CNRSMH_E_2015_104_001/CNRSMH_E_2015_104_001_017.wav;CNRSMH_E_2015_104_001_
items/import/new/CNRSMH_E_2015_104_001/CNRSMH_E_2015_104_001_018.wav;CNRSMH_E_2015_104_001_
items/import/new/CNRSMH_E_2015_106_001/CNRSMH_E_2015_106_001_001.wav;CNRSMH_E_2015_106_001_
items/import/new/CNRSMH_E_2015_106_001/CNRSMH_E_2015_106_001_002.wav;CNRSMH_E_2015_106_001_
items/import/new/CNRSMH_E_2015_106_001/CNRSMH_E_2015_106_001_003.wav;CNRSMH_E_2015_106_001_
items/import/new/CNRSMH_E_2015_106_001/CNRSMH_E_2015_106_001_004.wav;CNRSMH_E_2015_106_001_
items/import/new/CNRSMH_E_2015_106_001/CNRSMH_E_2015_106_001_005.wav;CNRSMH_E_2015_106_001_
items/import/new/CNRSMH_E_2015_106_001/CNRSMH_E_2015_106_001_006.wav;CNRSMH_E_2015_106_001_
items/import/new/CNRSMH_E_2015_107_001/CNRSMH_E_2015_107_001_001.wav;CNRSMH_E_2015_107_001_
items/import/new/CNRSMH_E_2015_107_001/CNRSMH_E_2015_107_001_002.wav;CNRSMH_E_2015_107_001_
items/import/new/CNRSMH_E_2015_108_001/CNRSMH_E_2015_108_001_001.wav;CNRSMH_E_2015_108_001_
items/import/new/CNRSMH_E_2015_108_001/CNRSMH_E_2015_108_001_002.wav;CNRSMH_E_2015_108_001_
items/import/new/CNRSMH_E_2015_108_001/CNRSMH_E_2015_108_001_003.wav;CNRSMH_E_2015_108_001_
items/import/new/CNRSMH_E_2015_108_001/CNRSMH_E_2015_108_001_004.wav;CNRSMH_E_2015_108_001_
items/import/new/CNRSMH_E_2015_108_001/CNRSMH_E_2015_108_001_005.wav;CNRSMH_E_2015_108_001_
items/import/new/CNRSMH_E_2015_108_001/CNRSMH_E_2015_108_001_006.wav;CNRSMH_E_2015_108_001_
items/import/new/CNRSMH_E_2015_108_001/CNRSMH_E_2015_108_001_007.wav;CNRSMH_E_2015_108_001_
items/import/new/CNRSMH_E_2015_108_001/CNRSMH_E_2015_108_001_008.wav;CNRSMH_E_2015_108_001_
items/import/new/CNRSMH_E_2015_108_001/CNRSMH_E_2015_108_001_009.wav;CNRSMH_E_2015_108_001_
items/import/new/CNRSMH_E_2015_109_001/CNRSMH_E_2015_109_001_001.wav;CNRSMH_E_2015_109_001_
items/import/new/CNRSMH_E_2015_109_001/CNRSMH_E_2015_109_001_002.wav;CNRSMH_E_2015_109_001_
items/import/new/CNRSMH_E_2015_109_001/CNRSMH_E_2015_109_001_003.wav;CNRSMH_E_2015_109_001_
items/import/new/CNRSMH_E_2015_109_001/CNRSMH_E_2015_109_001_004.wav;CNRSMH_E_2015_109_001_
items/import/new/CNRSMH_E_2015_109_001/CNRSMH_E_2015_109_001_005.wav;CNRSMH_E_2015_109_001_
items/import/new/CNRSMH_E_2015_109_001/CNRSMH_E_2015_109_001_006.wav;CNRSMH_E_2015_109_001_
items/import/new/CNRSMH_E_2015_109_001/CNRSMH_E_2015_109_001_007.wav;CNRSMH_E_2015_109_001_
items/import/new/CNRSMH_E_2015_109_001/CNRSMH_E_2015_109_001_008.wav;CNRSMH_E_2015_109_001_
items/import/new/CNRSMH_E_2015_109_001/CNRSMH_E_2015_109_001_009.wav;CNRSMH_E_2015_109_001_
items/import/new/CNRSMH_E_2015_109_001/CNRSMH_E_2015_109_001_010.wav;CNRSMH_E_2015_109_001_
items/import/new/CNRSMH_E_2015_109_001/CNRSMH_E_2015_109_001_011.wav;CNRSMH_E_2015_109_001_
items/import/new/CNRSMH_E_2015_109_001/CNRSMH_E_2015_109_001_012.wav;CNRSMH_E_2015_109_001_
items/import/new/CNRSMH_E_2015_109_001/CNRSMH_E_2015_109_001_013.wav;CNRSMH_E_2015_109_001_
items/import/new/CNRSMH_E_2015_110_001/CNRSMH_E_2015_110_001_000.wav;CNRSMH_E_2015_110_001_
items/import/new/CNRSMH_E_2015_110_001/CNRSMH_E_2015_110_001_001.wav;CNRSMH_E_2015_110_001_
items/import/new/CNRSMH_E_2015_110_001/CNRSMH_E_2015_110_001_002.wav;CNRSMH_E_2015_110_001_
items/import/new/CNRSMH_E_2015_110_001/CNRSMH_E_2015_110_001_003.wav;CNRSMH_E_2015_110_001_
items/import/new/CNRSMH_E_2015_110_001/CNRSMH_E_2015_110_001_004.wav;CNRSMH_E_2015_110_001_
items/import/new/CNRSMH_E_2015_110_001/CNRSMH_E_2015_110_001_005.wav;CNRSMH_E_2015_110_001_
items/import/new/CNRSMH_E_2015_110_001/CNRSMH_E_2015_110_001_006.wav;CNRSMH_E_2015_110_001_
items/import/new/CNRSMH_E_2015_110_001/CNRSMH_E_2015_110_001_007.wav;CNRSMH_E_2015_110_001_
items/import/new/CNRSMH_E_2015_110_001/CNRSMH_E_2015_110_001_008.wav;CNRSMH_E_2015_110_001_
items/import/new/CNRSMH_E_2015_110_001/CNRSMH_E_2015_110_001_009.wav;CNRSMH_E_2015_110_001_
items/import/new/CNRSMH_E_2015_110_001/CNRSMH_E_2015_110_001_010.wav;CNRSMH_E_2015_110_001_
items/import/new/CNRSMH_E_2015_110_001/CNRSMH_E_2015_110_001_011.wav;CNRSMH_E_2015_110_001_
items/import/new/CNRSMH_E_2015_110_001/CNRSMH_E_2015_110_001_012.wav;CNRSMH_E_2015_110_001_
items/import/new/CNRSMH_E_2015_110_001/CNRSMH_E_2015_110_001_013.wav;CNRSMH_E_2015_110_001_
items/import/new/CNRSMH_E_2015_110_001/CNRSMH_E_2015_110_001_014.wav;CNRSMH_E_2015_110_001_
items/import/new/CNRSMH_E_2015_110_001/CNRSMH_E_2015_110_001_015.wav;CNRSMH_E_2015_110_001_
items/import/new/CNRSMH_E_2015_110_001/CNRSMH_E_2015_110_001_016.wav;CNRSMH_E_2015_110_001_
items/import/new/CNRSMH_E_2015_110_001/CNRSMH_E_2015_110_001_017.wav;CNRSMH_E_2015_110_001_
items/import/new/CNRSMH_E_2015_110_001/CNRSMH_E_2015_110_001_018.wav;CNRSMH_E_2015_110_001_
items/import/new/CNRSMH_E_2015_110_001/CNRSMH_E_2015_110_001_019.wav;CNRSMH_E_2015_110_001_
items/import/new/CNRSMH_E_2015_110_001/CNRSMH_E_2015_110_001_020.wav;CNRSMH_E_2015_110_001_
items/import/new/CNRSMH_E_2015_110_001/CNRSMH_E_2015_110_001_021.wav;CNRSMH_E_2015_110_001_
items/import/new/CNRSMH_E_2018_005_001/CNRSMH_E_2018_005_001_001_01.wav;CNRSMH_E_2018_005_001_
items/import/new/CNRSMH_E_2018_005_001/CNRSMH_E_2018_005_001_001_02.wav;CNRSMH_E_2018_005_001_
items/import/new/CNRSMH_E_2018_005_001/CNRSMH_E_2018_005_001_001_03.wav;CNRSMH_E_2018_005_001_
items/import/new/CNRSMH_E_2018_005_001/CNRSMH_E_2018_005_001_001_04.wav;CNRSMH_E_2018_005_001_
items/import/new/CNRSMH_E_2018_005_001/CNRSMH_E_2018_005_001_001_05.wav;CNRSMH_E_2018_005_001_
items/import/new/CNRSMH_E_2018_005_001/CNRSMH_E_2018_005_001_001_06.wav;CNRSMH_E_2018_005_001_
items/import/new/CNRSMH_E_2018_005_001/CNRSMH_E_2018_005_001_001_07.wav;CNRSMH_E_2018_005_001_
items/import/new/CNRSMH_E_2018_005_001/CNRSMH_E_2018_005_001_001_08.wav;CNRSMH_E_2018_005_001_
items/import/new/CNRSMH_E_2018_005_001/CNRSMH_E_2018_005_001_001_09.wav;CNRSMH_E_2018_005_001_
items/import/new/CNRSMH_E_2018_005_001/CNRSMH_E_2018_005_001_001_10.wav;CNRSMH_E_2018_005_001_
items/import/new/CNRSMH_E_2018_005_001/CNRSMH_E_2018_005_001_001_11.wav;CNRSMH_E_2018_005_001_
items/import/new/CNRSMH_E_2018_005_001/CNRSMH_E_2018_005_001_001_12.wav;CNRSMH_E_2018_005_001_
items/import/new/CNRSMH_E_2018_005_001/CNRSMH_E_2018_005_001_001_13.wav;CNRSMH_E_2018_005_001_
items/import/new/CNRSMH_E_2018_005_001/CNRSMH_E_2018_005_001_001_14.wav;CNRSMH_E_2018_005_001_
items/import/new/CNRSMH_E_2018_005_001/CNRSMH_E_2018_005_001_001_15.wav;CNRSMH_E_2018_005_001_
items/import/new/CNRSMH_E_2018_005_001/CNRSMH_E_2018_005_001_001_16.wav;CNRSMH_E_2018_005_001_
items/import/new/CNRSMH_E_2018_005_001/CNRSMH_E_2018_005_001_001_17.wav;CNRSMH_E_2018_005_001_
items/import/new/CNRSMH_E_2018_005_001/CNRSMH_E_2018_005_001_001_18.wav;CNRSMH_E_2018_005_001_
items/import/new/CNRSMH_E_2018_005_001/CNRSMH_E_2018_005_001_001_19.wav;CNRSMH_E_2018_005_001_
items/import/new/CNRSMH_E_2018_005_001/CNRSMH_E_2018_005_001_001_20.wav;CNRSMH_E_2018_005_001_
items/import/new/CNRSMH_E_2018_005_001/CNRSMH_E_2018_005_001_001_21.wav;CNRSMH_E_2018_005_001_
items/import/new/CNRSMH_E_2018_005_001/CNRSMH_E_2018_005_001_002_01.wav;CNRSMH_E_2018_005_001_
items/import/new/CNRSMH_E_2018_005_001/CNRSMH_E_2018_005_001_002_02.wav;CNRSMH_E_2018_005_001_
items/import/new/CNRSMH_E_2018_005_001/CNRSMH_E_2018_005_001_002_03.wav;CNRSMH_E_2018_005_001_
items/import/new/CNRSMH_E_2018_005_001/CNRSMH_E_2018_005_001_002_04.wav;CNRSMH_E_2018_005_001_
items/import/new/CNRSMH_E_2018_005_001/CNRSMH_E_2018_005_001_002_05.wav;CNRSMH_E_2018_005_001_
items/import/new/CNRSMH_E_2018_005_001/CNRSMH_E_2018_005_001_002_06.wav;CNRSMH_E_2018_005_001_
items/import/new/CNRSMH_E_2018_005_001/CNRSMH_E_2018_005_001_002_07.wav;CNRSMH_E_2018_005_001_
items/import/new/CNRSMH_E_2018_005_001/CNRSMH_E_2018_005_001_002_08.wav;CNRSMH_E_2018_005_001_
items/import/new/CNRSMH_E_2018_005_001/CNRSMH_E_2018_005_001_002_09.wav;CNRSMH_E_2018_005_001_
items/import/new/CNRSMH_E_2018_005_001/CNRSMH_E_2018_005_001_002_10.wav;CNRSMH_E_2018_005_001_
items/import/new/CNRSMH_E_2018_005_001/CNRSMH_E_2018_005_001_002_11.wav;CNRSMH_E_2018_005_001_
items/import/new/CNRSMH_E_2018_005_001/CNRSMH_E_2018_005_001_002_12.wav;CNRSMH_E_2018_005_001_
items/import/new/CNRSMH_E_2018_005_001/CNRSMH_E_2018_005_001_002_13.wav;CNRSMH_E_2018_005_001_
items/import/new/CNRSMH_E_2018_005_001/CNRSMH_E_2018_005_001_002_14.wav;CNRSMH_E_2018_005_001_
items/import/new/CNRSMH_E_2018_005_001/CNRSMH_E_2018_005_001_002_15.wav;CNRSMH_E_2018_005_001_
items/import/new/CNRSMH_E_2018_005_001/CNRSMH_E_2018_005_001_002_16.wav;CNRSMH_E_2018_005_001_
items/import/new/CNRSMH_E_2018_005_001/CNRSMH_E_2018_005_001_002_17.wav;CNRSMH_E_2018_005_001_
items/import/new/CNRSMH_E_2018_005_001/CNRSMH_E_2018_005_001_002_18.wav;CNRSMH_E_2018_005_001_
items/import/new/CNRSMH_E_2018_005_001/CNRSMH_E_2018_005_001_002_19.wav;CNRSMH_E_2018_005_001_
items/import/new/CNRSMH_E_2018_005_001/CNRSMH_E_2018_005_001_002_20.wav;CNRSMH_E_2018_005_001_
items/import/new/CNRSMH_E_2018_005_001/CNRSMH_E_2018_005_001_002_21.wav;CNRSMH_E_2018_005_001_
items/import/new/CNRSMH_E_2018_005_001/CNRSMH_E_2018_005_001_002_22.wav;CNRSMH_E_2018_005_001_
items/import/new/CNRSMH_E_2018_005_001/CNRSMH_E_2018_005_001_003_01.wav;CNRSMH_E_2018_005_001_
items/import/new/CNRSMH_E_2018_005_001/CNRSMH_E_2018_005_001_003_02.wav;CNRSMH_E_2018_005_001_
items/import/new/CNRSMH_E_2018_005_001/CNRSMH_E_2018_005_001_003_03.wav;CNRSMH_E_2018_005_001_
items/import/new/CNRSMH_E_2018_005_001/CNRSMH_E_2018_005_001_003_04.wav;CNRSMH_E_2018_005_001_
items/import/new/CNRSMH_E_2018_005_001/CNRSMH_E_2018_005_001_003_05.wav;CNRSMH_E_2018_005_001_
items/import/new/CNRSMH_E_2018_005_001/CNRSMH_E_2018_005_001_003_06.wav;CNRSMH_E_2018_005_001_
items/import/new/CNRSMH_E_2018_005_001/CNRSMH_E_2018_005_001_003_07.wav;CNRSMH_E_2018_005_001_
items/import/new/CNRSMH_E_2018_005_001/CNRSMH_E_2018_005_001_003_08.wav;CNRSMH_E_2018_005_001_
items/import/new/CNRSMH_E_2018_005_001/CNRSMH_E_2018_005_001_003_09.wav;CNRSMH_E_2018_005_001_
items/import/new/CNRSMH_E_2018_005_001/CNRSMH_E_2018_005_001_003_10.wav;CNRSMH_E_2018_005_001_
items/import/new/CNRSMH_E_2018_005_001/CNRSMH_E_2018_005_001_004_01.wav;CNRSMH_E_2018_005_001_
items/import/new/CNRSMH_E_2018_005_001/CNRSMH_E_2018_005_001_004_02.wav;CNRSMH_E_2018_005_001_
items/import/new/CNRSMH_E_2018_005_001/CNRSMH_E_2018_005_001_004_03.wav;CNRSMH_E_2018_005_001_
items/import/new/CNRSMH_E_2018_005_001/CNRSMH_E_2018_005_001_004_04.wav;CNRSMH_E_2018_005_001_
items/import/new/CNRSMH_E_2018_005_001/CNRSMH_E_2018_005_001_004_05.wav;CNRSMH_E_2018_005_001_
items/import/new/CNRSMH_E_2018_005_001/CNRSMH_E_2018_005_001_004_06.wav;CNRSMH_E_2018_005_001_
items/import/new/CNRSMH_E_2018_005_001/CNRSMH_E_2018_005_001_004_07.wav;CNRSMH_E_2018_005_001_
items/import/new/CNRSMH_E_2018_005_001/CNRSMH_E_2018_005_001_004_08.wav;CNRSMH_E_2018_005_001_
items/import/new/CNRSMH_E_2018_005_001/CNRSMH_E_2018_005_001_004_09.wav;CNRSMH_E_2018_005_001_
items/import/new/CNRSMH_E_2018_005_001/CNRSMH_E_2018_005_001_004_10.wav;CNRSMH_E_2018_005_001_
items/import/new/CNRSMH_E_2018_005_001/CNRSMH_E_2018_005_001_004_11.wav;CNRSMH_E_2018_005_001_
items/import/new/CNRSMH_E_2018_005_001/CNRSMH_E_2018_005_001_004_12.wav;CNRSMH_E_2018_005_001_
items/import/new/CNRSMH_E_2018_005_001/CNRSMH_E_2018_005_001_004_13.wav;CNRSMH_E_2018_005_001_
items/import/new/CNRSMH_E_2018_006_001/CNRSMH_E_2018_006_001_01.wav;CNRSMH_E_2018_006_001_
items/import/new/CNRSMH_E_2018_006_001/CNRSMH_E_2018_006_001_02.wav;CNRSMH_E_2018_006_001_
items/import/new/CNRSMH_E_2018_006_001/CNRSMH_E_2018_006_001_03.wav;CNRSMH_E_2018_006_001_
items/import/new/CNRSMH_E_2018_006_001/CNRSMH_E_2018_006_001_04.wav;CNRSMH_E_2018_006_001_
items/import/new/CNRSMH_E_2018_006_001/CNRSMH_E_2018_006_001_05.wav;CNRSMH_E_2018_006_001_
items/import/new/CNRSMH_E_2018_006_001/CNRSMH_E_2018_006_001_06.wav;CNRSMH_E_2018_006_001_
items/import/new/CNRSMH_E_2018_006_001/CNRSMH_E_2018_006_001_07.wav;CNRSMH_E_2018_006_001_
items/import/new/CNRSMH_E_2018_024_001/CNRSMH_E_2018_024_001_005_01.webm;CNRSMH_E_2018_024_001_
